TimeQuest Timing Analyzer report for hdl_project
Wed May 13 11:10:02 2026
Quartus II 64-Bit Version 13.0.1 Build 232 06/12/2013 Service Pack 1 SJ Web Edition


---------------------
; Table of Contents ;
---------------------
  1. Legal Notice
  2. TimeQuest Timing Analyzer Summary
  3. Parallel Compilation
  4. Clocks
  5. Slow Model Fmax Summary
  6. Slow Model Setup Summary
  7. Slow Model Hold Summary
  8. Slow Model Recovery Summary
  9. Slow Model Removal Summary
 10. Slow Model Minimum Pulse Width Summary
 11. Slow Model Setup: 'clk_divider:clk_unit|clk_60Hz'
 12. Slow Model Setup: 'CLOCK_50'
 13. Slow Model Setup: 'clk_divider:clk_unit|clk_25M'
 14. Slow Model Hold: 'CLOCK_50'
 15. Slow Model Hold: 'clk_divider:clk_unit|clk_60Hz'
 16. Slow Model Hold: 'clk_divider:clk_unit|clk_25M'
 17. Slow Model Minimum Pulse Width: 'CLOCK_50'
 18. Slow Model Minimum Pulse Width: 'clk_divider:clk_unit|clk_60Hz'
 19. Slow Model Minimum Pulse Width: 'clk_divider:clk_unit|clk_25M'
 20. Setup Times
 21. Hold Times
 22. Clock to Output Times
 23. Minimum Clock to Output Times
 24. Fast Model Setup Summary
 25. Fast Model Hold Summary
 26. Fast Model Recovery Summary
 27. Fast Model Removal Summary
 28. Fast Model Minimum Pulse Width Summary
 29. Fast Model Setup: 'clk_divider:clk_unit|clk_60Hz'
 30. Fast Model Setup: 'CLOCK_50'
 31. Fast Model Setup: 'clk_divider:clk_unit|clk_25M'
 32. Fast Model Hold: 'CLOCK_50'
 33. Fast Model Hold: 'clk_divider:clk_unit|clk_60Hz'
 34. Fast Model Hold: 'clk_divider:clk_unit|clk_25M'
 35. Fast Model Minimum Pulse Width: 'CLOCK_50'
 36. Fast Model Minimum Pulse Width: 'clk_divider:clk_unit|clk_60Hz'
 37. Fast Model Minimum Pulse Width: 'clk_divider:clk_unit|clk_25M'
 38. Setup Times
 39. Hold Times
 40. Clock to Output Times
 41. Minimum Clock to Output Times
 42. Multicorner Timing Analysis Summary
 43. Setup Times
 44. Hold Times
 45. Clock to Output Times
 46. Minimum Clock to Output Times
 47. Setup Transfers
 48. Hold Transfers
 49. Report TCCS
 50. Report RSKM
 51. Unconstrained Paths
 52. TimeQuest Timing Analyzer Messages



----------------
; Legal Notice ;
----------------
Copyright (C) 1991-2013 Altera Corporation
Your use of Altera Corporation's design tools, logic functions 
and other software and tools, and its AMPP partner logic 
functions, and any output files from any of the foregoing 
(including device programming or simulation files), and any 
associated documentation or information are expressly subject 
to the terms and conditions of the Altera Program License 
Subscription Agreement, Altera MegaCore Function License 
Agreement, or other applicable license agreement, including, 
without limitation, that your use is for the sole purpose of 
programming logic devices manufactured by Altera and sold by 
Altera or its authorized distributors.  Please refer to the 
applicable agreement for further details.



+----------------------------------------------------------------------------------------+
; TimeQuest Timing Analyzer Summary                                                      ;
+--------------------+-------------------------------------------------------------------+
; Quartus II Version ; Version 13.0.1 Build 232 06/12/2013 Service Pack 1 SJ Web Edition ;
; Revision Name      ; hdl_project                                                       ;
; Device Family      ; Cyclone II                                                        ;
; Device Name        ; EP2C35F672C6                                                      ;
; Timing Models      ; Final                                                             ;
; Delay Model        ; Combined                                                          ;
; Rise/Fall Delays   ; Unavailable                                                       ;
+--------------------+-------------------------------------------------------------------+


+------------------------------------------+
; Parallel Compilation                     ;
+----------------------------+-------------+
; Processors                 ; Number      ;
+----------------------------+-------------+
; Number detected on machine ; 16          ;
; Maximum allowed            ; 16          ;
;                            ;             ;
; Average used               ; 1.00        ;
; Maximum used               ; 1           ;
;                            ;             ;
; Usage by Processor         ; % Time Used ;
;     Processor 1            ; 100.0%      ;
;     Processors 2-16        ;   0.0%      ;
+----------------------------+-------------+


+------------------------------------------------------------------------------------------------------------------------------------------------------------------------------------------------------------------------------+
; Clocks                                                                                                                                                                                                                       ;
+-------------------------------+------+--------+------------+-------+-------+------------+-----------+-------------+-------+--------+-----------+------------+----------+--------+--------+-----------------------------------+
; Clock Name                    ; Type ; Period ; Frequency  ; Rise  ; Fall  ; Duty Cycle ; Divide by ; Multiply by ; Phase ; Offset ; Edge List ; Edge Shift ; Inverted ; Master ; Source ; Targets                           ;
+-------------------------------+------+--------+------------+-------+-------+------------+-----------+-------------+-------+--------+-----------+------------+----------+--------+--------+-----------------------------------+
; clk_divider:clk_unit|clk_25M  ; Base ; 1.000  ; 1000.0 MHz ; 0.000 ; 0.500 ;            ;           ;             ;       ;        ;           ;            ;          ;        ;        ; { clk_divider:clk_unit|clk_25M }  ;
; clk_divider:clk_unit|clk_60Hz ; Base ; 1.000  ; 1000.0 MHz ; 0.000 ; 0.500 ;            ;           ;             ;       ;        ;           ;            ;          ;        ;        ; { clk_divider:clk_unit|clk_60Hz } ;
; CLOCK_50                      ; Base ; 1.000  ; 1000.0 MHz ; 0.000 ; 0.500 ;            ;           ;             ;       ;        ;           ;            ;          ;        ;        ; { CLOCK_50 }                      ;
+-------------------------------+------+--------+------------+-------+-------+------------+-----------+-------------+-------+--------+-----------+------------+----------+--------+--------+-----------------------------------+


+---------------------------------------------------------------------+
; Slow Model Fmax Summary                                             ;
+------------+-----------------+-------------------------------+------+
; Fmax       ; Restricted Fmax ; Clock Name                    ; Note ;
+------------+-----------------+-------------------------------+------+
; 88.07 MHz  ; 88.07 MHz       ; clk_divider:clk_unit|clk_60Hz ;      ;
; 294.38 MHz ; 294.38 MHz      ; CLOCK_50                      ;      ;
; 383.44 MHz ; 383.44 MHz      ; clk_divider:clk_unit|clk_25M  ;      ;
+------------+-----------------+-------------------------------+------+
This panel reports FMAX for every clock in the design, regardless of the user-specified clock periods.  FMAX is only computed for paths where the source and destination registers or ports are driven by the same clock.  Paths of different clocks, including generated clocks, are ignored.  For paths between a clock and its inversion, FMAX is computed as if the rising and falling edges are scaled along with FMAX, such that the duty cycle (in terms of a percentage) is maintained. Altera recommends that you always use clock constraints and other slack reports for sign-off analysis.


+---------------------------------------------------------+
; Slow Model Setup Summary                                ;
+-------------------------------+---------+---------------+
; Clock                         ; Slack   ; End Point TNS ;
+-------------------------------+---------+---------------+
; clk_divider:clk_unit|clk_60Hz ; -10.355 ; -1590.709     ;
; CLOCK_50                      ; -2.397  ; -38.771       ;
; clk_divider:clk_unit|clk_25M  ; -1.608  ; -24.912       ;
+-------------------------------+---------+---------------+


+--------------------------------------------------------+
; Slow Model Hold Summary                                ;
+-------------------------------+--------+---------------+
; Clock                         ; Slack  ; End Point TNS ;
+-------------------------------+--------+---------------+
; CLOCK_50                      ; -2.538 ; -5.076        ;
; clk_divider:clk_unit|clk_60Hz ; 0.391  ; 0.000         ;
; clk_divider:clk_unit|clk_25M  ; 0.813  ; 0.000         ;
+-------------------------------+--------+---------------+


-------------------------------
; Slow Model Recovery Summary ;
-------------------------------
No paths to report.


------------------------------
; Slow Model Removal Summary ;
------------------------------
No paths to report.


+--------------------------------------------------------+
; Slow Model Minimum Pulse Width Summary                 ;
+-------------------------------+--------+---------------+
; Clock                         ; Slack  ; End Point TNS ;
+-------------------------------+--------+---------------+
; CLOCK_50                      ; -1.380 ; -23.380       ;
; clk_divider:clk_unit|clk_60Hz ; -0.500 ; -189.000      ;
; clk_divider:clk_unit|clk_25M  ; -0.500 ; -20.000       ;
+-------------------------------+--------+---------------+


+--------------------------------------------------------------------------------------------------------------------------------------------------------------------------------------+
; Slow Model Setup: 'clk_divider:clk_unit|clk_60Hz'                                                                                                                                    ;
+---------+--------------------------------+----------------------------------+-------------------------------+-------------------------------+--------------+------------+------------+
; Slack   ; From Node                      ; To Node                          ; Launch Clock                  ; Latch Clock                   ; Relationship ; Clock Skew ; Data Delay ;
+---------+--------------------------------+----------------------------------+-------------------------------+-------------------------------+--------------+------------+------------+
; -10.355 ; game_logic:game_unit|ball_y[3] ; game_logic:game_unit|bricks[27]  ; clk_divider:clk_unit|clk_60Hz ; clk_divider:clk_unit|clk_60Hz ; 1.000        ; -0.005     ; 11.386     ;
; -10.326 ; game_logic:game_unit|ball_y[6] ; game_logic:game_unit|bricks[27]  ; clk_divider:clk_unit|clk_60Hz ; clk_divider:clk_unit|clk_60Hz ; 1.000        ; -0.005     ; 11.357     ;
; -10.321 ; game_logic:game_unit|ball_y[3] ; game_logic:game_unit|bricks[58]  ; clk_divider:clk_unit|clk_60Hz ; clk_divider:clk_unit|clk_60Hz ; 1.000        ; 0.018      ; 11.375     ;
; -10.292 ; game_logic:game_unit|ball_y[6] ; game_logic:game_unit|bricks[58]  ; clk_divider:clk_unit|clk_60Hz ; clk_divider:clk_unit|clk_60Hz ; 1.000        ; 0.018      ; 11.346     ;
; -10.275 ; game_logic:game_unit|ball_y[4] ; game_logic:game_unit|bricks[27]  ; clk_divider:clk_unit|clk_60Hz ; clk_divider:clk_unit|clk_60Hz ; 1.000        ; -0.005     ; 11.306     ;
; -10.250 ; game_logic:game_unit|ball_y[3] ; game_logic:game_unit|bricks[52]  ; clk_divider:clk_unit|clk_60Hz ; clk_divider:clk_unit|clk_60Hz ; 1.000        ; 0.008      ; 11.294     ;
; -10.250 ; game_logic:game_unit|ball_y[3] ; game_logic:game_unit|bricks[20]  ; clk_divider:clk_unit|clk_60Hz ; clk_divider:clk_unit|clk_60Hz ; 1.000        ; 0.008      ; 11.294     ;
; -10.242 ; game_logic:game_unit|dir_y     ; game_logic:game_unit|bricks[27]  ; clk_divider:clk_unit|clk_60Hz ; clk_divider:clk_unit|clk_60Hz ; 1.000        ; -0.016     ; 11.262     ;
; -10.241 ; game_logic:game_unit|ball_y[3] ; game_logic:game_unit|bricks[76]  ; clk_divider:clk_unit|clk_60Hz ; clk_divider:clk_unit|clk_60Hz ; 1.000        ; 0.014      ; 11.291     ;
; -10.241 ; game_logic:game_unit|ball_y[4] ; game_logic:game_unit|bricks[58]  ; clk_divider:clk_unit|clk_60Hz ; clk_divider:clk_unit|clk_60Hz ; 1.000        ; 0.018      ; 11.295     ;
; -10.221 ; game_logic:game_unit|ball_y[6] ; game_logic:game_unit|bricks[52]  ; clk_divider:clk_unit|clk_60Hz ; clk_divider:clk_unit|clk_60Hz ; 1.000        ; 0.008      ; 11.265     ;
; -10.221 ; game_logic:game_unit|ball_y[6] ; game_logic:game_unit|bricks[20]  ; clk_divider:clk_unit|clk_60Hz ; clk_divider:clk_unit|clk_60Hz ; 1.000        ; 0.008      ; 11.265     ;
; -10.212 ; game_logic:game_unit|ball_y[6] ; game_logic:game_unit|bricks[76]  ; clk_divider:clk_unit|clk_60Hz ; clk_divider:clk_unit|clk_60Hz ; 1.000        ; 0.014      ; 11.262     ;
; -10.210 ; game_logic:game_unit|ball_y[3] ; game_logic:game_unit|bricks[55]  ; clk_divider:clk_unit|clk_60Hz ; clk_divider:clk_unit|clk_60Hz ; 1.000        ; 0.010      ; 11.256     ;
; -10.209 ; game_logic:game_unit|ball_y[3] ; game_logic:game_unit|bricks[23]  ; clk_divider:clk_unit|clk_60Hz ; clk_divider:clk_unit|clk_60Hz ; 1.000        ; 0.010      ; 11.255     ;
; -10.208 ; game_logic:game_unit|dir_y     ; game_logic:game_unit|bricks[58]  ; clk_divider:clk_unit|clk_60Hz ; clk_divider:clk_unit|clk_60Hz ; 1.000        ; 0.007      ; 11.251     ;
; -10.199 ; game_logic:game_unit|ball_y[5] ; game_logic:game_unit|bricks[27]  ; clk_divider:clk_unit|clk_60Hz ; clk_divider:clk_unit|clk_60Hz ; 1.000        ; -0.005     ; 11.230     ;
; -10.196 ; game_logic:game_unit|ball_y[7] ; game_logic:game_unit|bricks[27]  ; clk_divider:clk_unit|clk_60Hz ; clk_divider:clk_unit|clk_60Hz ; 1.000        ; -0.005     ; 11.227     ;
; -10.187 ; game_logic:game_unit|ball_y[3] ; game_logic:game_unit|bricks[105] ; clk_divider:clk_unit|clk_60Hz ; clk_divider:clk_unit|clk_60Hz ; 1.000        ; 0.022      ; 11.245     ;
; -10.181 ; game_logic:game_unit|ball_y[6] ; game_logic:game_unit|bricks[55]  ; clk_divider:clk_unit|clk_60Hz ; clk_divider:clk_unit|clk_60Hz ; 1.000        ; 0.010      ; 11.227     ;
; -10.180 ; game_logic:game_unit|ball_y[6] ; game_logic:game_unit|bricks[23]  ; clk_divider:clk_unit|clk_60Hz ; clk_divider:clk_unit|clk_60Hz ; 1.000        ; 0.010      ; 11.226     ;
; -10.179 ; game_logic:game_unit|ball_y[3] ; game_logic:game_unit|bricks[43]  ; clk_divider:clk_unit|clk_60Hz ; clk_divider:clk_unit|clk_60Hz ; 1.000        ; 0.043      ; 11.258     ;
; -10.177 ; game_logic:game_unit|ball_y[3] ; game_logic:game_unit|bricks[42]  ; clk_divider:clk_unit|clk_60Hz ; clk_divider:clk_unit|clk_60Hz ; 1.000        ; 0.043      ; 11.256     ;
; -10.177 ; game_logic:game_unit|ball_y[3] ; game_logic:game_unit|bricks[19]  ; clk_divider:clk_unit|clk_60Hz ; clk_divider:clk_unit|clk_60Hz ; 1.000        ; 0.015      ; 11.228     ;
; -10.176 ; game_logic:game_unit|ball_y[3] ; game_logic:game_unit|bricks[90]  ; clk_divider:clk_unit|clk_60Hz ; clk_divider:clk_unit|clk_60Hz ; 1.000        ; -0.013     ; 11.199     ;
; -10.174 ; game_logic:game_unit|ball_y[3] ; game_logic:game_unit|bricks[40]  ; clk_divider:clk_unit|clk_60Hz ; clk_divider:clk_unit|clk_60Hz ; 1.000        ; 0.043      ; 11.253     ;
; -10.171 ; game_logic:game_unit|ball_y[3] ; game_logic:game_unit|bricks[89]  ; clk_divider:clk_unit|clk_60Hz ; clk_divider:clk_unit|clk_60Hz ; 1.000        ; -0.013     ; 11.194     ;
; -10.170 ; game_logic:game_unit|ball_y[4] ; game_logic:game_unit|bricks[52]  ; clk_divider:clk_unit|clk_60Hz ; clk_divider:clk_unit|clk_60Hz ; 1.000        ; 0.008      ; 11.214     ;
; -10.170 ; game_logic:game_unit|ball_y[4] ; game_logic:game_unit|bricks[20]  ; clk_divider:clk_unit|clk_60Hz ; clk_divider:clk_unit|clk_60Hz ; 1.000        ; 0.008      ; 11.214     ;
; -10.169 ; game_logic:game_unit|ball_y[3] ; game_logic:game_unit|bricks[97]  ; clk_divider:clk_unit|clk_60Hz ; clk_divider:clk_unit|clk_60Hz ; 1.000        ; 0.043      ; 11.248     ;
; -10.165 ; game_logic:game_unit|ball_y[5] ; game_logic:game_unit|bricks[58]  ; clk_divider:clk_unit|clk_60Hz ; clk_divider:clk_unit|clk_60Hz ; 1.000        ; 0.018      ; 11.219     ;
; -10.162 ; game_logic:game_unit|ball_y[7] ; game_logic:game_unit|bricks[58]  ; clk_divider:clk_unit|clk_60Hz ; clk_divider:clk_unit|clk_60Hz ; 1.000        ; 0.018      ; 11.216     ;
; -10.161 ; game_logic:game_unit|ball_y[4] ; game_logic:game_unit|bricks[76]  ; clk_divider:clk_unit|clk_60Hz ; clk_divider:clk_unit|clk_60Hz ; 1.000        ; 0.014      ; 11.211     ;
; -10.158 ; game_logic:game_unit|ball_y[6] ; game_logic:game_unit|bricks[105] ; clk_divider:clk_unit|clk_60Hz ; clk_divider:clk_unit|clk_60Hz ; 1.000        ; 0.022      ; 11.216     ;
; -10.156 ; game_logic:game_unit|ball_y[3] ; game_logic:game_unit|bricks[72]  ; clk_divider:clk_unit|clk_60Hz ; clk_divider:clk_unit|clk_60Hz ; 1.000        ; -0.013     ; 11.179     ;
; -10.156 ; game_logic:game_unit|ball_y[3] ; game_logic:game_unit|bricks[110] ; clk_divider:clk_unit|clk_60Hz ; clk_divider:clk_unit|clk_60Hz ; 1.000        ; 0.022      ; 11.214     ;
; -10.155 ; game_logic:game_unit|ball_y[3] ; game_logic:game_unit|bricks[78]  ; clk_divider:clk_unit|clk_60Hz ; clk_divider:clk_unit|clk_60Hz ; 1.000        ; 0.022      ; 11.213     ;
; -10.150 ; game_logic:game_unit|ball_y[6] ; game_logic:game_unit|bricks[43]  ; clk_divider:clk_unit|clk_60Hz ; clk_divider:clk_unit|clk_60Hz ; 1.000        ; 0.043      ; 11.229     ;
; -10.148 ; game_logic:game_unit|ball_y[6] ; game_logic:game_unit|bricks[42]  ; clk_divider:clk_unit|clk_60Hz ; clk_divider:clk_unit|clk_60Hz ; 1.000        ; 0.043      ; 11.227     ;
; -10.148 ; game_logic:game_unit|ball_y[6] ; game_logic:game_unit|bricks[19]  ; clk_divider:clk_unit|clk_60Hz ; clk_divider:clk_unit|clk_60Hz ; 1.000        ; 0.015      ; 11.199     ;
; -10.147 ; game_logic:game_unit|ball_y[3] ; game_logic:game_unit|bricks[82]  ; clk_divider:clk_unit|clk_60Hz ; clk_divider:clk_unit|clk_60Hz ; 1.000        ; 0.013      ; 11.196     ;
; -10.147 ; game_logic:game_unit|ball_y[6] ; game_logic:game_unit|bricks[90]  ; clk_divider:clk_unit|clk_60Hz ; clk_divider:clk_unit|clk_60Hz ; 1.000        ; -0.013     ; 11.170     ;
; -10.145 ; game_logic:game_unit|ball_y[6] ; game_logic:game_unit|bricks[40]  ; clk_divider:clk_unit|clk_60Hz ; clk_divider:clk_unit|clk_60Hz ; 1.000        ; 0.043      ; 11.224     ;
; -10.144 ; game_logic:game_unit|ball_y[3] ; game_logic:game_unit|bricks[94]  ; clk_divider:clk_unit|clk_60Hz ; clk_divider:clk_unit|clk_60Hz ; 1.000        ; 0.018      ; 11.198     ;
; -10.143 ; game_logic:game_unit|ball_y[3] ; game_logic:game_unit|bricks[83]  ; clk_divider:clk_unit|clk_60Hz ; clk_divider:clk_unit|clk_60Hz ; 1.000        ; 0.013      ; 11.192     ;
; -10.142 ; game_logic:game_unit|ball_y[3] ; game_logic:game_unit|bricks[80]  ; clk_divider:clk_unit|clk_60Hz ; clk_divider:clk_unit|clk_60Hz ; 1.000        ; 0.013      ; 11.191     ;
; -10.142 ; game_logic:game_unit|ball_y[6] ; game_logic:game_unit|bricks[89]  ; clk_divider:clk_unit|clk_60Hz ; clk_divider:clk_unit|clk_60Hz ; 1.000        ; -0.013     ; 11.165     ;
; -10.141 ; game_logic:game_unit|ball_y[3] ; game_logic:game_unit|bricks[16]  ; clk_divider:clk_unit|clk_60Hz ; clk_divider:clk_unit|clk_60Hz ; 1.000        ; 0.018      ; 11.195     ;
; -10.141 ; game_logic:game_unit|ball_y[3] ; game_logic:game_unit|bricks[69]  ; clk_divider:clk_unit|clk_60Hz ; clk_divider:clk_unit|clk_60Hz ; 1.000        ; 0.010      ; 11.187     ;
; -10.140 ; game_logic:game_unit|ball_y[3] ; game_logic:game_unit|bricks[93]  ; clk_divider:clk_unit|clk_60Hz ; clk_divider:clk_unit|clk_60Hz ; 1.000        ; 0.018      ; 11.194     ;
; -10.140 ; game_logic:game_unit|ball_y[6] ; game_logic:game_unit|bricks[97]  ; clk_divider:clk_unit|clk_60Hz ; clk_divider:clk_unit|clk_60Hz ; 1.000        ; 0.043      ; 11.219     ;
; -10.138 ; game_logic:game_unit|ball_y[3] ; game_logic:game_unit|bricks[70]  ; clk_divider:clk_unit|clk_60Hz ; clk_divider:clk_unit|clk_60Hz ; 1.000        ; 0.010      ; 11.184     ;
; -10.137 ; game_logic:game_unit|ball_y[3] ; game_logic:game_unit|bricks[71]  ; clk_divider:clk_unit|clk_60Hz ; clk_divider:clk_unit|clk_60Hz ; 1.000        ; 0.010      ; 11.183     ;
; -10.137 ; game_logic:game_unit|dir_y     ; game_logic:game_unit|bricks[52]  ; clk_divider:clk_unit|clk_60Hz ; clk_divider:clk_unit|clk_60Hz ; 1.000        ; -0.003     ; 11.170     ;
; -10.137 ; game_logic:game_unit|dir_y     ; game_logic:game_unit|bricks[20]  ; clk_divider:clk_unit|clk_60Hz ; clk_divider:clk_unit|clk_60Hz ; 1.000        ; -0.003     ; 11.170     ;
; -10.130 ; game_logic:game_unit|ball_y[3] ; game_logic:game_unit|bricks[101] ; clk_divider:clk_unit|clk_60Hz ; clk_divider:clk_unit|clk_60Hz ; 1.000        ; -0.006     ; 11.160     ;
; -10.130 ; game_logic:game_unit|ball_y[4] ; game_logic:game_unit|bricks[55]  ; clk_divider:clk_unit|clk_60Hz ; clk_divider:clk_unit|clk_60Hz ; 1.000        ; 0.010      ; 11.176     ;
; -10.129 ; game_logic:game_unit|ball_y[4] ; game_logic:game_unit|bricks[23]  ; clk_divider:clk_unit|clk_60Hz ; clk_divider:clk_unit|clk_60Hz ; 1.000        ; 0.010      ; 11.175     ;
; -10.128 ; game_logic:game_unit|dir_y     ; game_logic:game_unit|bricks[76]  ; clk_divider:clk_unit|clk_60Hz ; clk_divider:clk_unit|clk_60Hz ; 1.000        ; 0.003      ; 11.167     ;
; -10.127 ; game_logic:game_unit|ball_y[6] ; game_logic:game_unit|bricks[72]  ; clk_divider:clk_unit|clk_60Hz ; clk_divider:clk_unit|clk_60Hz ; 1.000        ; -0.013     ; 11.150     ;
; -10.127 ; game_logic:game_unit|ball_y[6] ; game_logic:game_unit|bricks[110] ; clk_divider:clk_unit|clk_60Hz ; clk_divider:clk_unit|clk_60Hz ; 1.000        ; 0.022      ; 11.185     ;
; -10.126 ; game_logic:game_unit|ball_y[6] ; game_logic:game_unit|bricks[78]  ; clk_divider:clk_unit|clk_60Hz ; clk_divider:clk_unit|clk_60Hz ; 1.000        ; 0.022      ; 11.184     ;
; -10.122 ; game_logic:game_unit|ball_y[3] ; game_logic:game_unit|bricks[92]  ; clk_divider:clk_unit|clk_60Hz ; clk_divider:clk_unit|clk_60Hz ; 1.000        ; 0.022      ; 11.180     ;
; -10.121 ; game_logic:game_unit|ball_y[3] ; game_logic:game_unit|bricks[95]  ; clk_divider:clk_unit|clk_60Hz ; clk_divider:clk_unit|clk_60Hz ; 1.000        ; 0.022      ; 11.179     ;
; -10.118 ; game_logic:game_unit|ball_y[6] ; game_logic:game_unit|bricks[82]  ; clk_divider:clk_unit|clk_60Hz ; clk_divider:clk_unit|clk_60Hz ; 1.000        ; 0.013      ; 11.167     ;
; -10.116 ; game_logic:game_unit|ball_y[3] ; game_logic:game_unit|bricks[88]  ; clk_divider:clk_unit|clk_60Hz ; clk_divider:clk_unit|clk_60Hz ; 1.000        ; 0.018      ; 11.170     ;
; -10.115 ; game_logic:game_unit|ball_y[3] ; game_logic:game_unit|bricks[91]  ; clk_divider:clk_unit|clk_60Hz ; clk_divider:clk_unit|clk_60Hz ; 1.000        ; 0.018      ; 11.169     ;
; -10.115 ; game_logic:game_unit|ball_y[6] ; game_logic:game_unit|bricks[94]  ; clk_divider:clk_unit|clk_60Hz ; clk_divider:clk_unit|clk_60Hz ; 1.000        ; 0.018      ; 11.169     ;
; -10.114 ; game_logic:game_unit|ball_y[6] ; game_logic:game_unit|bricks[83]  ; clk_divider:clk_unit|clk_60Hz ; clk_divider:clk_unit|clk_60Hz ; 1.000        ; 0.013      ; 11.163     ;
; -10.113 ; game_logic:game_unit|ball_y[6] ; game_logic:game_unit|bricks[80]  ; clk_divider:clk_unit|clk_60Hz ; clk_divider:clk_unit|clk_60Hz ; 1.000        ; 0.013      ; 11.162     ;
; -10.112 ; game_logic:game_unit|ball_y[6] ; game_logic:game_unit|bricks[16]  ; clk_divider:clk_unit|clk_60Hz ; clk_divider:clk_unit|clk_60Hz ; 1.000        ; 0.018      ; 11.166     ;
; -10.112 ; game_logic:game_unit|ball_y[6] ; game_logic:game_unit|bricks[69]  ; clk_divider:clk_unit|clk_60Hz ; clk_divider:clk_unit|clk_60Hz ; 1.000        ; 0.010      ; 11.158     ;
; -10.111 ; game_logic:game_unit|ball_y[6] ; game_logic:game_unit|bricks[93]  ; clk_divider:clk_unit|clk_60Hz ; clk_divider:clk_unit|clk_60Hz ; 1.000        ; 0.018      ; 11.165     ;
; -10.109 ; game_logic:game_unit|ball_y[6] ; game_logic:game_unit|bricks[70]  ; clk_divider:clk_unit|clk_60Hz ; clk_divider:clk_unit|clk_60Hz ; 1.000        ; 0.010      ; 11.155     ;
; -10.108 ; game_logic:game_unit|ball_y[6] ; game_logic:game_unit|bricks[71]  ; clk_divider:clk_unit|clk_60Hz ; clk_divider:clk_unit|clk_60Hz ; 1.000        ; 0.010      ; 11.154     ;
; -10.107 ; game_logic:game_unit|ball_y[4] ; game_logic:game_unit|bricks[105] ; clk_divider:clk_unit|clk_60Hz ; clk_divider:clk_unit|clk_60Hz ; 1.000        ; 0.022      ; 11.165     ;
; -10.101 ; game_logic:game_unit|ball_y[6] ; game_logic:game_unit|bricks[101] ; clk_divider:clk_unit|clk_60Hz ; clk_divider:clk_unit|clk_60Hz ; 1.000        ; -0.006     ; 11.131     ;
; -10.099 ; game_logic:game_unit|ball_y[4] ; game_logic:game_unit|bricks[43]  ; clk_divider:clk_unit|clk_60Hz ; clk_divider:clk_unit|clk_60Hz ; 1.000        ; 0.043      ; 11.178     ;
; -10.098 ; game_logic:game_unit|ball_y[3] ; game_logic:game_unit|bricks[68]  ; clk_divider:clk_unit|clk_60Hz ; clk_divider:clk_unit|clk_60Hz ; 1.000        ; 0.010      ; 11.144     ;
; -10.097 ; game_logic:game_unit|dir_y     ; game_logic:game_unit|bricks[55]  ; clk_divider:clk_unit|clk_60Hz ; clk_divider:clk_unit|clk_60Hz ; 1.000        ; -0.001     ; 11.132     ;
; -10.097 ; game_logic:game_unit|ball_y[4] ; game_logic:game_unit|bricks[42]  ; clk_divider:clk_unit|clk_60Hz ; clk_divider:clk_unit|clk_60Hz ; 1.000        ; 0.043      ; 11.176     ;
; -10.097 ; game_logic:game_unit|ball_y[4] ; game_logic:game_unit|bricks[19]  ; clk_divider:clk_unit|clk_60Hz ; clk_divider:clk_unit|clk_60Hz ; 1.000        ; 0.015      ; 11.148     ;
; -10.096 ; game_logic:game_unit|dir_y     ; game_logic:game_unit|bricks[23]  ; clk_divider:clk_unit|clk_60Hz ; clk_divider:clk_unit|clk_60Hz ; 1.000        ; -0.001     ; 11.131     ;
; -10.096 ; game_logic:game_unit|ball_y[4] ; game_logic:game_unit|bricks[90]  ; clk_divider:clk_unit|clk_60Hz ; clk_divider:clk_unit|clk_60Hz ; 1.000        ; -0.013     ; 11.119     ;
; -10.094 ; game_logic:game_unit|ball_y[5] ; game_logic:game_unit|bricks[52]  ; clk_divider:clk_unit|clk_60Hz ; clk_divider:clk_unit|clk_60Hz ; 1.000        ; 0.008      ; 11.138     ;
; -10.094 ; game_logic:game_unit|ball_y[5] ; game_logic:game_unit|bricks[20]  ; clk_divider:clk_unit|clk_60Hz ; clk_divider:clk_unit|clk_60Hz ; 1.000        ; 0.008      ; 11.138     ;
; -10.094 ; game_logic:game_unit|ball_y[4] ; game_logic:game_unit|bricks[40]  ; clk_divider:clk_unit|clk_60Hz ; clk_divider:clk_unit|clk_60Hz ; 1.000        ; 0.043      ; 11.173     ;
; -10.093 ; game_logic:game_unit|ball_y[6] ; game_logic:game_unit|bricks[92]  ; clk_divider:clk_unit|clk_60Hz ; clk_divider:clk_unit|clk_60Hz ; 1.000        ; 0.022      ; 11.151     ;
; -10.092 ; game_logic:game_unit|ball_y[6] ; game_logic:game_unit|bricks[95]  ; clk_divider:clk_unit|clk_60Hz ; clk_divider:clk_unit|clk_60Hz ; 1.000        ; 0.022      ; 11.150     ;
; -10.091 ; game_logic:game_unit|ball_y[7] ; game_logic:game_unit|bricks[52]  ; clk_divider:clk_unit|clk_60Hz ; clk_divider:clk_unit|clk_60Hz ; 1.000        ; 0.008      ; 11.135     ;
; -10.091 ; game_logic:game_unit|ball_y[7] ; game_logic:game_unit|bricks[20]  ; clk_divider:clk_unit|clk_60Hz ; clk_divider:clk_unit|clk_60Hz ; 1.000        ; 0.008      ; 11.135     ;
; -10.091 ; game_logic:game_unit|ball_y[4] ; game_logic:game_unit|bricks[89]  ; clk_divider:clk_unit|clk_60Hz ; clk_divider:clk_unit|clk_60Hz ; 1.000        ; -0.013     ; 11.114     ;
; -10.089 ; game_logic:game_unit|ball_y[4] ; game_logic:game_unit|bricks[97]  ; clk_divider:clk_unit|clk_60Hz ; clk_divider:clk_unit|clk_60Hz ; 1.000        ; 0.043      ; 11.168     ;
; -10.087 ; game_logic:game_unit|ball_y[6] ; game_logic:game_unit|bricks[88]  ; clk_divider:clk_unit|clk_60Hz ; clk_divider:clk_unit|clk_60Hz ; 1.000        ; 0.018      ; 11.141     ;
; -10.086 ; game_logic:game_unit|ball_y[6] ; game_logic:game_unit|bricks[91]  ; clk_divider:clk_unit|clk_60Hz ; clk_divider:clk_unit|clk_60Hz ; 1.000        ; 0.018      ; 11.140     ;
; -10.085 ; game_logic:game_unit|ball_y[5] ; game_logic:game_unit|bricks[76]  ; clk_divider:clk_unit|clk_60Hz ; clk_divider:clk_unit|clk_60Hz ; 1.000        ; 0.014      ; 11.135     ;
; -10.082 ; game_logic:game_unit|ball_y[7] ; game_logic:game_unit|bricks[76]  ; clk_divider:clk_unit|clk_60Hz ; clk_divider:clk_unit|clk_60Hz ; 1.000        ; 0.014      ; 11.132     ;
; -10.076 ; game_logic:game_unit|ball_y[4] ; game_logic:game_unit|bricks[72]  ; clk_divider:clk_unit|clk_60Hz ; clk_divider:clk_unit|clk_60Hz ; 1.000        ; -0.013     ; 11.099     ;
; -10.076 ; game_logic:game_unit|ball_y[4] ; game_logic:game_unit|bricks[110] ; clk_divider:clk_unit|clk_60Hz ; clk_divider:clk_unit|clk_60Hz ; 1.000        ; 0.022      ; 11.134     ;
; -10.075 ; game_logic:game_unit|ball_y[4] ; game_logic:game_unit|bricks[78]  ; clk_divider:clk_unit|clk_60Hz ; clk_divider:clk_unit|clk_60Hz ; 1.000        ; 0.022      ; 11.133     ;
+---------+--------------------------------+----------------------------------+-------------------------------+-------------------------------+--------------+------------+------------+


+--------------------------------------------------------------------------------------------------------------------------------------------------------------+
; Slow Model Setup: 'CLOCK_50'                                                                                                                                 ;
+--------+---------------------------------------+---------------------------------------+--------------+-------------+--------------+------------+------------+
; Slack  ; From Node                             ; To Node                               ; Launch Clock ; Latch Clock ; Relationship ; Clock Skew ; Data Delay ;
+--------+---------------------------------------+---------------------------------------+--------------+-------------+--------------+------------+------------+
; -2.397 ; clk_divider:clk_unit|counter_60Hz[0]  ; clk_divider:clk_unit|counter_60Hz[18] ; CLOCK_50     ; CLOCK_50    ; 1.000        ; 0.011      ; 3.444      ;
; -2.379 ; clk_divider:clk_unit|counter_60Hz[8]  ; clk_divider:clk_unit|clk_60Hz         ; CLOCK_50     ; CLOCK_50    ; 1.000        ; 0.020      ; 3.435      ;
; -2.343 ; clk_divider:clk_unit|counter_60Hz[8]  ; clk_divider:clk_unit|counter_60Hz[3]  ; CLOCK_50     ; CLOCK_50    ; 1.000        ; 0.000      ; 3.379      ;
; -2.342 ; clk_divider:clk_unit|counter_60Hz[8]  ; clk_divider:clk_unit|counter_60Hz[0]  ; CLOCK_50     ; CLOCK_50    ; 1.000        ; 0.000      ; 3.378      ;
; -2.341 ; clk_divider:clk_unit|counter_60Hz[8]  ; clk_divider:clk_unit|counter_60Hz[8]  ; CLOCK_50     ; CLOCK_50    ; 1.000        ; 0.000      ; 3.377      ;
; -2.341 ; clk_divider:clk_unit|counter_60Hz[8]  ; clk_divider:clk_unit|counter_60Hz[9]  ; CLOCK_50     ; CLOCK_50    ; 1.000        ; 0.000      ; 3.377      ;
; -2.331 ; clk_divider:clk_unit|counter_60Hz[1]  ; clk_divider:clk_unit|counter_60Hz[18] ; CLOCK_50     ; CLOCK_50    ; 1.000        ; 0.011      ; 3.378      ;
; -2.259 ; clk_divider:clk_unit|counter_60Hz[11] ; clk_divider:clk_unit|clk_60Hz         ; CLOCK_50     ; CLOCK_50    ; 1.000        ; 0.009      ; 3.304      ;
; -2.239 ; clk_divider:clk_unit|counter_60Hz[0]  ; clk_divider:clk_unit|counter_60Hz[17] ; CLOCK_50     ; CLOCK_50    ; 1.000        ; 0.011      ; 3.286      ;
; -2.223 ; clk_divider:clk_unit|counter_60Hz[11] ; clk_divider:clk_unit|counter_60Hz[3]  ; CLOCK_50     ; CLOCK_50    ; 1.000        ; -0.011     ; 3.248      ;
; -2.222 ; clk_divider:clk_unit|counter_60Hz[11] ; clk_divider:clk_unit|counter_60Hz[0]  ; CLOCK_50     ; CLOCK_50    ; 1.000        ; -0.011     ; 3.247      ;
; -2.221 ; clk_divider:clk_unit|counter_60Hz[11] ; clk_divider:clk_unit|counter_60Hz[8]  ; CLOCK_50     ; CLOCK_50    ; 1.000        ; -0.011     ; 3.246      ;
; -2.221 ; clk_divider:clk_unit|counter_60Hz[11] ; clk_divider:clk_unit|counter_60Hz[9]  ; CLOCK_50     ; CLOCK_50    ; 1.000        ; -0.011     ; 3.246      ;
; -2.200 ; clk_divider:clk_unit|counter_60Hz[2]  ; clk_divider:clk_unit|counter_60Hz[18] ; CLOCK_50     ; CLOCK_50    ; 1.000        ; 0.011      ; 3.247      ;
; -2.187 ; clk_divider:clk_unit|counter_60Hz[8]  ; clk_divider:clk_unit|counter_60Hz[1]  ; CLOCK_50     ; CLOCK_50    ; 1.000        ; 0.000      ; 3.223      ;
; -2.186 ; clk_divider:clk_unit|counter_60Hz[8]  ; clk_divider:clk_unit|counter_60Hz[4]  ; CLOCK_50     ; CLOCK_50    ; 1.000        ; 0.000      ; 3.222      ;
; -2.180 ; clk_divider:clk_unit|counter_60Hz[7]  ; clk_divider:clk_unit|clk_60Hz         ; CLOCK_50     ; CLOCK_50    ; 1.000        ; 0.020      ; 3.236      ;
; -2.173 ; clk_divider:clk_unit|counter_60Hz[1]  ; clk_divider:clk_unit|counter_60Hz[17] ; CLOCK_50     ; CLOCK_50    ; 1.000        ; 0.011      ; 3.220      ;
; -2.146 ; clk_divider:clk_unit|counter_60Hz[17] ; clk_divider:clk_unit|clk_60Hz         ; CLOCK_50     ; CLOCK_50    ; 1.000        ; 0.009      ; 3.191      ;
; -2.144 ; clk_divider:clk_unit|counter_60Hz[7]  ; clk_divider:clk_unit|counter_60Hz[3]  ; CLOCK_50     ; CLOCK_50    ; 1.000        ; 0.000      ; 3.180      ;
; -2.143 ; clk_divider:clk_unit|counter_60Hz[7]  ; clk_divider:clk_unit|counter_60Hz[0]  ; CLOCK_50     ; CLOCK_50    ; 1.000        ; 0.000      ; 3.179      ;
; -2.142 ; clk_divider:clk_unit|counter_60Hz[7]  ; clk_divider:clk_unit|counter_60Hz[8]  ; CLOCK_50     ; CLOCK_50    ; 1.000        ; 0.000      ; 3.178      ;
; -2.142 ; clk_divider:clk_unit|counter_60Hz[7]  ; clk_divider:clk_unit|counter_60Hz[9]  ; CLOCK_50     ; CLOCK_50    ; 1.000        ; 0.000      ; 3.178      ;
; -2.138 ; clk_divider:clk_unit|counter_60Hz[8]  ; clk_divider:clk_unit|counter_60Hz[7]  ; CLOCK_50     ; CLOCK_50    ; 1.000        ; 0.000      ; 3.174      ;
; -2.119 ; clk_divider:clk_unit|counter_60Hz[13] ; clk_divider:clk_unit|clk_60Hz         ; CLOCK_50     ; CLOCK_50    ; 1.000        ; 0.009      ; 3.164      ;
; -2.118 ; clk_divider:clk_unit|counter_60Hz[5]  ; clk_divider:clk_unit|clk_60Hz         ; CLOCK_50     ; CLOCK_50    ; 1.000        ; 0.020      ; 3.174      ;
; -2.110 ; clk_divider:clk_unit|counter_60Hz[17] ; clk_divider:clk_unit|counter_60Hz[3]  ; CLOCK_50     ; CLOCK_50    ; 1.000        ; -0.011     ; 3.135      ;
; -2.109 ; clk_divider:clk_unit|counter_60Hz[17] ; clk_divider:clk_unit|counter_60Hz[0]  ; CLOCK_50     ; CLOCK_50    ; 1.000        ; -0.011     ; 3.134      ;
; -2.108 ; clk_divider:clk_unit|counter_60Hz[17] ; clk_divider:clk_unit|counter_60Hz[8]  ; CLOCK_50     ; CLOCK_50    ; 1.000        ; -0.011     ; 3.133      ;
; -2.108 ; clk_divider:clk_unit|counter_60Hz[17] ; clk_divider:clk_unit|counter_60Hz[9]  ; CLOCK_50     ; CLOCK_50    ; 1.000        ; -0.011     ; 3.133      ;
; -2.107 ; clk_divider:clk_unit|counter_60Hz[19] ; clk_divider:clk_unit|clk_60Hz         ; CLOCK_50     ; CLOCK_50    ; 1.000        ; 0.009      ; 3.152      ;
; -2.095 ; clk_divider:clk_unit|counter_60Hz[14] ; clk_divider:clk_unit|clk_60Hz         ; CLOCK_50     ; CLOCK_50    ; 1.000        ; 0.009      ; 3.140      ;
; -2.090 ; clk_divider:clk_unit|counter_60Hz[3]  ; clk_divider:clk_unit|counter_60Hz[18] ; CLOCK_50     ; CLOCK_50    ; 1.000        ; 0.011      ; 3.137      ;
; -2.083 ; clk_divider:clk_unit|counter_60Hz[13] ; clk_divider:clk_unit|counter_60Hz[3]  ; CLOCK_50     ; CLOCK_50    ; 1.000        ; -0.011     ; 3.108      ;
; -2.082 ; clk_divider:clk_unit|counter_60Hz[13] ; clk_divider:clk_unit|counter_60Hz[0]  ; CLOCK_50     ; CLOCK_50    ; 1.000        ; -0.011     ; 3.107      ;
; -2.082 ; clk_divider:clk_unit|counter_60Hz[5]  ; clk_divider:clk_unit|counter_60Hz[3]  ; CLOCK_50     ; CLOCK_50    ; 1.000        ; 0.000      ; 3.118      ;
; -2.081 ; clk_divider:clk_unit|counter_60Hz[13] ; clk_divider:clk_unit|counter_60Hz[8]  ; CLOCK_50     ; CLOCK_50    ; 1.000        ; -0.011     ; 3.106      ;
; -2.081 ; clk_divider:clk_unit|counter_60Hz[13] ; clk_divider:clk_unit|counter_60Hz[9]  ; CLOCK_50     ; CLOCK_50    ; 1.000        ; -0.011     ; 3.106      ;
; -2.081 ; clk_divider:clk_unit|counter_60Hz[5]  ; clk_divider:clk_unit|counter_60Hz[0]  ; CLOCK_50     ; CLOCK_50    ; 1.000        ; 0.000      ; 3.117      ;
; -2.080 ; clk_divider:clk_unit|counter_60Hz[5]  ; clk_divider:clk_unit|counter_60Hz[8]  ; CLOCK_50     ; CLOCK_50    ; 1.000        ; 0.000      ; 3.116      ;
; -2.080 ; clk_divider:clk_unit|counter_60Hz[5]  ; clk_divider:clk_unit|counter_60Hz[9]  ; CLOCK_50     ; CLOCK_50    ; 1.000        ; 0.000      ; 3.116      ;
; -2.071 ; clk_divider:clk_unit|counter_60Hz[19] ; clk_divider:clk_unit|counter_60Hz[3]  ; CLOCK_50     ; CLOCK_50    ; 1.000        ; -0.011     ; 3.096      ;
; -2.070 ; clk_divider:clk_unit|counter_60Hz[19] ; clk_divider:clk_unit|counter_60Hz[0]  ; CLOCK_50     ; CLOCK_50    ; 1.000        ; -0.011     ; 3.095      ;
; -2.069 ; clk_divider:clk_unit|counter_60Hz[19] ; clk_divider:clk_unit|counter_60Hz[8]  ; CLOCK_50     ; CLOCK_50    ; 1.000        ; -0.011     ; 3.094      ;
; -2.069 ; clk_divider:clk_unit|counter_60Hz[19] ; clk_divider:clk_unit|counter_60Hz[9]  ; CLOCK_50     ; CLOCK_50    ; 1.000        ; -0.011     ; 3.094      ;
; -2.067 ; clk_divider:clk_unit|counter_60Hz[11] ; clk_divider:clk_unit|counter_60Hz[1]  ; CLOCK_50     ; CLOCK_50    ; 1.000        ; -0.011     ; 3.092      ;
; -2.066 ; clk_divider:clk_unit|counter_60Hz[11] ; clk_divider:clk_unit|counter_60Hz[4]  ; CLOCK_50     ; CLOCK_50    ; 1.000        ; -0.011     ; 3.091      ;
; -2.063 ; clk_divider:clk_unit|counter_60Hz[4]  ; clk_divider:clk_unit|counter_60Hz[18] ; CLOCK_50     ; CLOCK_50    ; 1.000        ; 0.011      ; 3.110      ;
; -2.059 ; clk_divider:clk_unit|counter_60Hz[14] ; clk_divider:clk_unit|counter_60Hz[3]  ; CLOCK_50     ; CLOCK_50    ; 1.000        ; -0.011     ; 3.084      ;
; -2.058 ; clk_divider:clk_unit|counter_60Hz[14] ; clk_divider:clk_unit|counter_60Hz[0]  ; CLOCK_50     ; CLOCK_50    ; 1.000        ; -0.011     ; 3.083      ;
; -2.057 ; clk_divider:clk_unit|counter_60Hz[14] ; clk_divider:clk_unit|counter_60Hz[8]  ; CLOCK_50     ; CLOCK_50    ; 1.000        ; -0.011     ; 3.082      ;
; -2.057 ; clk_divider:clk_unit|counter_60Hz[14] ; clk_divider:clk_unit|counter_60Hz[9]  ; CLOCK_50     ; CLOCK_50    ; 1.000        ; -0.011     ; 3.082      ;
; -2.042 ; clk_divider:clk_unit|counter_60Hz[2]  ; clk_divider:clk_unit|counter_60Hz[17] ; CLOCK_50     ; CLOCK_50    ; 1.000        ; 0.011      ; 3.089      ;
; -2.033 ; clk_divider:clk_unit|counter_60Hz[9]  ; clk_divider:clk_unit|clk_60Hz         ; CLOCK_50     ; CLOCK_50    ; 1.000        ; 0.020      ; 3.089      ;
; -2.026 ; clk_divider:clk_unit|counter_60Hz[0]  ; clk_divider:clk_unit|counter_60Hz[14] ; CLOCK_50     ; CLOCK_50    ; 1.000        ; 0.011      ; 3.073      ;
; -2.025 ; clk_divider:clk_unit|counter_60Hz[4]  ; clk_divider:clk_unit|clk_60Hz         ; CLOCK_50     ; CLOCK_50    ; 1.000        ; 0.020      ; 3.081      ;
; -2.018 ; clk_divider:clk_unit|counter_60Hz[11] ; clk_divider:clk_unit|counter_60Hz[7]  ; CLOCK_50     ; CLOCK_50    ; 1.000        ; -0.011     ; 3.043      ;
; -1.999 ; clk_divider:clk_unit|counter_60Hz[16] ; clk_divider:clk_unit|clk_60Hz         ; CLOCK_50     ; CLOCK_50    ; 1.000        ; 0.009      ; 3.044      ;
; -1.997 ; clk_divider:clk_unit|counter_60Hz[9]  ; clk_divider:clk_unit|counter_60Hz[3]  ; CLOCK_50     ; CLOCK_50    ; 1.000        ; 0.000      ; 3.033      ;
; -1.996 ; clk_divider:clk_unit|counter_60Hz[9]  ; clk_divider:clk_unit|counter_60Hz[0]  ; CLOCK_50     ; CLOCK_50    ; 1.000        ; 0.000      ; 3.032      ;
; -1.995 ; clk_divider:clk_unit|counter_60Hz[9]  ; clk_divider:clk_unit|counter_60Hz[8]  ; CLOCK_50     ; CLOCK_50    ; 1.000        ; 0.000      ; 3.031      ;
; -1.995 ; clk_divider:clk_unit|counter_60Hz[9]  ; clk_divider:clk_unit|counter_60Hz[9]  ; CLOCK_50     ; CLOCK_50    ; 1.000        ; 0.000      ; 3.031      ;
; -1.989 ; clk_divider:clk_unit|counter_60Hz[4]  ; clk_divider:clk_unit|counter_60Hz[3]  ; CLOCK_50     ; CLOCK_50    ; 1.000        ; 0.000      ; 3.025      ;
; -1.989 ; clk_divider:clk_unit|counter_60Hz[15] ; clk_divider:clk_unit|clk_60Hz         ; CLOCK_50     ; CLOCK_50    ; 1.000        ; 0.009      ; 3.034      ;
; -1.988 ; clk_divider:clk_unit|counter_60Hz[7]  ; clk_divider:clk_unit|counter_60Hz[1]  ; CLOCK_50     ; CLOCK_50    ; 1.000        ; 0.000      ; 3.024      ;
; -1.988 ; clk_divider:clk_unit|counter_60Hz[4]  ; clk_divider:clk_unit|counter_60Hz[0]  ; CLOCK_50     ; CLOCK_50    ; 1.000        ; 0.000      ; 3.024      ;
; -1.987 ; clk_divider:clk_unit|counter_60Hz[7]  ; clk_divider:clk_unit|counter_60Hz[4]  ; CLOCK_50     ; CLOCK_50    ; 1.000        ; 0.000      ; 3.023      ;
; -1.987 ; clk_divider:clk_unit|counter_60Hz[4]  ; clk_divider:clk_unit|counter_60Hz[8]  ; CLOCK_50     ; CLOCK_50    ; 1.000        ; 0.000      ; 3.023      ;
; -1.987 ; clk_divider:clk_unit|counter_60Hz[4]  ; clk_divider:clk_unit|counter_60Hz[9]  ; CLOCK_50     ; CLOCK_50    ; 1.000        ; 0.000      ; 3.023      ;
; -1.982 ; clk_divider:clk_unit|counter_60Hz[7]  ; clk_divider:clk_unit|counter_60Hz[18] ; CLOCK_50     ; CLOCK_50    ; 1.000        ; 0.011      ; 3.029      ;
; -1.979 ; clk_divider:clk_unit|counter_60Hz[10] ; clk_divider:clk_unit|clk_60Hz         ; CLOCK_50     ; CLOCK_50    ; 1.000        ; 0.009      ; 3.024      ;
; -1.963 ; clk_divider:clk_unit|counter_60Hz[16] ; clk_divider:clk_unit|counter_60Hz[3]  ; CLOCK_50     ; CLOCK_50    ; 1.000        ; -0.011     ; 2.988      ;
; -1.962 ; clk_divider:clk_unit|counter_60Hz[16] ; clk_divider:clk_unit|counter_60Hz[0]  ; CLOCK_50     ; CLOCK_50    ; 1.000        ; -0.011     ; 2.987      ;
; -1.961 ; clk_divider:clk_unit|counter_60Hz[16] ; clk_divider:clk_unit|counter_60Hz[8]  ; CLOCK_50     ; CLOCK_50    ; 1.000        ; -0.011     ; 2.986      ;
; -1.961 ; clk_divider:clk_unit|counter_60Hz[16] ; clk_divider:clk_unit|counter_60Hz[9]  ; CLOCK_50     ; CLOCK_50    ; 1.000        ; -0.011     ; 2.986      ;
; -1.960 ; clk_divider:clk_unit|counter_60Hz[1]  ; clk_divider:clk_unit|counter_60Hz[14] ; CLOCK_50     ; CLOCK_50    ; 1.000        ; 0.011      ; 3.007      ;
; -1.958 ; clk_divider:clk_unit|counter_60Hz[8]  ; clk_divider:clk_unit|counter_60Hz[11] ; CLOCK_50     ; CLOCK_50    ; 1.000        ; 0.011      ; 3.005      ;
; -1.954 ; clk_divider:clk_unit|counter_60Hz[17] ; clk_divider:clk_unit|counter_60Hz[1]  ; CLOCK_50     ; CLOCK_50    ; 1.000        ; -0.011     ; 2.979      ;
; -1.953 ; clk_divider:clk_unit|counter_60Hz[17] ; clk_divider:clk_unit|counter_60Hz[4]  ; CLOCK_50     ; CLOCK_50    ; 1.000        ; -0.011     ; 2.978      ;
; -1.953 ; clk_divider:clk_unit|counter_60Hz[15] ; clk_divider:clk_unit|counter_60Hz[3]  ; CLOCK_50     ; CLOCK_50    ; 1.000        ; -0.011     ; 2.978      ;
; -1.952 ; clk_divider:clk_unit|counter_60Hz[5]  ; clk_divider:clk_unit|counter_60Hz[18] ; CLOCK_50     ; CLOCK_50    ; 1.000        ; 0.011      ; 2.999      ;
; -1.952 ; clk_divider:clk_unit|counter_60Hz[15] ; clk_divider:clk_unit|counter_60Hz[0]  ; CLOCK_50     ; CLOCK_50    ; 1.000        ; -0.011     ; 2.977      ;
; -1.951 ; clk_divider:clk_unit|counter_60Hz[15] ; clk_divider:clk_unit|counter_60Hz[8]  ; CLOCK_50     ; CLOCK_50    ; 1.000        ; -0.011     ; 2.976      ;
; -1.951 ; clk_divider:clk_unit|counter_60Hz[15] ; clk_divider:clk_unit|counter_60Hz[9]  ; CLOCK_50     ; CLOCK_50    ; 1.000        ; -0.011     ; 2.976      ;
; -1.943 ; clk_divider:clk_unit|counter_60Hz[10] ; clk_divider:clk_unit|counter_60Hz[3]  ; CLOCK_50     ; CLOCK_50    ; 1.000        ; -0.011     ; 2.968      ;
; -1.942 ; clk_divider:clk_unit|counter_60Hz[10] ; clk_divider:clk_unit|counter_60Hz[0]  ; CLOCK_50     ; CLOCK_50    ; 1.000        ; -0.011     ; 2.967      ;
; -1.941 ; clk_divider:clk_unit|counter_60Hz[10] ; clk_divider:clk_unit|counter_60Hz[8]  ; CLOCK_50     ; CLOCK_50    ; 1.000        ; -0.011     ; 2.966      ;
; -1.941 ; clk_divider:clk_unit|counter_60Hz[10] ; clk_divider:clk_unit|counter_60Hz[9]  ; CLOCK_50     ; CLOCK_50    ; 1.000        ; -0.011     ; 2.966      ;
; -1.939 ; clk_divider:clk_unit|counter_60Hz[7]  ; clk_divider:clk_unit|counter_60Hz[7]  ; CLOCK_50     ; CLOCK_50    ; 1.000        ; 0.000      ; 2.975      ;
; -1.938 ; clk_divider:clk_unit|counter_60Hz[0]  ; clk_divider:clk_unit|counter_60Hz[19] ; CLOCK_50     ; CLOCK_50    ; 1.000        ; 0.011      ; 2.985      ;
; -1.932 ; clk_divider:clk_unit|counter_60Hz[3]  ; clk_divider:clk_unit|counter_60Hz[17] ; CLOCK_50     ; CLOCK_50    ; 1.000        ; 0.011      ; 2.979      ;
; -1.927 ; clk_divider:clk_unit|counter_60Hz[13] ; clk_divider:clk_unit|counter_60Hz[1]  ; CLOCK_50     ; CLOCK_50    ; 1.000        ; -0.011     ; 2.952      ;
; -1.926 ; clk_divider:clk_unit|counter_60Hz[13] ; clk_divider:clk_unit|counter_60Hz[4]  ; CLOCK_50     ; CLOCK_50    ; 1.000        ; -0.011     ; 2.951      ;
; -1.926 ; clk_divider:clk_unit|counter_60Hz[5]  ; clk_divider:clk_unit|counter_60Hz[1]  ; CLOCK_50     ; CLOCK_50    ; 1.000        ; 0.000      ; 2.962      ;
; -1.925 ; clk_divider:clk_unit|counter_60Hz[5]  ; clk_divider:clk_unit|counter_60Hz[4]  ; CLOCK_50     ; CLOCK_50    ; 1.000        ; 0.000      ; 2.961      ;
; -1.917 ; clk_divider:clk_unit|counter_60Hz[6]  ; clk_divider:clk_unit|counter_60Hz[18] ; CLOCK_50     ; CLOCK_50    ; 1.000        ; 0.011      ; 2.964      ;
; -1.915 ; clk_divider:clk_unit|counter_60Hz[19] ; clk_divider:clk_unit|counter_60Hz[1]  ; CLOCK_50     ; CLOCK_50    ; 1.000        ; -0.011     ; 2.940      ;
; -1.914 ; clk_divider:clk_unit|counter_60Hz[19] ; clk_divider:clk_unit|counter_60Hz[4]  ; CLOCK_50     ; CLOCK_50    ; 1.000        ; -0.011     ; 2.939      ;
; -1.905 ; clk_divider:clk_unit|counter_60Hz[4]  ; clk_divider:clk_unit|counter_60Hz[17] ; CLOCK_50     ; CLOCK_50    ; 1.000        ; 0.011      ; 2.952      ;
; -1.905 ; clk_divider:clk_unit|counter_60Hz[17] ; clk_divider:clk_unit|counter_60Hz[7]  ; CLOCK_50     ; CLOCK_50    ; 1.000        ; -0.011     ; 2.930      ;
+--------+---------------------------------------+---------------------------------------+--------------+-------------+--------------+------------+------------+


+-------------------------------------------------------------------------------------------------------------------------------------------------------------------------------------+
; Slow Model Setup: 'clk_divider:clk_unit|clk_25M'                                                                                                                                    ;
+--------+----------------------------------+----------------------------------+------------------------------+------------------------------+--------------+------------+------------+
; Slack  ; From Node                        ; To Node                          ; Launch Clock                 ; Latch Clock                  ; Relationship ; Clock Skew ; Data Delay ;
+--------+----------------------------------+----------------------------------+------------------------------+------------------------------+--------------+------------+------------+
; -1.608 ; vga_sync:vga_unit|h_count_reg[9] ; vga_sync:vga_unit|v_count_reg[5] ; clk_divider:clk_unit|clk_25M ; clk_divider:clk_unit|clk_25M ; 1.000        ; 0.000      ; 2.644      ;
; -1.608 ; vga_sync:vga_unit|h_count_reg[9] ; vga_sync:vga_unit|v_count_reg[6] ; clk_divider:clk_unit|clk_25M ; clk_divider:clk_unit|clk_25M ; 1.000        ; 0.000      ; 2.644      ;
; -1.608 ; vga_sync:vga_unit|h_count_reg[9] ; vga_sync:vga_unit|v_count_reg[7] ; clk_divider:clk_unit|clk_25M ; clk_divider:clk_unit|clk_25M ; 1.000        ; 0.000      ; 2.644      ;
; -1.608 ; vga_sync:vga_unit|h_count_reg[9] ; vga_sync:vga_unit|v_count_reg[8] ; clk_divider:clk_unit|clk_25M ; clk_divider:clk_unit|clk_25M ; 1.000        ; 0.000      ; 2.644      ;
; -1.608 ; vga_sync:vga_unit|h_count_reg[9] ; vga_sync:vga_unit|v_count_reg[9] ; clk_divider:clk_unit|clk_25M ; clk_divider:clk_unit|clk_25M ; 1.000        ; 0.000      ; 2.644      ;
; -1.608 ; vga_sync:vga_unit|h_count_reg[9] ; vga_sync:vga_unit|v_count_reg[3] ; clk_divider:clk_unit|clk_25M ; clk_divider:clk_unit|clk_25M ; 1.000        ; 0.000      ; 2.644      ;
; -1.608 ; vga_sync:vga_unit|h_count_reg[9] ; vga_sync:vga_unit|v_count_reg[1] ; clk_divider:clk_unit|clk_25M ; clk_divider:clk_unit|clk_25M ; 1.000        ; 0.000      ; 2.644      ;
; -1.608 ; vga_sync:vga_unit|h_count_reg[9] ; vga_sync:vga_unit|v_count_reg[2] ; clk_divider:clk_unit|clk_25M ; clk_divider:clk_unit|clk_25M ; 1.000        ; 0.000      ; 2.644      ;
; -1.608 ; vga_sync:vga_unit|h_count_reg[9] ; vga_sync:vga_unit|v_count_reg[0] ; clk_divider:clk_unit|clk_25M ; clk_divider:clk_unit|clk_25M ; 1.000        ; 0.000      ; 2.644      ;
; -1.608 ; vga_sync:vga_unit|h_count_reg[9] ; vga_sync:vga_unit|v_count_reg[4] ; clk_divider:clk_unit|clk_25M ; clk_divider:clk_unit|clk_25M ; 1.000        ; 0.000      ; 2.644      ;
; -1.532 ; vga_sync:vga_unit|h_count_reg[0] ; vga_sync:vga_unit|h_count_reg[9] ; clk_divider:clk_unit|clk_25M ; clk_divider:clk_unit|clk_25M ; 1.000        ; 0.000      ; 2.568      ;
; -1.529 ; vga_sync:vga_unit|h_count_reg[5] ; vga_sync:vga_unit|v_count_reg[5] ; clk_divider:clk_unit|clk_25M ; clk_divider:clk_unit|clk_25M ; 1.000        ; 0.000      ; 2.565      ;
; -1.529 ; vga_sync:vga_unit|h_count_reg[5] ; vga_sync:vga_unit|v_count_reg[6] ; clk_divider:clk_unit|clk_25M ; clk_divider:clk_unit|clk_25M ; 1.000        ; 0.000      ; 2.565      ;
; -1.529 ; vga_sync:vga_unit|h_count_reg[5] ; vga_sync:vga_unit|v_count_reg[7] ; clk_divider:clk_unit|clk_25M ; clk_divider:clk_unit|clk_25M ; 1.000        ; 0.000      ; 2.565      ;
; -1.529 ; vga_sync:vga_unit|h_count_reg[5] ; vga_sync:vga_unit|v_count_reg[8] ; clk_divider:clk_unit|clk_25M ; clk_divider:clk_unit|clk_25M ; 1.000        ; 0.000      ; 2.565      ;
; -1.529 ; vga_sync:vga_unit|h_count_reg[5] ; vga_sync:vga_unit|v_count_reg[9] ; clk_divider:clk_unit|clk_25M ; clk_divider:clk_unit|clk_25M ; 1.000        ; 0.000      ; 2.565      ;
; -1.529 ; vga_sync:vga_unit|h_count_reg[5] ; vga_sync:vga_unit|v_count_reg[3] ; clk_divider:clk_unit|clk_25M ; clk_divider:clk_unit|clk_25M ; 1.000        ; 0.000      ; 2.565      ;
; -1.529 ; vga_sync:vga_unit|h_count_reg[5] ; vga_sync:vga_unit|v_count_reg[1] ; clk_divider:clk_unit|clk_25M ; clk_divider:clk_unit|clk_25M ; 1.000        ; 0.000      ; 2.565      ;
; -1.529 ; vga_sync:vga_unit|h_count_reg[5] ; vga_sync:vga_unit|v_count_reg[2] ; clk_divider:clk_unit|clk_25M ; clk_divider:clk_unit|clk_25M ; 1.000        ; 0.000      ; 2.565      ;
; -1.529 ; vga_sync:vga_unit|h_count_reg[5] ; vga_sync:vga_unit|v_count_reg[0] ; clk_divider:clk_unit|clk_25M ; clk_divider:clk_unit|clk_25M ; 1.000        ; 0.000      ; 2.565      ;
; -1.529 ; vga_sync:vga_unit|h_count_reg[5] ; vga_sync:vga_unit|v_count_reg[4] ; clk_divider:clk_unit|clk_25M ; clk_divider:clk_unit|clk_25M ; 1.000        ; 0.000      ; 2.565      ;
; -1.495 ; vga_sync:vga_unit|v_count_reg[0] ; vga_sync:vga_unit|v_count_reg[9] ; clk_divider:clk_unit|clk_25M ; clk_divider:clk_unit|clk_25M ; 1.000        ; 0.000      ; 2.531      ;
; -1.462 ; vga_sync:vga_unit|h_count_reg[0] ; vga_sync:vga_unit|h_count_reg[8] ; clk_divider:clk_unit|clk_25M ; clk_divider:clk_unit|clk_25M ; 1.000        ; 0.000      ; 2.498      ;
; -1.461 ; vga_sync:vga_unit|h_count_reg[1] ; vga_sync:vga_unit|h_count_reg[9] ; clk_divider:clk_unit|clk_25M ; clk_divider:clk_unit|clk_25M ; 1.000        ; 0.000      ; 2.497      ;
; -1.458 ; vga_sync:vga_unit|h_count_reg[3] ; vga_sync:vga_unit|v_count_reg[5] ; clk_divider:clk_unit|clk_25M ; clk_divider:clk_unit|clk_25M ; 1.000        ; 0.000      ; 2.494      ;
; -1.458 ; vga_sync:vga_unit|h_count_reg[3] ; vga_sync:vga_unit|v_count_reg[6] ; clk_divider:clk_unit|clk_25M ; clk_divider:clk_unit|clk_25M ; 1.000        ; 0.000      ; 2.494      ;
; -1.458 ; vga_sync:vga_unit|h_count_reg[3] ; vga_sync:vga_unit|v_count_reg[7] ; clk_divider:clk_unit|clk_25M ; clk_divider:clk_unit|clk_25M ; 1.000        ; 0.000      ; 2.494      ;
; -1.458 ; vga_sync:vga_unit|h_count_reg[3] ; vga_sync:vga_unit|v_count_reg[8] ; clk_divider:clk_unit|clk_25M ; clk_divider:clk_unit|clk_25M ; 1.000        ; 0.000      ; 2.494      ;
; -1.458 ; vga_sync:vga_unit|h_count_reg[3] ; vga_sync:vga_unit|v_count_reg[9] ; clk_divider:clk_unit|clk_25M ; clk_divider:clk_unit|clk_25M ; 1.000        ; 0.000      ; 2.494      ;
; -1.458 ; vga_sync:vga_unit|h_count_reg[3] ; vga_sync:vga_unit|v_count_reg[3] ; clk_divider:clk_unit|clk_25M ; clk_divider:clk_unit|clk_25M ; 1.000        ; 0.000      ; 2.494      ;
; -1.458 ; vga_sync:vga_unit|h_count_reg[3] ; vga_sync:vga_unit|v_count_reg[1] ; clk_divider:clk_unit|clk_25M ; clk_divider:clk_unit|clk_25M ; 1.000        ; 0.000      ; 2.494      ;
; -1.458 ; vga_sync:vga_unit|h_count_reg[3] ; vga_sync:vga_unit|v_count_reg[2] ; clk_divider:clk_unit|clk_25M ; clk_divider:clk_unit|clk_25M ; 1.000        ; 0.000      ; 2.494      ;
; -1.458 ; vga_sync:vga_unit|h_count_reg[3] ; vga_sync:vga_unit|v_count_reg[0] ; clk_divider:clk_unit|clk_25M ; clk_divider:clk_unit|clk_25M ; 1.000        ; 0.000      ; 2.494      ;
; -1.458 ; vga_sync:vga_unit|h_count_reg[3] ; vga_sync:vga_unit|v_count_reg[4] ; clk_divider:clk_unit|clk_25M ; clk_divider:clk_unit|clk_25M ; 1.000        ; 0.000      ; 2.494      ;
; -1.457 ; vga_sync:vga_unit|v_count_reg[1] ; vga_sync:vga_unit|v_count_reg[9] ; clk_divider:clk_unit|clk_25M ; clk_divider:clk_unit|clk_25M ; 1.000        ; 0.000      ; 2.493      ;
; -1.434 ; vga_sync:vga_unit|h_count_reg[7] ; vga_sync:vga_unit|v_count_reg[5] ; clk_divider:clk_unit|clk_25M ; clk_divider:clk_unit|clk_25M ; 1.000        ; 0.000      ; 2.470      ;
; -1.434 ; vga_sync:vga_unit|h_count_reg[7] ; vga_sync:vga_unit|v_count_reg[6] ; clk_divider:clk_unit|clk_25M ; clk_divider:clk_unit|clk_25M ; 1.000        ; 0.000      ; 2.470      ;
; -1.434 ; vga_sync:vga_unit|h_count_reg[7] ; vga_sync:vga_unit|v_count_reg[7] ; clk_divider:clk_unit|clk_25M ; clk_divider:clk_unit|clk_25M ; 1.000        ; 0.000      ; 2.470      ;
; -1.434 ; vga_sync:vga_unit|h_count_reg[7] ; vga_sync:vga_unit|v_count_reg[8] ; clk_divider:clk_unit|clk_25M ; clk_divider:clk_unit|clk_25M ; 1.000        ; 0.000      ; 2.470      ;
; -1.434 ; vga_sync:vga_unit|h_count_reg[7] ; vga_sync:vga_unit|v_count_reg[9] ; clk_divider:clk_unit|clk_25M ; clk_divider:clk_unit|clk_25M ; 1.000        ; 0.000      ; 2.470      ;
; -1.434 ; vga_sync:vga_unit|h_count_reg[7] ; vga_sync:vga_unit|v_count_reg[3] ; clk_divider:clk_unit|clk_25M ; clk_divider:clk_unit|clk_25M ; 1.000        ; 0.000      ; 2.470      ;
; -1.434 ; vga_sync:vga_unit|h_count_reg[7] ; vga_sync:vga_unit|v_count_reg[1] ; clk_divider:clk_unit|clk_25M ; clk_divider:clk_unit|clk_25M ; 1.000        ; 0.000      ; 2.470      ;
; -1.434 ; vga_sync:vga_unit|h_count_reg[7] ; vga_sync:vga_unit|v_count_reg[2] ; clk_divider:clk_unit|clk_25M ; clk_divider:clk_unit|clk_25M ; 1.000        ; 0.000      ; 2.470      ;
; -1.434 ; vga_sync:vga_unit|h_count_reg[7] ; vga_sync:vga_unit|v_count_reg[0] ; clk_divider:clk_unit|clk_25M ; clk_divider:clk_unit|clk_25M ; 1.000        ; 0.000      ; 2.470      ;
; -1.434 ; vga_sync:vga_unit|h_count_reg[7] ; vga_sync:vga_unit|v_count_reg[4] ; clk_divider:clk_unit|clk_25M ; clk_divider:clk_unit|clk_25M ; 1.000        ; 0.000      ; 2.470      ;
; -1.425 ; vga_sync:vga_unit|h_count_reg[4] ; vga_sync:vga_unit|v_count_reg[5] ; clk_divider:clk_unit|clk_25M ; clk_divider:clk_unit|clk_25M ; 1.000        ; 0.000      ; 2.461      ;
; -1.425 ; vga_sync:vga_unit|h_count_reg[4] ; vga_sync:vga_unit|v_count_reg[6] ; clk_divider:clk_unit|clk_25M ; clk_divider:clk_unit|clk_25M ; 1.000        ; 0.000      ; 2.461      ;
; -1.425 ; vga_sync:vga_unit|h_count_reg[4] ; vga_sync:vga_unit|v_count_reg[7] ; clk_divider:clk_unit|clk_25M ; clk_divider:clk_unit|clk_25M ; 1.000        ; 0.000      ; 2.461      ;
; -1.425 ; vga_sync:vga_unit|h_count_reg[4] ; vga_sync:vga_unit|v_count_reg[8] ; clk_divider:clk_unit|clk_25M ; clk_divider:clk_unit|clk_25M ; 1.000        ; 0.000      ; 2.461      ;
; -1.425 ; vga_sync:vga_unit|h_count_reg[4] ; vga_sync:vga_unit|v_count_reg[9] ; clk_divider:clk_unit|clk_25M ; clk_divider:clk_unit|clk_25M ; 1.000        ; 0.000      ; 2.461      ;
; -1.425 ; vga_sync:vga_unit|h_count_reg[4] ; vga_sync:vga_unit|v_count_reg[3] ; clk_divider:clk_unit|clk_25M ; clk_divider:clk_unit|clk_25M ; 1.000        ; 0.000      ; 2.461      ;
; -1.425 ; vga_sync:vga_unit|h_count_reg[4] ; vga_sync:vga_unit|v_count_reg[1] ; clk_divider:clk_unit|clk_25M ; clk_divider:clk_unit|clk_25M ; 1.000        ; 0.000      ; 2.461      ;
; -1.425 ; vga_sync:vga_unit|h_count_reg[4] ; vga_sync:vga_unit|v_count_reg[2] ; clk_divider:clk_unit|clk_25M ; clk_divider:clk_unit|clk_25M ; 1.000        ; 0.000      ; 2.461      ;
; -1.425 ; vga_sync:vga_unit|h_count_reg[4] ; vga_sync:vga_unit|v_count_reg[0] ; clk_divider:clk_unit|clk_25M ; clk_divider:clk_unit|clk_25M ; 1.000        ; 0.000      ; 2.461      ;
; -1.425 ; vga_sync:vga_unit|h_count_reg[4] ; vga_sync:vga_unit|v_count_reg[4] ; clk_divider:clk_unit|clk_25M ; clk_divider:clk_unit|clk_25M ; 1.000        ; 0.000      ; 2.461      ;
; -1.391 ; vga_sync:vga_unit|h_count_reg[1] ; vga_sync:vga_unit|h_count_reg[8] ; clk_divider:clk_unit|clk_25M ; clk_divider:clk_unit|clk_25M ; 1.000        ; 0.000      ; 2.427      ;
; -1.382 ; vga_sync:vga_unit|h_count_reg[0] ; vga_sync:vga_unit|h_count_reg[5] ; clk_divider:clk_unit|clk_25M ; clk_divider:clk_unit|clk_25M ; 1.000        ; 0.000      ; 2.418      ;
; -1.355 ; vga_sync:vga_unit|h_count_reg[2] ; vga_sync:vga_unit|h_count_reg[9] ; clk_divider:clk_unit|clk_25M ; clk_divider:clk_unit|clk_25M ; 1.000        ; 0.000      ; 2.391      ;
; -1.339 ; vga_sync:vga_unit|v_count_reg[2] ; vga_sync:vga_unit|v_count_reg[9] ; clk_divider:clk_unit|clk_25M ; clk_divider:clk_unit|clk_25M ; 1.000        ; 0.000      ; 2.375      ;
; -1.311 ; vga_sync:vga_unit|h_count_reg[1] ; vga_sync:vga_unit|h_count_reg[5] ; clk_divider:clk_unit|clk_25M ; clk_divider:clk_unit|clk_25M ; 1.000        ; 0.000      ; 2.347      ;
; -1.307 ; vga_sync:vga_unit|h_count_reg[2] ; vga_sync:vga_unit|v_count_reg[5] ; clk_divider:clk_unit|clk_25M ; clk_divider:clk_unit|clk_25M ; 1.000        ; 0.000      ; 2.343      ;
; -1.307 ; vga_sync:vga_unit|h_count_reg[2] ; vga_sync:vga_unit|v_count_reg[6] ; clk_divider:clk_unit|clk_25M ; clk_divider:clk_unit|clk_25M ; 1.000        ; 0.000      ; 2.343      ;
; -1.307 ; vga_sync:vga_unit|h_count_reg[2] ; vga_sync:vga_unit|v_count_reg[7] ; clk_divider:clk_unit|clk_25M ; clk_divider:clk_unit|clk_25M ; 1.000        ; 0.000      ; 2.343      ;
; -1.307 ; vga_sync:vga_unit|h_count_reg[2] ; vga_sync:vga_unit|v_count_reg[8] ; clk_divider:clk_unit|clk_25M ; clk_divider:clk_unit|clk_25M ; 1.000        ; 0.000      ; 2.343      ;
; -1.307 ; vga_sync:vga_unit|h_count_reg[2] ; vga_sync:vga_unit|v_count_reg[9] ; clk_divider:clk_unit|clk_25M ; clk_divider:clk_unit|clk_25M ; 1.000        ; 0.000      ; 2.343      ;
; -1.307 ; vga_sync:vga_unit|h_count_reg[2] ; vga_sync:vga_unit|v_count_reg[3] ; clk_divider:clk_unit|clk_25M ; clk_divider:clk_unit|clk_25M ; 1.000        ; 0.000      ; 2.343      ;
; -1.307 ; vga_sync:vga_unit|h_count_reg[2] ; vga_sync:vga_unit|v_count_reg[1] ; clk_divider:clk_unit|clk_25M ; clk_divider:clk_unit|clk_25M ; 1.000        ; 0.000      ; 2.343      ;
; -1.307 ; vga_sync:vga_unit|h_count_reg[2] ; vga_sync:vga_unit|v_count_reg[2] ; clk_divider:clk_unit|clk_25M ; clk_divider:clk_unit|clk_25M ; 1.000        ; 0.000      ; 2.343      ;
; -1.307 ; vga_sync:vga_unit|h_count_reg[2] ; vga_sync:vga_unit|v_count_reg[0] ; clk_divider:clk_unit|clk_25M ; clk_divider:clk_unit|clk_25M ; 1.000        ; 0.000      ; 2.343      ;
; -1.307 ; vga_sync:vga_unit|h_count_reg[2] ; vga_sync:vga_unit|v_count_reg[4] ; clk_divider:clk_unit|clk_25M ; clk_divider:clk_unit|clk_25M ; 1.000        ; 0.000      ; 2.343      ;
; -1.301 ; vga_sync:vga_unit|h_count_reg[6] ; vga_sync:vga_unit|v_count_reg[5] ; clk_divider:clk_unit|clk_25M ; clk_divider:clk_unit|clk_25M ; 1.000        ; 0.000      ; 2.337      ;
; -1.301 ; vga_sync:vga_unit|h_count_reg[6] ; vga_sync:vga_unit|v_count_reg[6] ; clk_divider:clk_unit|clk_25M ; clk_divider:clk_unit|clk_25M ; 1.000        ; 0.000      ; 2.337      ;
; -1.301 ; vga_sync:vga_unit|h_count_reg[6] ; vga_sync:vga_unit|v_count_reg[7] ; clk_divider:clk_unit|clk_25M ; clk_divider:clk_unit|clk_25M ; 1.000        ; 0.000      ; 2.337      ;
; -1.301 ; vga_sync:vga_unit|h_count_reg[6] ; vga_sync:vga_unit|v_count_reg[8] ; clk_divider:clk_unit|clk_25M ; clk_divider:clk_unit|clk_25M ; 1.000        ; 0.000      ; 2.337      ;
; -1.301 ; vga_sync:vga_unit|h_count_reg[6] ; vga_sync:vga_unit|v_count_reg[9] ; clk_divider:clk_unit|clk_25M ; clk_divider:clk_unit|clk_25M ; 1.000        ; 0.000      ; 2.337      ;
; -1.301 ; vga_sync:vga_unit|h_count_reg[6] ; vga_sync:vga_unit|v_count_reg[3] ; clk_divider:clk_unit|clk_25M ; clk_divider:clk_unit|clk_25M ; 1.000        ; 0.000      ; 2.337      ;
; -1.301 ; vga_sync:vga_unit|h_count_reg[6] ; vga_sync:vga_unit|v_count_reg[1] ; clk_divider:clk_unit|clk_25M ; clk_divider:clk_unit|clk_25M ; 1.000        ; 0.000      ; 2.337      ;
; -1.301 ; vga_sync:vga_unit|h_count_reg[6] ; vga_sync:vga_unit|v_count_reg[2] ; clk_divider:clk_unit|clk_25M ; clk_divider:clk_unit|clk_25M ; 1.000        ; 0.000      ; 2.337      ;
; -1.301 ; vga_sync:vga_unit|h_count_reg[6] ; vga_sync:vga_unit|v_count_reg[0] ; clk_divider:clk_unit|clk_25M ; clk_divider:clk_unit|clk_25M ; 1.000        ; 0.000      ; 2.337      ;
; -1.301 ; vga_sync:vga_unit|h_count_reg[6] ; vga_sync:vga_unit|v_count_reg[4] ; clk_divider:clk_unit|clk_25M ; clk_divider:clk_unit|clk_25M ; 1.000        ; 0.000      ; 2.337      ;
; -1.285 ; vga_sync:vga_unit|h_count_reg[2] ; vga_sync:vga_unit|h_count_reg[8] ; clk_divider:clk_unit|clk_25M ; clk_divider:clk_unit|clk_25M ; 1.000        ; 0.000      ; 2.321      ;
; -1.284 ; vga_sync:vga_unit|v_count_reg[3] ; vga_sync:vga_unit|v_count_reg[9] ; clk_divider:clk_unit|clk_25M ; clk_divider:clk_unit|clk_25M ; 1.000        ; 0.000      ; 2.320      ;
; -1.269 ; vga_sync:vga_unit|h_count_reg[9] ; vga_sync:vga_unit|h_count_reg[8] ; clk_divider:clk_unit|clk_25M ; clk_divider:clk_unit|clk_25M ; 1.000        ; 0.000      ; 2.305      ;
; -1.268 ; vga_sync:vga_unit|h_count_reg[9] ; vga_sync:vga_unit|h_count_reg[9] ; clk_divider:clk_unit|clk_25M ; clk_divider:clk_unit|clk_25M ; 1.000        ; 0.000      ; 2.304      ;
; -1.247 ; vga_sync:vga_unit|v_count_reg[4] ; vga_sync:vga_unit|v_count_reg[9] ; clk_divider:clk_unit|clk_25M ; clk_divider:clk_unit|clk_25M ; 1.000        ; 0.000      ; 2.283      ;
; -1.225 ; vga_sync:vga_unit|h_count_reg[3] ; vga_sync:vga_unit|h_count_reg[9] ; clk_divider:clk_unit|clk_25M ; clk_divider:clk_unit|clk_25M ; 1.000        ; 0.000      ; 2.261      ;
; -1.205 ; vga_sync:vga_unit|h_count_reg[2] ; vga_sync:vga_unit|h_count_reg[5] ; clk_divider:clk_unit|clk_25M ; clk_divider:clk_unit|clk_25M ; 1.000        ; 0.000      ; 2.241      ;
; -1.190 ; vga_sync:vga_unit|h_count_reg[5] ; vga_sync:vga_unit|h_count_reg[8] ; clk_divider:clk_unit|clk_25M ; clk_divider:clk_unit|clk_25M ; 1.000        ; 0.000      ; 2.226      ;
; -1.189 ; vga_sync:vga_unit|h_count_reg[5] ; vga_sync:vga_unit|h_count_reg[9] ; clk_divider:clk_unit|clk_25M ; clk_divider:clk_unit|clk_25M ; 1.000        ; 0.000      ; 2.225      ;
; -1.179 ; vga_sync:vga_unit|h_count_reg[1] ; vga_sync:vga_unit|v_count_reg[5] ; clk_divider:clk_unit|clk_25M ; clk_divider:clk_unit|clk_25M ; 1.000        ; 0.000      ; 2.215      ;
; -1.179 ; vga_sync:vga_unit|h_count_reg[1] ; vga_sync:vga_unit|v_count_reg[6] ; clk_divider:clk_unit|clk_25M ; clk_divider:clk_unit|clk_25M ; 1.000        ; 0.000      ; 2.215      ;
; -1.179 ; vga_sync:vga_unit|h_count_reg[1] ; vga_sync:vga_unit|v_count_reg[7] ; clk_divider:clk_unit|clk_25M ; clk_divider:clk_unit|clk_25M ; 1.000        ; 0.000      ; 2.215      ;
; -1.179 ; vga_sync:vga_unit|h_count_reg[1] ; vga_sync:vga_unit|v_count_reg[8] ; clk_divider:clk_unit|clk_25M ; clk_divider:clk_unit|clk_25M ; 1.000        ; 0.000      ; 2.215      ;
; -1.179 ; vga_sync:vga_unit|h_count_reg[1] ; vga_sync:vga_unit|v_count_reg[9] ; clk_divider:clk_unit|clk_25M ; clk_divider:clk_unit|clk_25M ; 1.000        ; 0.000      ; 2.215      ;
; -1.179 ; vga_sync:vga_unit|h_count_reg[1] ; vga_sync:vga_unit|v_count_reg[3] ; clk_divider:clk_unit|clk_25M ; clk_divider:clk_unit|clk_25M ; 1.000        ; 0.000      ; 2.215      ;
; -1.179 ; vga_sync:vga_unit|h_count_reg[1] ; vga_sync:vga_unit|v_count_reg[1] ; clk_divider:clk_unit|clk_25M ; clk_divider:clk_unit|clk_25M ; 1.000        ; 0.000      ; 2.215      ;
; -1.179 ; vga_sync:vga_unit|h_count_reg[1] ; vga_sync:vga_unit|v_count_reg[2] ; clk_divider:clk_unit|clk_25M ; clk_divider:clk_unit|clk_25M ; 1.000        ; 0.000      ; 2.215      ;
; -1.179 ; vga_sync:vga_unit|h_count_reg[1] ; vga_sync:vga_unit|v_count_reg[0] ; clk_divider:clk_unit|clk_25M ; clk_divider:clk_unit|clk_25M ; 1.000        ; 0.000      ; 2.215      ;
; -1.179 ; vga_sync:vga_unit|h_count_reg[1] ; vga_sync:vga_unit|v_count_reg[4] ; clk_divider:clk_unit|clk_25M ; clk_divider:clk_unit|clk_25M ; 1.000        ; 0.000      ; 2.215      ;
; -1.155 ; vga_sync:vga_unit|h_count_reg[3] ; vga_sync:vga_unit|h_count_reg[8] ; clk_divider:clk_unit|clk_25M ; clk_divider:clk_unit|clk_25M ; 1.000        ; 0.000      ; 2.191      ;
+--------+----------------------------------+----------------------------------+------------------------------+------------------------------+--------------+------------+------------+


+-------------------------------------------------------------------------------------------------------------------------------------------------------------------------------+
; Slow Model Hold: 'CLOCK_50'                                                                                                                                                   ;
+--------+---------------------------------------+---------------------------------------+-------------------------------+-------------+--------------+------------+------------+
; Slack  ; From Node                             ; To Node                               ; Launch Clock                  ; Latch Clock ; Relationship ; Clock Skew ; Data Delay ;
+--------+---------------------------------------+---------------------------------------+-------------------------------+-------------+--------------+------------+------------+
; -2.538 ; clk_divider:clk_unit|clk_25M          ; clk_divider:clk_unit|clk_25M          ; clk_divider:clk_unit|clk_25M  ; CLOCK_50    ; 0.000        ; 2.679      ; 0.657      ;
; -2.538 ; clk_divider:clk_unit|clk_60Hz         ; clk_divider:clk_unit|clk_60Hz         ; clk_divider:clk_unit|clk_60Hz ; CLOCK_50    ; 0.000        ; 2.679      ; 0.657      ;
; -2.038 ; clk_divider:clk_unit|clk_25M          ; clk_divider:clk_unit|clk_25M          ; clk_divider:clk_unit|clk_25M  ; CLOCK_50    ; -0.500       ; 2.679      ; 0.657      ;
; -2.038 ; clk_divider:clk_unit|clk_60Hz         ; clk_divider:clk_unit|clk_60Hz         ; clk_divider:clk_unit|clk_60Hz ; CLOCK_50    ; -0.500       ; 2.679      ; 0.657      ;
; 0.545  ; clk_divider:clk_unit|counter_60Hz[19] ; clk_divider:clk_unit|counter_60Hz[19] ; CLOCK_50                      ; CLOCK_50    ; 0.000        ; 0.000      ; 0.811      ;
; 0.795  ; clk_divider:clk_unit|counter_60Hz[10] ; clk_divider:clk_unit|counter_60Hz[10] ; CLOCK_50                      ; CLOCK_50    ; 0.000        ; 0.000      ; 1.061      ;
; 0.805  ; clk_divider:clk_unit|counter_60Hz[5]  ; clk_divider:clk_unit|counter_60Hz[5]  ; CLOCK_50                      ; CLOCK_50    ; 0.000        ; 0.000      ; 1.071      ;
; 0.837  ; clk_divider:clk_unit|counter_60Hz[2]  ; clk_divider:clk_unit|counter_60Hz[2]  ; CLOCK_50                      ; CLOCK_50    ; 0.000        ; 0.000      ; 1.103      ;
; 0.838  ; clk_divider:clk_unit|counter_60Hz[6]  ; clk_divider:clk_unit|counter_60Hz[6]  ; CLOCK_50                      ; CLOCK_50    ; 0.000        ; 0.000      ; 1.104      ;
; 0.838  ; clk_divider:clk_unit|counter_60Hz[13] ; clk_divider:clk_unit|counter_60Hz[13] ; CLOCK_50                      ; CLOCK_50    ; 0.000        ; 0.000      ; 1.104      ;
; 0.839  ; clk_divider:clk_unit|counter_60Hz[15] ; clk_divider:clk_unit|counter_60Hz[15] ; CLOCK_50                      ; CLOCK_50    ; 0.000        ; 0.000      ; 1.105      ;
; 0.839  ; clk_divider:clk_unit|counter_60Hz[16] ; clk_divider:clk_unit|counter_60Hz[16] ; CLOCK_50                      ; CLOCK_50    ; 0.000        ; 0.000      ; 1.105      ;
; 1.188  ; clk_divider:clk_unit|counter_60Hz[5]  ; clk_divider:clk_unit|counter_60Hz[6]  ; CLOCK_50                      ; CLOCK_50    ; 0.000        ; 0.000      ; 1.454      ;
; 1.191  ; clk_divider:clk_unit|counter_60Hz[12] ; clk_divider:clk_unit|counter_60Hz[13] ; CLOCK_50                      ; CLOCK_50    ; 0.000        ; 0.000      ; 1.457      ;
; 1.191  ; clk_divider:clk_unit|counter_60Hz[14] ; clk_divider:clk_unit|counter_60Hz[15] ; CLOCK_50                      ; CLOCK_50    ; 0.000        ; 0.000      ; 1.457      ;
; 1.202  ; clk_divider:clk_unit|counter_60Hz[3]  ; clk_divider:clk_unit|counter_60Hz[3]  ; CLOCK_50                      ; CLOCK_50    ; 0.000        ; 0.000      ; 1.468      ;
; 1.202  ; clk_divider:clk_unit|counter_60Hz[8]  ; clk_divider:clk_unit|counter_60Hz[8]  ; CLOCK_50                      ; CLOCK_50    ; 0.000        ; 0.000      ; 1.468      ;
; 1.204  ; clk_divider:clk_unit|counter_60Hz[0]  ; clk_divider:clk_unit|counter_60Hz[0]  ; CLOCK_50                      ; CLOCK_50    ; 0.000        ; 0.000      ; 1.470      ;
; 1.224  ; clk_divider:clk_unit|counter_60Hz[18] ; clk_divider:clk_unit|counter_60Hz[19] ; CLOCK_50                      ; CLOCK_50    ; 0.000        ; 0.000      ; 1.490      ;
; 1.225  ; clk_divider:clk_unit|counter_60Hz[15] ; clk_divider:clk_unit|counter_60Hz[16] ; CLOCK_50                      ; CLOCK_50    ; 0.000        ; 0.000      ; 1.491      ;
; 1.228  ; clk_divider:clk_unit|counter_60Hz[4]  ; clk_divider:clk_unit|counter_60Hz[5]  ; CLOCK_50                      ; CLOCK_50    ; 0.000        ; 0.000      ; 1.494      ;
; 1.233  ; clk_divider:clk_unit|counter_60Hz[9]  ; clk_divider:clk_unit|counter_60Hz[9]  ; CLOCK_50                      ; CLOCK_50    ; 0.000        ; 0.000      ; 1.499      ;
; 1.255  ; clk_divider:clk_unit|counter_60Hz[3]  ; clk_divider:clk_unit|counter_60Hz[5]  ; CLOCK_50                      ; CLOCK_50    ; 0.000        ; 0.000      ; 1.521      ;
; 1.258  ; clk_divider:clk_unit|counter_60Hz[11] ; clk_divider:clk_unit|counter_60Hz[11] ; CLOCK_50                      ; CLOCK_50    ; 0.000        ; 0.000      ; 1.524      ;
; 1.262  ; clk_divider:clk_unit|counter_60Hz[14] ; clk_divider:clk_unit|counter_60Hz[16] ; CLOCK_50                      ; CLOCK_50    ; 0.000        ; 0.000      ; 1.528      ;
; 1.283  ; clk_divider:clk_unit|counter_60Hz[1]  ; clk_divider:clk_unit|counter_60Hz[2]  ; CLOCK_50                      ; CLOCK_50    ; 0.000        ; 0.000      ; 1.549      ;
; 1.295  ; clk_divider:clk_unit|counter_60Hz[13] ; clk_divider:clk_unit|counter_60Hz[15] ; CLOCK_50                      ; CLOCK_50    ; 0.000        ; 0.000      ; 1.561      ;
; 1.296  ; clk_divider:clk_unit|counter_60Hz[9]  ; clk_divider:clk_unit|counter_60Hz[10] ; CLOCK_50                      ; CLOCK_50    ; 0.000        ; 0.011      ; 1.573      ;
; 1.298  ; clk_divider:clk_unit|counter_60Hz[11] ; clk_divider:clk_unit|counter_60Hz[13] ; CLOCK_50                      ; CLOCK_50    ; 0.000        ; 0.000      ; 1.564      ;
; 1.299  ; clk_divider:clk_unit|counter_60Hz[4]  ; clk_divider:clk_unit|counter_60Hz[6]  ; CLOCK_50                      ; CLOCK_50    ; 0.000        ; 0.000      ; 1.565      ;
; 1.320  ; clk_divider:clk_unit|counter_60Hz[10] ; clk_divider:clk_unit|counter_60Hz[13] ; CLOCK_50                      ; CLOCK_50    ; 0.000        ; 0.000      ; 1.586      ;
; 1.326  ; clk_divider:clk_unit|counter_60Hz[8]  ; clk_divider:clk_unit|counter_60Hz[10] ; CLOCK_50                      ; CLOCK_50    ; 0.000        ; 0.011      ; 1.603      ;
; 1.326  ; clk_divider:clk_unit|counter_60Hz[3]  ; clk_divider:clk_unit|counter_60Hz[6]  ; CLOCK_50                      ; CLOCK_50    ; 0.000        ; 0.000      ; 1.592      ;
; 1.333  ; clk_divider:clk_unit|counter_60Hz[12] ; clk_divider:clk_unit|counter_60Hz[15] ; CLOCK_50                      ; CLOCK_50    ; 0.000        ; 0.000      ; 1.599      ;
; 1.339  ; clk_divider:clk_unit|counter_60Hz[1]  ; clk_divider:clk_unit|counter_60Hz[1]  ; CLOCK_50                      ; CLOCK_50    ; 0.000        ; 0.000      ; 1.605      ;
; 1.339  ; clk_divider:clk_unit|counter_60Hz[12] ; clk_divider:clk_unit|counter_60Hz[12] ; CLOCK_50                      ; CLOCK_50    ; 0.000        ; 0.000      ; 1.605      ;
; 1.339  ; clk_divider:clk_unit|counter_60Hz[14] ; clk_divider:clk_unit|counter_60Hz[14] ; CLOCK_50                      ; CLOCK_50    ; 0.000        ; 0.000      ; 1.605      ;
; 1.339  ; clk_divider:clk_unit|counter_60Hz[17] ; clk_divider:clk_unit|counter_60Hz[17] ; CLOCK_50                      ; CLOCK_50    ; 0.000        ; 0.000      ; 1.605      ;
; 1.349  ; clk_divider:clk_unit|counter_60Hz[0]  ; clk_divider:clk_unit|counter_60Hz[2]  ; CLOCK_50                      ; CLOCK_50    ; 0.000        ; 0.000      ; 1.615      ;
; 1.354  ; clk_divider:clk_unit|counter_60Hz[17] ; clk_divider:clk_unit|counter_60Hz[19] ; CLOCK_50                      ; CLOCK_50    ; 0.000        ; 0.000      ; 1.620      ;
; 1.365  ; clk_divider:clk_unit|counter_60Hz[2]  ; clk_divider:clk_unit|counter_60Hz[5]  ; CLOCK_50                      ; CLOCK_50    ; 0.000        ; 0.000      ; 1.631      ;
; 1.366  ; clk_divider:clk_unit|counter_60Hz[13] ; clk_divider:clk_unit|counter_60Hz[16] ; CLOCK_50                      ; CLOCK_50    ; 0.000        ; 0.000      ; 1.632      ;
; 1.368  ; clk_divider:clk_unit|counter_60Hz[18] ; clk_divider:clk_unit|counter_60Hz[18] ; CLOCK_50                      ; CLOCK_50    ; 0.000        ; 0.000      ; 1.634      ;
; 1.375  ; clk_divider:clk_unit|counter_60Hz[4]  ; clk_divider:clk_unit|counter_60Hz[4]  ; CLOCK_50                      ; CLOCK_50    ; 0.000        ; 0.000      ; 1.641      ;
; 1.404  ; clk_divider:clk_unit|counter_60Hz[12] ; clk_divider:clk_unit|counter_60Hz[16] ; CLOCK_50                      ; CLOCK_50    ; 0.000        ; 0.000      ; 1.670      ;
; 1.410  ; clk_divider:clk_unit|counter_60Hz[2]  ; clk_divider:clk_unit|counter_60Hz[7]  ; CLOCK_50                      ; CLOCK_50    ; 0.000        ; 0.000      ; 1.676      ;
; 1.436  ; clk_divider:clk_unit|counter_60Hz[2]  ; clk_divider:clk_unit|counter_60Hz[6]  ; CLOCK_50                      ; CLOCK_50    ; 0.000        ; 0.000      ; 1.702      ;
; 1.440  ; clk_divider:clk_unit|counter_60Hz[11] ; clk_divider:clk_unit|counter_60Hz[15] ; CLOCK_50                      ; CLOCK_50    ; 0.000        ; 0.000      ; 1.706      ;
; 1.455  ; clk_divider:clk_unit|counter_60Hz[16] ; clk_divider:clk_unit|counter_60Hz[19] ; CLOCK_50                      ; CLOCK_50    ; 0.000        ; 0.000      ; 1.721      ;
; 1.462  ; clk_divider:clk_unit|counter_60Hz[10] ; clk_divider:clk_unit|counter_60Hz[15] ; CLOCK_50                      ; CLOCK_50    ; 0.000        ; 0.000      ; 1.728      ;
; 1.496  ; clk_divider:clk_unit|counter_60Hz[1]  ; clk_divider:clk_unit|counter_60Hz[5]  ; CLOCK_50                      ; CLOCK_50    ; 0.000        ; 0.000      ; 1.762      ;
; 1.501  ; clk_divider:clk_unit|counter_60Hz[6]  ; clk_divider:clk_unit|counter_60Hz[10] ; CLOCK_50                      ; CLOCK_50    ; 0.000        ; 0.011      ; 1.778      ;
; 1.509  ; clk_divider:clk_unit|counter_60Hz[9]  ; clk_divider:clk_unit|counter_60Hz[13] ; CLOCK_50                      ; CLOCK_50    ; 0.000        ; 0.011      ; 1.786      ;
; 1.511  ; clk_divider:clk_unit|counter_60Hz[11] ; clk_divider:clk_unit|counter_60Hz[16] ; CLOCK_50                      ; CLOCK_50    ; 0.000        ; 0.000      ; 1.777      ;
; 1.526  ; clk_divider:clk_unit|counter_60Hz[15] ; clk_divider:clk_unit|counter_60Hz[19] ; CLOCK_50                      ; CLOCK_50    ; 0.000        ; 0.000      ; 1.792      ;
; 1.533  ; clk_divider:clk_unit|counter_60Hz[10] ; clk_divider:clk_unit|counter_60Hz[16] ; CLOCK_50                      ; CLOCK_50    ; 0.000        ; 0.000      ; 1.799      ;
; 1.536  ; clk_divider:clk_unit|counter_60Hz[5]  ; clk_divider:clk_unit|counter_60Hz[10] ; CLOCK_50                      ; CLOCK_50    ; 0.000        ; 0.011      ; 1.813      ;
; 1.539  ; clk_divider:clk_unit|counter_60Hz[8]  ; clk_divider:clk_unit|counter_60Hz[13] ; CLOCK_50                      ; CLOCK_50    ; 0.000        ; 0.011      ; 1.816      ;
; 1.542  ; clk_divider:clk_unit|counter_60Hz[3]  ; clk_divider:clk_unit|counter_60Hz[7]  ; CLOCK_50                      ; CLOCK_50    ; 0.000        ; 0.000      ; 1.808      ;
; 1.562  ; clk_divider:clk_unit|counter_60Hz[0]  ; clk_divider:clk_unit|counter_60Hz[5]  ; CLOCK_50                      ; CLOCK_50    ; 0.000        ; 0.000      ; 1.828      ;
; 1.563  ; clk_divider:clk_unit|counter_60Hz[14] ; clk_divider:clk_unit|counter_60Hz[19] ; CLOCK_50                      ; CLOCK_50    ; 0.000        ; 0.000      ; 1.829      ;
; 1.566  ; clk_divider:clk_unit|counter_60Hz[7]  ; clk_divider:clk_unit|counter_60Hz[10] ; CLOCK_50                      ; CLOCK_50    ; 0.000        ; 0.011      ; 1.843      ;
; 1.567  ; clk_divider:clk_unit|counter_60Hz[1]  ; clk_divider:clk_unit|counter_60Hz[6]  ; CLOCK_50                      ; CLOCK_50    ; 0.000        ; 0.000      ; 1.833      ;
; 1.584  ; clk_divider:clk_unit|counter_60Hz[8]  ; clk_divider:clk_unit|counter_60Hz[9]  ; CLOCK_50                      ; CLOCK_50    ; 0.000        ; 0.000      ; 1.850      ;
; 1.595  ; clk_divider:clk_unit|counter_60Hz[10] ; clk_divider:clk_unit|counter_60Hz[11] ; CLOCK_50                      ; CLOCK_50    ; 0.000        ; 0.000      ; 1.861      ;
; 1.624  ; clk_divider:clk_unit|counter_60Hz[2]  ; clk_divider:clk_unit|counter_60Hz[3]  ; CLOCK_50                      ; CLOCK_50    ; 0.000        ; 0.000      ; 1.890      ;
; 1.633  ; clk_divider:clk_unit|counter_60Hz[0]  ; clk_divider:clk_unit|counter_60Hz[6]  ; CLOCK_50                      ; CLOCK_50    ; 0.000        ; 0.000      ; 1.899      ;
; 1.636  ; clk_divider:clk_unit|counter_60Hz[2]  ; clk_divider:clk_unit|counter_60Hz[8]  ; CLOCK_50                      ; CLOCK_50    ; 0.000        ; 0.000      ; 1.902      ;
; 1.636  ; clk_divider:clk_unit|counter_60Hz[2]  ; clk_divider:clk_unit|counter_60Hz[9]  ; CLOCK_50                      ; CLOCK_50    ; 0.000        ; 0.000      ; 1.902      ;
; 1.637  ; clk_divider:clk_unit|counter_60Hz[2]  ; clk_divider:clk_unit|counter_60Hz[0]  ; CLOCK_50                      ; CLOCK_50    ; 0.000        ; 0.000      ; 1.903      ;
; 1.641  ; clk_divider:clk_unit|counter_60Hz[0]  ; clk_divider:clk_unit|counter_60Hz[7]  ; CLOCK_50                      ; CLOCK_50    ; 0.000        ; 0.000      ; 1.907      ;
; 1.647  ; clk_divider:clk_unit|counter_60Hz[4]  ; clk_divider:clk_unit|counter_60Hz[10] ; CLOCK_50                      ; CLOCK_50    ; 0.000        ; 0.011      ; 1.924      ;
; 1.651  ; clk_divider:clk_unit|counter_60Hz[9]  ; clk_divider:clk_unit|counter_60Hz[15] ; CLOCK_50                      ; CLOCK_50    ; 0.000        ; 0.011      ; 1.928      ;
; 1.667  ; clk_divider:clk_unit|counter_60Hz[13] ; clk_divider:clk_unit|counter_60Hz[19] ; CLOCK_50                      ; CLOCK_50    ; 0.000        ; 0.000      ; 1.933      ;
; 1.668  ; clk_divider:clk_unit|counter_60Hz[2]  ; clk_divider:clk_unit|counter_60Hz[4]  ; CLOCK_50                      ; CLOCK_50    ; 0.000        ; 0.000      ; 1.934      ;
; 1.670  ; clk_divider:clk_unit|counter_60Hz[2]  ; clk_divider:clk_unit|counter_60Hz[1]  ; CLOCK_50                      ; CLOCK_50    ; 0.000        ; 0.000      ; 1.936      ;
; 1.674  ; clk_divider:clk_unit|counter_60Hz[3]  ; clk_divider:clk_unit|counter_60Hz[10] ; CLOCK_50                      ; CLOCK_50    ; 0.000        ; 0.011      ; 1.951      ;
; 1.681  ; clk_divider:clk_unit|counter_60Hz[8]  ; clk_divider:clk_unit|counter_60Hz[15] ; CLOCK_50                      ; CLOCK_50    ; 0.000        ; 0.011      ; 1.958      ;
; 1.689  ; clk_divider:clk_unit|counter_60Hz[6]  ; clk_divider:clk_unit|counter_60Hz[8]  ; CLOCK_50                      ; CLOCK_50    ; 0.000        ; 0.000      ; 1.955      ;
; 1.705  ; clk_divider:clk_unit|counter_60Hz[12] ; clk_divider:clk_unit|counter_60Hz[19] ; CLOCK_50                      ; CLOCK_50    ; 0.000        ; 0.000      ; 1.971      ;
; 1.714  ; clk_divider:clk_unit|counter_60Hz[6]  ; clk_divider:clk_unit|counter_60Hz[13] ; CLOCK_50                      ; CLOCK_50    ; 0.000        ; 0.011      ; 1.991      ;
; 1.717  ; clk_divider:clk_unit|counter_60Hz[3]  ; clk_divider:clk_unit|counter_60Hz[4]  ; CLOCK_50                      ; CLOCK_50    ; 0.000        ; 0.000      ; 1.983      ;
; 1.718  ; clk_divider:clk_unit|counter_60Hz[1]  ; clk_divider:clk_unit|counter_60Hz[7]  ; CLOCK_50                      ; CLOCK_50    ; 0.000        ; 0.000      ; 1.984      ;
; 1.721  ; clk_divider:clk_unit|counter_60Hz[0]  ; clk_divider:clk_unit|counter_60Hz[1]  ; CLOCK_50                      ; CLOCK_50    ; 0.000        ; 0.000      ; 1.987      ;
; 1.722  ; clk_divider:clk_unit|counter_60Hz[9]  ; clk_divider:clk_unit|counter_60Hz[16] ; CLOCK_50                      ; CLOCK_50    ; 0.000        ; 0.011      ; 1.999      ;
; 1.724  ; clk_divider:clk_unit|counter_60Hz[5]  ; clk_divider:clk_unit|counter_60Hz[8]  ; CLOCK_50                      ; CLOCK_50    ; 0.000        ; 0.000      ; 1.990      ;
; 1.749  ; clk_divider:clk_unit|counter_60Hz[5]  ; clk_divider:clk_unit|counter_60Hz[13] ; CLOCK_50                      ; CLOCK_50    ; 0.000        ; 0.011      ; 2.026      ;
; 1.752  ; clk_divider:clk_unit|counter_60Hz[8]  ; clk_divider:clk_unit|counter_60Hz[16] ; CLOCK_50                      ; CLOCK_50    ; 0.000        ; 0.011      ; 2.029      ;
; 1.754  ; clk_divider:clk_unit|counter_60Hz[7]  ; clk_divider:clk_unit|counter_60Hz[8]  ; CLOCK_50                      ; CLOCK_50    ; 0.000        ; 0.000      ; 2.020      ;
; 1.755  ; clk_divider:clk_unit|counter_60Hz[13] ; clk_divider:clk_unit|counter_60Hz[14] ; CLOCK_50                      ; CLOCK_50    ; 0.000        ; 0.000      ; 2.021      ;
; 1.755  ; clk_divider:clk_unit|counter_60Hz[1]  ; clk_divider:clk_unit|counter_60Hz[3]  ; CLOCK_50                      ; CLOCK_50    ; 0.000        ; 0.000      ; 2.021      ;
; 1.756  ; clk_divider:clk_unit|counter_60Hz[16] ; clk_divider:clk_unit|counter_60Hz[17] ; CLOCK_50                      ; CLOCK_50    ; 0.000        ; 0.000      ; 2.022      ;
; 1.758  ; clk_divider:clk_unit|counter_60Hz[11] ; clk_divider:clk_unit|counter_60Hz[12] ; CLOCK_50                      ; CLOCK_50    ; 0.000        ; 0.000      ; 2.024      ;
; 1.759  ; clk_divider:clk_unit|counter_60Hz[6]  ; clk_divider:clk_unit|counter_60Hz[9]  ; CLOCK_50                      ; CLOCK_50    ; 0.000        ; 0.000      ; 2.025      ;
; 1.768  ; clk_divider:clk_unit|counter_60Hz[3]  ; clk_divider:clk_unit|counter_60Hz[8]  ; CLOCK_50                      ; CLOCK_50    ; 0.000        ; 0.000      ; 2.034      ;
; 1.768  ; clk_divider:clk_unit|counter_60Hz[3]  ; clk_divider:clk_unit|counter_60Hz[9]  ; CLOCK_50                      ; CLOCK_50    ; 0.000        ; 0.000      ; 2.034      ;
; 1.769  ; clk_divider:clk_unit|counter_60Hz[3]  ; clk_divider:clk_unit|counter_60Hz[0]  ; CLOCK_50                      ; CLOCK_50    ; 0.000        ; 0.000      ; 2.035      ;
; 1.779  ; clk_divider:clk_unit|counter_60Hz[7]  ; clk_divider:clk_unit|counter_60Hz[13] ; CLOCK_50                      ; CLOCK_50    ; 0.000        ; 0.011      ; 2.056      ;
; 1.780  ; clk_divider:clk_unit|counter_60Hz[10] ; clk_divider:clk_unit|counter_60Hz[12] ; CLOCK_50                      ; CLOCK_50    ; 0.000        ; 0.000      ; 2.046      ;
; 1.784  ; clk_divider:clk_unit|counter_60Hz[9]  ; clk_divider:clk_unit|counter_60Hz[11] ; CLOCK_50                      ; CLOCK_50    ; 0.000        ; 0.011      ; 2.061      ;
+--------+---------------------------------------+---------------------------------------+-------------------------------+-------------+--------------+------------+------------+


+--------------------------------------------------------------------------------------------------------------------------------------------------------------------------------------+
; Slow Model Hold: 'clk_divider:clk_unit|clk_60Hz'                                                                                                                                     ;
+-------+----------------------------------+----------------------------------+-------------------------------+-------------------------------+--------------+------------+------------+
; Slack ; From Node                        ; To Node                          ; Launch Clock                  ; Latch Clock                   ; Relationship ; Clock Skew ; Data Delay ;
+-------+----------------------------------+----------------------------------+-------------------------------+-------------------------------+--------------+------------+------------+
; 0.391 ; game_logic:game_unit|hit_wait[0] ; game_logic:game_unit|hit_wait[0] ; clk_divider:clk_unit|clk_60Hz ; clk_divider:clk_unit|clk_60Hz ; 0.000        ; 0.000      ; 0.657      ;
; 0.391 ; game_logic:game_unit|hit_wait[1] ; game_logic:game_unit|hit_wait[1] ; clk_divider:clk_unit|clk_60Hz ; clk_divider:clk_unit|clk_60Hz ; 0.000        ; 0.000      ; 0.657      ;
; 0.391 ; game_logic:game_unit|dir_x       ; game_logic:game_unit|dir_x       ; clk_divider:clk_unit|clk_60Hz ; clk_divider:clk_unit|clk_60Hz ; 0.000        ; 0.000      ; 0.657      ;
; 0.391 ; game_logic:game_unit|dir_y       ; game_logic:game_unit|dir_y       ; clk_divider:clk_unit|clk_60Hz ; clk_divider:clk_unit|clk_60Hz ; 0.000        ; 0.000      ; 0.657      ;
; 0.391 ; game_logic:game_unit|bricks[9]   ; game_logic:game_unit|bricks[9]   ; clk_divider:clk_unit|clk_60Hz ; clk_divider:clk_unit|clk_60Hz ; 0.000        ; 0.000      ; 0.657      ;
; 0.391 ; game_logic:game_unit|bricks[41]  ; game_logic:game_unit|bricks[41]  ; clk_divider:clk_unit|clk_60Hz ; clk_divider:clk_unit|clk_60Hz ; 0.000        ; 0.000      ; 0.657      ;
; 0.391 ; game_logic:game_unit|bricks[57]  ; game_logic:game_unit|bricks[57]  ; clk_divider:clk_unit|clk_60Hz ; clk_divider:clk_unit|clk_60Hz ; 0.000        ; 0.000      ; 0.657      ;
; 0.391 ; game_logic:game_unit|bricks[8]   ; game_logic:game_unit|bricks[8]   ; clk_divider:clk_unit|clk_60Hz ; clk_divider:clk_unit|clk_60Hz ; 0.000        ; 0.000      ; 0.657      ;
; 0.391 ; game_logic:game_unit|bricks[40]  ; game_logic:game_unit|bricks[40]  ; clk_divider:clk_unit|clk_60Hz ; clk_divider:clk_unit|clk_60Hz ; 0.000        ; 0.000      ; 0.657      ;
; 0.391 ; game_logic:game_unit|bricks[56]  ; game_logic:game_unit|bricks[56]  ; clk_divider:clk_unit|clk_60Hz ; clk_divider:clk_unit|clk_60Hz ; 0.000        ; 0.000      ; 0.657      ;
; 0.391 ; game_logic:game_unit|bricks[24]  ; game_logic:game_unit|bricks[24]  ; clk_divider:clk_unit|clk_60Hz ; clk_divider:clk_unit|clk_60Hz ; 0.000        ; 0.000      ; 0.657      ;
; 0.391 ; game_logic:game_unit|bricks[10]  ; game_logic:game_unit|bricks[10]  ; clk_divider:clk_unit|clk_60Hz ; clk_divider:clk_unit|clk_60Hz ; 0.000        ; 0.000      ; 0.657      ;
; 0.391 ; game_logic:game_unit|bricks[42]  ; game_logic:game_unit|bricks[42]  ; clk_divider:clk_unit|clk_60Hz ; clk_divider:clk_unit|clk_60Hz ; 0.000        ; 0.000      ; 0.657      ;
; 0.391 ; game_logic:game_unit|bricks[26]  ; game_logic:game_unit|bricks[26]  ; clk_divider:clk_unit|clk_60Hz ; clk_divider:clk_unit|clk_60Hz ; 0.000        ; 0.000      ; 0.657      ;
; 0.391 ; game_logic:game_unit|bricks[11]  ; game_logic:game_unit|bricks[11]  ; clk_divider:clk_unit|clk_60Hz ; clk_divider:clk_unit|clk_60Hz ; 0.000        ; 0.000      ; 0.657      ;
; 0.391 ; game_logic:game_unit|bricks[27]  ; game_logic:game_unit|bricks[27]  ; clk_divider:clk_unit|clk_60Hz ; clk_divider:clk_unit|clk_60Hz ; 0.000        ; 0.000      ; 0.657      ;
; 0.391 ; game_logic:game_unit|bricks[59]  ; game_logic:game_unit|bricks[59]  ; clk_divider:clk_unit|clk_60Hz ; clk_divider:clk_unit|clk_60Hz ; 0.000        ; 0.000      ; 0.657      ;
; 0.391 ; game_logic:game_unit|bricks[43]  ; game_logic:game_unit|bricks[43]  ; clk_divider:clk_unit|clk_60Hz ; clk_divider:clk_unit|clk_60Hz ; 0.000        ; 0.000      ; 0.657      ;
; 0.391 ; game_logic:game_unit|bricks[32]  ; game_logic:game_unit|bricks[32]  ; clk_divider:clk_unit|clk_60Hz ; clk_divider:clk_unit|clk_60Hz ; 0.000        ; 0.000      ; 0.657      ;
; 0.391 ; game_logic:game_unit|bricks[0]   ; game_logic:game_unit|bricks[0]   ; clk_divider:clk_unit|clk_60Hz ; clk_divider:clk_unit|clk_60Hz ; 0.000        ; 0.000      ; 0.657      ;
; 0.391 ; game_logic:game_unit|bricks[48]  ; game_logic:game_unit|bricks[48]  ; clk_divider:clk_unit|clk_60Hz ; clk_divider:clk_unit|clk_60Hz ; 0.000        ; 0.000      ; 0.657      ;
; 0.391 ; game_logic:game_unit|bricks[16]  ; game_logic:game_unit|bricks[16]  ; clk_divider:clk_unit|clk_60Hz ; clk_divider:clk_unit|clk_60Hz ; 0.000        ; 0.000      ; 0.657      ;
; 0.391 ; game_logic:game_unit|bricks[17]  ; game_logic:game_unit|bricks[17]  ; clk_divider:clk_unit|clk_60Hz ; clk_divider:clk_unit|clk_60Hz ; 0.000        ; 0.000      ; 0.657      ;
; 0.391 ; game_logic:game_unit|bricks[1]   ; game_logic:game_unit|bricks[1]   ; clk_divider:clk_unit|clk_60Hz ; clk_divider:clk_unit|clk_60Hz ; 0.000        ; 0.000      ; 0.657      ;
; 0.391 ; game_logic:game_unit|bricks[49]  ; game_logic:game_unit|bricks[49]  ; clk_divider:clk_unit|clk_60Hz ; clk_divider:clk_unit|clk_60Hz ; 0.000        ; 0.000      ; 0.657      ;
; 0.391 ; game_logic:game_unit|bricks[33]  ; game_logic:game_unit|bricks[33]  ; clk_divider:clk_unit|clk_60Hz ; clk_divider:clk_unit|clk_60Hz ; 0.000        ; 0.000      ; 0.657      ;
; 0.391 ; game_logic:game_unit|bricks[19]  ; game_logic:game_unit|bricks[19]  ; clk_divider:clk_unit|clk_60Hz ; clk_divider:clk_unit|clk_60Hz ; 0.000        ; 0.000      ; 0.657      ;
; 0.391 ; game_logic:game_unit|bricks[3]   ; game_logic:game_unit|bricks[3]   ; clk_divider:clk_unit|clk_60Hz ; clk_divider:clk_unit|clk_60Hz ; 0.000        ; 0.000      ; 0.657      ;
; 0.391 ; game_logic:game_unit|bricks[35]  ; game_logic:game_unit|bricks[35]  ; clk_divider:clk_unit|clk_60Hz ; clk_divider:clk_unit|clk_60Hz ; 0.000        ; 0.000      ; 0.657      ;
; 0.391 ; game_logic:game_unit|bricks[51]  ; game_logic:game_unit|bricks[51]  ; clk_divider:clk_unit|clk_60Hz ; clk_divider:clk_unit|clk_60Hz ; 0.000        ; 0.000      ; 0.657      ;
; 0.391 ; game_logic:game_unit|bricks[34]  ; game_logic:game_unit|bricks[34]  ; clk_divider:clk_unit|clk_60Hz ; clk_divider:clk_unit|clk_60Hz ; 0.000        ; 0.000      ; 0.657      ;
; 0.391 ; game_logic:game_unit|bricks[2]   ; game_logic:game_unit|bricks[2]   ; clk_divider:clk_unit|clk_60Hz ; clk_divider:clk_unit|clk_60Hz ; 0.000        ; 0.000      ; 0.657      ;
; 0.391 ; game_logic:game_unit|bricks[50]  ; game_logic:game_unit|bricks[50]  ; clk_divider:clk_unit|clk_60Hz ; clk_divider:clk_unit|clk_60Hz ; 0.000        ; 0.000      ; 0.657      ;
; 0.391 ; game_logic:game_unit|bricks[18]  ; game_logic:game_unit|bricks[18]  ; clk_divider:clk_unit|clk_60Hz ; clk_divider:clk_unit|clk_60Hz ; 0.000        ; 0.000      ; 0.657      ;
; 0.391 ; game_logic:game_unit|bricks[14]  ; game_logic:game_unit|bricks[14]  ; clk_divider:clk_unit|clk_60Hz ; clk_divider:clk_unit|clk_60Hz ; 0.000        ; 0.000      ; 0.657      ;
; 0.391 ; game_logic:game_unit|bricks[46]  ; game_logic:game_unit|bricks[46]  ; clk_divider:clk_unit|clk_60Hz ; clk_divider:clk_unit|clk_60Hz ; 0.000        ; 0.000      ; 0.657      ;
; 0.391 ; game_logic:game_unit|bricks[62]  ; game_logic:game_unit|bricks[62]  ; clk_divider:clk_unit|clk_60Hz ; clk_divider:clk_unit|clk_60Hz ; 0.000        ; 0.000      ; 0.657      ;
; 0.391 ; game_logic:game_unit|bricks[30]  ; game_logic:game_unit|bricks[30]  ; clk_divider:clk_unit|clk_60Hz ; clk_divider:clk_unit|clk_60Hz ; 0.000        ; 0.000      ; 0.657      ;
; 0.391 ; game_logic:game_unit|bricks[44]  ; game_logic:game_unit|bricks[44]  ; clk_divider:clk_unit|clk_60Hz ; clk_divider:clk_unit|clk_60Hz ; 0.000        ; 0.000      ; 0.657      ;
; 0.391 ; game_logic:game_unit|bricks[12]  ; game_logic:game_unit|bricks[12]  ; clk_divider:clk_unit|clk_60Hz ; clk_divider:clk_unit|clk_60Hz ; 0.000        ; 0.000      ; 0.657      ;
; 0.391 ; game_logic:game_unit|bricks[28]  ; game_logic:game_unit|bricks[28]  ; clk_divider:clk_unit|clk_60Hz ; clk_divider:clk_unit|clk_60Hz ; 0.000        ; 0.000      ; 0.657      ;
; 0.391 ; game_logic:game_unit|bricks[60]  ; game_logic:game_unit|bricks[60]  ; clk_divider:clk_unit|clk_60Hz ; clk_divider:clk_unit|clk_60Hz ; 0.000        ; 0.000      ; 0.657      ;
; 0.391 ; game_logic:game_unit|bricks[31]  ; game_logic:game_unit|bricks[31]  ; clk_divider:clk_unit|clk_60Hz ; clk_divider:clk_unit|clk_60Hz ; 0.000        ; 0.000      ; 0.657      ;
; 0.391 ; game_logic:game_unit|bricks[15]  ; game_logic:game_unit|bricks[15]  ; clk_divider:clk_unit|clk_60Hz ; clk_divider:clk_unit|clk_60Hz ; 0.000        ; 0.000      ; 0.657      ;
; 0.391 ; game_logic:game_unit|bricks[47]  ; game_logic:game_unit|bricks[47]  ; clk_divider:clk_unit|clk_60Hz ; clk_divider:clk_unit|clk_60Hz ; 0.000        ; 0.000      ; 0.657      ;
; 0.391 ; game_logic:game_unit|bricks[63]  ; game_logic:game_unit|bricks[63]  ; clk_divider:clk_unit|clk_60Hz ; clk_divider:clk_unit|clk_60Hz ; 0.000        ; 0.000      ; 0.657      ;
; 0.391 ; game_logic:game_unit|bricks[29]  ; game_logic:game_unit|bricks[29]  ; clk_divider:clk_unit|clk_60Hz ; clk_divider:clk_unit|clk_60Hz ; 0.000        ; 0.000      ; 0.657      ;
; 0.391 ; game_logic:game_unit|bricks[13]  ; game_logic:game_unit|bricks[13]  ; clk_divider:clk_unit|clk_60Hz ; clk_divider:clk_unit|clk_60Hz ; 0.000        ; 0.000      ; 0.657      ;
; 0.391 ; game_logic:game_unit|bricks[45]  ; game_logic:game_unit|bricks[45]  ; clk_divider:clk_unit|clk_60Hz ; clk_divider:clk_unit|clk_60Hz ; 0.000        ; 0.000      ; 0.657      ;
; 0.391 ; game_logic:game_unit|bricks[61]  ; game_logic:game_unit|bricks[61]  ; clk_divider:clk_unit|clk_60Hz ; clk_divider:clk_unit|clk_60Hz ; 0.000        ; 0.000      ; 0.657      ;
; 0.391 ; game_logic:game_unit|bricks[23]  ; game_logic:game_unit|bricks[23]  ; clk_divider:clk_unit|clk_60Hz ; clk_divider:clk_unit|clk_60Hz ; 0.000        ; 0.000      ; 0.657      ;
; 0.391 ; game_logic:game_unit|bricks[7]   ; game_logic:game_unit|bricks[7]   ; clk_divider:clk_unit|clk_60Hz ; clk_divider:clk_unit|clk_60Hz ; 0.000        ; 0.000      ; 0.657      ;
; 0.391 ; game_logic:game_unit|bricks[55]  ; game_logic:game_unit|bricks[55]  ; clk_divider:clk_unit|clk_60Hz ; clk_divider:clk_unit|clk_60Hz ; 0.000        ; 0.000      ; 0.657      ;
; 0.391 ; game_logic:game_unit|bricks[39]  ; game_logic:game_unit|bricks[39]  ; clk_divider:clk_unit|clk_60Hz ; clk_divider:clk_unit|clk_60Hz ; 0.000        ; 0.000      ; 0.657      ;
; 0.391 ; game_logic:game_unit|bricks[6]   ; game_logic:game_unit|bricks[6]   ; clk_divider:clk_unit|clk_60Hz ; clk_divider:clk_unit|clk_60Hz ; 0.000        ; 0.000      ; 0.657      ;
; 0.391 ; game_logic:game_unit|bricks[38]  ; game_logic:game_unit|bricks[38]  ; clk_divider:clk_unit|clk_60Hz ; clk_divider:clk_unit|clk_60Hz ; 0.000        ; 0.000      ; 0.657      ;
; 0.391 ; game_logic:game_unit|bricks[54]  ; game_logic:game_unit|bricks[54]  ; clk_divider:clk_unit|clk_60Hz ; clk_divider:clk_unit|clk_60Hz ; 0.000        ; 0.000      ; 0.657      ;
; 0.391 ; game_logic:game_unit|bricks[22]  ; game_logic:game_unit|bricks[22]  ; clk_divider:clk_unit|clk_60Hz ; clk_divider:clk_unit|clk_60Hz ; 0.000        ; 0.000      ; 0.657      ;
; 0.391 ; game_logic:game_unit|bricks[36]  ; game_logic:game_unit|bricks[36]  ; clk_divider:clk_unit|clk_60Hz ; clk_divider:clk_unit|clk_60Hz ; 0.000        ; 0.000      ; 0.657      ;
; 0.391 ; game_logic:game_unit|bricks[4]   ; game_logic:game_unit|bricks[4]   ; clk_divider:clk_unit|clk_60Hz ; clk_divider:clk_unit|clk_60Hz ; 0.000        ; 0.000      ; 0.657      ;
; 0.391 ; game_logic:game_unit|bricks[52]  ; game_logic:game_unit|bricks[52]  ; clk_divider:clk_unit|clk_60Hz ; clk_divider:clk_unit|clk_60Hz ; 0.000        ; 0.000      ; 0.657      ;
; 0.391 ; game_logic:game_unit|bricks[20]  ; game_logic:game_unit|bricks[20]  ; clk_divider:clk_unit|clk_60Hz ; clk_divider:clk_unit|clk_60Hz ; 0.000        ; 0.000      ; 0.657      ;
; 0.391 ; game_logic:game_unit|bricks[21]  ; game_logic:game_unit|bricks[21]  ; clk_divider:clk_unit|clk_60Hz ; clk_divider:clk_unit|clk_60Hz ; 0.000        ; 0.000      ; 0.657      ;
; 0.391 ; game_logic:game_unit|bricks[5]   ; game_logic:game_unit|bricks[5]   ; clk_divider:clk_unit|clk_60Hz ; clk_divider:clk_unit|clk_60Hz ; 0.000        ; 0.000      ; 0.657      ;
; 0.391 ; game_logic:game_unit|bricks[53]  ; game_logic:game_unit|bricks[53]  ; clk_divider:clk_unit|clk_60Hz ; clk_divider:clk_unit|clk_60Hz ; 0.000        ; 0.000      ; 0.657      ;
; 0.391 ; game_logic:game_unit|bricks[37]  ; game_logic:game_unit|bricks[37]  ; clk_divider:clk_unit|clk_60Hz ; clk_divider:clk_unit|clk_60Hz ; 0.000        ; 0.000      ; 0.657      ;
; 0.391 ; game_logic:game_unit|bricks[66]  ; game_logic:game_unit|bricks[66]  ; clk_divider:clk_unit|clk_60Hz ; clk_divider:clk_unit|clk_60Hz ; 0.000        ; 0.000      ; 0.657      ;
; 0.391 ; game_logic:game_unit|bricks[70]  ; game_logic:game_unit|bricks[70]  ; clk_divider:clk_unit|clk_60Hz ; clk_divider:clk_unit|clk_60Hz ; 0.000        ; 0.000      ; 0.657      ;
; 0.391 ; game_logic:game_unit|bricks[78]  ; game_logic:game_unit|bricks[78]  ; clk_divider:clk_unit|clk_60Hz ; clk_divider:clk_unit|clk_60Hz ; 0.000        ; 0.000      ; 0.657      ;
; 0.391 ; game_logic:game_unit|bricks[74]  ; game_logic:game_unit|bricks[74]  ; clk_divider:clk_unit|clk_60Hz ; clk_divider:clk_unit|clk_60Hz ; 0.000        ; 0.000      ; 0.657      ;
; 0.391 ; game_logic:game_unit|bricks[73]  ; game_logic:game_unit|bricks[73]  ; clk_divider:clk_unit|clk_60Hz ; clk_divider:clk_unit|clk_60Hz ; 0.000        ; 0.000      ; 0.657      ;
; 0.391 ; game_logic:game_unit|bricks[65]  ; game_logic:game_unit|bricks[65]  ; clk_divider:clk_unit|clk_60Hz ; clk_divider:clk_unit|clk_60Hz ; 0.000        ; 0.000      ; 0.657      ;
; 0.391 ; game_logic:game_unit|bricks[69]  ; game_logic:game_unit|bricks[69]  ; clk_divider:clk_unit|clk_60Hz ; clk_divider:clk_unit|clk_60Hz ; 0.000        ; 0.000      ; 0.657      ;
; 0.391 ; game_logic:game_unit|bricks[77]  ; game_logic:game_unit|bricks[77]  ; clk_divider:clk_unit|clk_60Hz ; clk_divider:clk_unit|clk_60Hz ; 0.000        ; 0.000      ; 0.657      ;
; 0.391 ; game_logic:game_unit|bricks[64]  ; game_logic:game_unit|bricks[64]  ; clk_divider:clk_unit|clk_60Hz ; clk_divider:clk_unit|clk_60Hz ; 0.000        ; 0.000      ; 0.657      ;
; 0.391 ; game_logic:game_unit|bricks[68]  ; game_logic:game_unit|bricks[68]  ; clk_divider:clk_unit|clk_60Hz ; clk_divider:clk_unit|clk_60Hz ; 0.000        ; 0.000      ; 0.657      ;
; 0.391 ; game_logic:game_unit|bricks[72]  ; game_logic:game_unit|bricks[72]  ; clk_divider:clk_unit|clk_60Hz ; clk_divider:clk_unit|clk_60Hz ; 0.000        ; 0.000      ; 0.657      ;
; 0.391 ; game_logic:game_unit|bricks[76]  ; game_logic:game_unit|bricks[76]  ; clk_divider:clk_unit|clk_60Hz ; clk_divider:clk_unit|clk_60Hz ; 0.000        ; 0.000      ; 0.657      ;
; 0.391 ; game_logic:game_unit|bricks[75]  ; game_logic:game_unit|bricks[75]  ; clk_divider:clk_unit|clk_60Hz ; clk_divider:clk_unit|clk_60Hz ; 0.000        ; 0.000      ; 0.657      ;
; 0.391 ; game_logic:game_unit|bricks[67]  ; game_logic:game_unit|bricks[67]  ; clk_divider:clk_unit|clk_60Hz ; clk_divider:clk_unit|clk_60Hz ; 0.000        ; 0.000      ; 0.657      ;
; 0.391 ; game_logic:game_unit|bricks[79]  ; game_logic:game_unit|bricks[79]  ; clk_divider:clk_unit|clk_60Hz ; clk_divider:clk_unit|clk_60Hz ; 0.000        ; 0.000      ; 0.657      ;
; 0.391 ; game_logic:game_unit|bricks[71]  ; game_logic:game_unit|bricks[71]  ; clk_divider:clk_unit|clk_60Hz ; clk_divider:clk_unit|clk_60Hz ; 0.000        ; 0.000      ; 0.657      ;
; 0.391 ; game_logic:game_unit|bricks[87]  ; game_logic:game_unit|bricks[87]  ; clk_divider:clk_unit|clk_60Hz ; clk_divider:clk_unit|clk_60Hz ; 0.000        ; 0.000      ; 0.657      ;
; 0.391 ; game_logic:game_unit|bricks[84]  ; game_logic:game_unit|bricks[84]  ; clk_divider:clk_unit|clk_60Hz ; clk_divider:clk_unit|clk_60Hz ; 0.000        ; 0.000      ; 0.657      ;
; 0.391 ; game_logic:game_unit|bricks[85]  ; game_logic:game_unit|bricks[85]  ; clk_divider:clk_unit|clk_60Hz ; clk_divider:clk_unit|clk_60Hz ; 0.000        ; 0.000      ; 0.657      ;
; 0.391 ; game_logic:game_unit|bricks[86]  ; game_logic:game_unit|bricks[86]  ; clk_divider:clk_unit|clk_60Hz ; clk_divider:clk_unit|clk_60Hz ; 0.000        ; 0.000      ; 0.657      ;
; 0.391 ; game_logic:game_unit|bricks[80]  ; game_logic:game_unit|bricks[80]  ; clk_divider:clk_unit|clk_60Hz ; clk_divider:clk_unit|clk_60Hz ; 0.000        ; 0.000      ; 0.657      ;
; 0.391 ; game_logic:game_unit|bricks[82]  ; game_logic:game_unit|bricks[82]  ; clk_divider:clk_unit|clk_60Hz ; clk_divider:clk_unit|clk_60Hz ; 0.000        ; 0.000      ; 0.657      ;
; 0.391 ; game_logic:game_unit|bricks[81]  ; game_logic:game_unit|bricks[81]  ; clk_divider:clk_unit|clk_60Hz ; clk_divider:clk_unit|clk_60Hz ; 0.000        ; 0.000      ; 0.657      ;
; 0.391 ; game_logic:game_unit|bricks[83]  ; game_logic:game_unit|bricks[83]  ; clk_divider:clk_unit|clk_60Hz ; clk_divider:clk_unit|clk_60Hz ; 0.000        ; 0.000      ; 0.657      ;
; 0.391 ; game_logic:game_unit|bricks[91]  ; game_logic:game_unit|bricks[91]  ; clk_divider:clk_unit|clk_60Hz ; clk_divider:clk_unit|clk_60Hz ; 0.000        ; 0.000      ; 0.657      ;
; 0.391 ; game_logic:game_unit|bricks[90]  ; game_logic:game_unit|bricks[90]  ; clk_divider:clk_unit|clk_60Hz ; clk_divider:clk_unit|clk_60Hz ; 0.000        ; 0.000      ; 0.657      ;
; 0.391 ; game_logic:game_unit|bricks[88]  ; game_logic:game_unit|bricks[88]  ; clk_divider:clk_unit|clk_60Hz ; clk_divider:clk_unit|clk_60Hz ; 0.000        ; 0.000      ; 0.657      ;
; 0.391 ; game_logic:game_unit|bricks[89]  ; game_logic:game_unit|bricks[89]  ; clk_divider:clk_unit|clk_60Hz ; clk_divider:clk_unit|clk_60Hz ; 0.000        ; 0.000      ; 0.657      ;
; 0.391 ; game_logic:game_unit|bricks[95]  ; game_logic:game_unit|bricks[95]  ; clk_divider:clk_unit|clk_60Hz ; clk_divider:clk_unit|clk_60Hz ; 0.000        ; 0.000      ; 0.657      ;
; 0.391 ; game_logic:game_unit|bricks[94]  ; game_logic:game_unit|bricks[94]  ; clk_divider:clk_unit|clk_60Hz ; clk_divider:clk_unit|clk_60Hz ; 0.000        ; 0.000      ; 0.657      ;
; 0.391 ; game_logic:game_unit|bricks[92]  ; game_logic:game_unit|bricks[92]  ; clk_divider:clk_unit|clk_60Hz ; clk_divider:clk_unit|clk_60Hz ; 0.000        ; 0.000      ; 0.657      ;
; 0.391 ; game_logic:game_unit|bricks[93]  ; game_logic:game_unit|bricks[93]  ; clk_divider:clk_unit|clk_60Hz ; clk_divider:clk_unit|clk_60Hz ; 0.000        ; 0.000      ; 0.657      ;
; 0.391 ; game_logic:game_unit|bricks[101] ; game_logic:game_unit|bricks[101] ; clk_divider:clk_unit|clk_60Hz ; clk_divider:clk_unit|clk_60Hz ; 0.000        ; 0.000      ; 0.657      ;
; 0.391 ; game_logic:game_unit|bricks[97]  ; game_logic:game_unit|bricks[97]  ; clk_divider:clk_unit|clk_60Hz ; clk_divider:clk_unit|clk_60Hz ; 0.000        ; 0.000      ; 0.657      ;
+-------+----------------------------------+----------------------------------+-------------------------------+-------------------------------+--------------+------------+------------+


+------------------------------------------------------------------------------------------------------------------------------------------------------------------------------------+
; Slow Model Hold: 'clk_divider:clk_unit|clk_25M'                                                                                                                                    ;
+-------+----------------------------------+----------------------------------+------------------------------+------------------------------+--------------+------------+------------+
; Slack ; From Node                        ; To Node                          ; Launch Clock                 ; Latch Clock                  ; Relationship ; Clock Skew ; Data Delay ;
+-------+----------------------------------+----------------------------------+------------------------------+------------------------------+--------------+------------+------------+
; 0.813 ; vga_sync:vga_unit|v_count_reg[5] ; vga_sync:vga_unit|v_count_reg[5] ; clk_divider:clk_unit|clk_25M ; clk_divider:clk_unit|clk_25M ; 0.000        ; 0.000      ; 1.079      ;
; 0.815 ; vga_sync:vga_unit|h_count_reg[4] ; vga_sync:vga_unit|h_count_reg[4] ; clk_divider:clk_unit|clk_25M ; clk_divider:clk_unit|clk_25M ; 0.000        ; 0.000      ; 1.081      ;
; 0.816 ; vga_sync:vga_unit|h_count_reg[6] ; vga_sync:vga_unit|h_count_reg[6] ; clk_divider:clk_unit|clk_25M ; clk_divider:clk_unit|clk_25M ; 0.000        ; 0.000      ; 1.082      ;
; 0.817 ; vga_sync:vga_unit|h_count_reg[2] ; vga_sync:vga_unit|h_count_reg[2] ; clk_divider:clk_unit|clk_25M ; clk_divider:clk_unit|clk_25M ; 0.000        ; 0.000      ; 1.083      ;
; 0.824 ; vga_sync:vga_unit|v_count_reg[7] ; vga_sync:vga_unit|v_count_reg[7] ; clk_divider:clk_unit|clk_25M ; clk_divider:clk_unit|clk_25M ; 0.000        ; 0.000      ; 1.090      ;
; 0.842 ; vga_sync:vga_unit|v_count_reg[1] ; vga_sync:vga_unit|v_count_reg[1] ; clk_divider:clk_unit|clk_25M ; clk_divider:clk_unit|clk_25M ; 0.000        ; 0.000      ; 1.108      ;
; 0.845 ; vga_sync:vga_unit|v_count_reg[4] ; vga_sync:vga_unit|v_count_reg[4] ; clk_divider:clk_unit|clk_25M ; clk_divider:clk_unit|clk_25M ; 0.000        ; 0.000      ; 1.111      ;
; 0.847 ; vga_sync:vga_unit|h_count_reg[3] ; vga_sync:vga_unit|h_count_reg[3] ; clk_divider:clk_unit|clk_25M ; clk_divider:clk_unit|clk_25M ; 0.000        ; 0.000      ; 1.113      ;
; 0.848 ; vga_sync:vga_unit|h_count_reg[7] ; vga_sync:vga_unit|h_count_reg[7] ; clk_divider:clk_unit|clk_25M ; clk_divider:clk_unit|clk_25M ; 0.000        ; 0.000      ; 1.114      ;
; 0.853 ; vga_sync:vga_unit|h_count_reg[0] ; vga_sync:vga_unit|h_count_reg[0] ; clk_divider:clk_unit|clk_25M ; clk_divider:clk_unit|clk_25M ; 0.000        ; 0.000      ; 1.119      ;
; 0.853 ; vga_sync:vga_unit|h_count_reg[1] ; vga_sync:vga_unit|h_count_reg[1] ; clk_divider:clk_unit|clk_25M ; clk_divider:clk_unit|clk_25M ; 0.000        ; 0.000      ; 1.119      ;
; 0.853 ; vga_sync:vga_unit|v_count_reg[8] ; vga_sync:vga_unit|v_count_reg[8] ; clk_divider:clk_unit|clk_25M ; clk_divider:clk_unit|clk_25M ; 0.000        ; 0.000      ; 1.119      ;
; 0.855 ; vga_sync:vga_unit|v_count_reg[6] ; vga_sync:vga_unit|v_count_reg[6] ; clk_divider:clk_unit|clk_25M ; clk_divider:clk_unit|clk_25M ; 0.000        ; 0.000      ; 1.121      ;
; 0.948 ; vga_sync:vga_unit|v_count_reg[9] ; vga_sync:vga_unit|v_count_reg[9] ; clk_divider:clk_unit|clk_25M ; clk_divider:clk_unit|clk_25M ; 0.000        ; 0.000      ; 1.214      ;
; 0.956 ; vga_sync:vga_unit|h_count_reg[9] ; vga_sync:vga_unit|h_count_reg[9] ; clk_divider:clk_unit|clk_25M ; clk_divider:clk_unit|clk_25M ; 0.000        ; 0.000      ; 1.222      ;
; 0.967 ; vga_sync:vga_unit|v_count_reg[3] ; vga_sync:vga_unit|v_count_reg[0] ; clk_divider:clk_unit|clk_25M ; clk_divider:clk_unit|clk_25M ; 0.000        ; 0.000      ; 1.233      ;
; 1.114 ; vga_sync:vga_unit|v_count_reg[7] ; vga_sync:vga_unit|v_count_reg[9] ; clk_divider:clk_unit|clk_25M ; clk_divider:clk_unit|clk_25M ; 0.000        ; 0.000      ; 1.380      ;
; 1.114 ; vga_sync:vga_unit|v_count_reg[7] ; vga_sync:vga_unit|v_count_reg[0] ; clk_divider:clk_unit|clk_25M ; clk_divider:clk_unit|clk_25M ; 0.000        ; 0.000      ; 1.380      ;
; 1.115 ; vga_sync:vga_unit|v_count_reg[7] ; vga_sync:vga_unit|v_count_reg[3] ; clk_divider:clk_unit|clk_25M ; clk_divider:clk_unit|clk_25M ; 0.000        ; 0.000      ; 1.381      ;
; 1.195 ; vga_sync:vga_unit|v_count_reg[0] ; vga_sync:vga_unit|v_count_reg[1] ; clk_divider:clk_unit|clk_25M ; clk_divider:clk_unit|clk_25M ; 0.000        ; 0.000      ; 1.461      ;
; 1.197 ; vga_sync:vga_unit|v_count_reg[3] ; vga_sync:vga_unit|v_count_reg[4] ; clk_divider:clk_unit|clk_25M ; clk_divider:clk_unit|clk_25M ; 0.000        ; 0.000      ; 1.463      ;
; 1.199 ; vga_sync:vga_unit|h_count_reg[6] ; vga_sync:vga_unit|h_count_reg[7] ; clk_divider:clk_unit|clk_25M ; clk_divider:clk_unit|clk_25M ; 0.000        ; 0.000      ; 1.465      ;
; 1.200 ; vga_sync:vga_unit|h_count_reg[8] ; vga_sync:vga_unit|h_count_reg[5] ; clk_divider:clk_unit|clk_25M ; clk_divider:clk_unit|clk_25M ; 0.000        ; 0.000      ; 1.466      ;
; 1.203 ; vga_sync:vga_unit|h_count_reg[5] ; vga_sync:vga_unit|h_count_reg[6] ; clk_divider:clk_unit|clk_25M ; clk_divider:clk_unit|clk_25M ; 0.000        ; 0.000      ; 1.469      ;
; 1.207 ; vga_sync:vga_unit|v_count_reg[7] ; vga_sync:vga_unit|v_count_reg[8] ; clk_divider:clk_unit|clk_25M ; clk_divider:clk_unit|clk_25M ; 0.000        ; 0.000      ; 1.473      ;
; 1.210 ; vga_sync:vga_unit|v_count_reg[3] ; vga_sync:vga_unit|v_count_reg[9] ; clk_divider:clk_unit|clk_25M ; clk_divider:clk_unit|clk_25M ; 0.000        ; 0.000      ; 1.476      ;
; 1.210 ; vga_sync:vga_unit|v_count_reg[3] ; vga_sync:vga_unit|v_count_reg[3] ; clk_divider:clk_unit|clk_25M ; clk_divider:clk_unit|clk_25M ; 0.000        ; 0.000      ; 1.476      ;
; 1.216 ; vga_sync:vga_unit|h_count_reg[8] ; vga_sync:vga_unit|h_count_reg[8] ; clk_divider:clk_unit|clk_25M ; clk_divider:clk_unit|clk_25M ; 0.000        ; 0.000      ; 1.482      ;
; 1.231 ; vga_sync:vga_unit|v_count_reg[4] ; vga_sync:vga_unit|v_count_reg[5] ; clk_divider:clk_unit|clk_25M ; clk_divider:clk_unit|clk_25M ; 0.000        ; 0.000      ; 1.497      ;
; 1.232 ; vga_sync:vga_unit|v_count_reg[3] ; vga_sync:vga_unit|v_count_reg[2] ; clk_divider:clk_unit|clk_25M ; clk_divider:clk_unit|clk_25M ; 0.000        ; 0.000      ; 1.498      ;
; 1.233 ; vga_sync:vga_unit|h_count_reg[3] ; vga_sync:vga_unit|h_count_reg[4] ; clk_divider:clk_unit|clk_25M ; clk_divider:clk_unit|clk_25M ; 0.000        ; 0.000      ; 1.499      ;
; 1.239 ; vga_sync:vga_unit|h_count_reg[1] ; vga_sync:vga_unit|h_count_reg[2] ; clk_divider:clk_unit|clk_25M ; clk_divider:clk_unit|clk_25M ; 0.000        ; 0.000      ; 1.505      ;
; 1.239 ; vga_sync:vga_unit|h_count_reg[0] ; vga_sync:vga_unit|h_count_reg[1] ; clk_divider:clk_unit|clk_25M ; clk_divider:clk_unit|clk_25M ; 0.000        ; 0.000      ; 1.505      ;
; 1.241 ; vga_sync:vga_unit|v_count_reg[6] ; vga_sync:vga_unit|v_count_reg[7] ; clk_divider:clk_unit|clk_25M ; clk_divider:clk_unit|clk_25M ; 0.000        ; 0.000      ; 1.507      ;
; 1.246 ; vga_sync:vga_unit|v_count_reg[6] ; vga_sync:vga_unit|v_count_reg[9] ; clk_divider:clk_unit|clk_25M ; clk_divider:clk_unit|clk_25M ; 0.000        ; 0.000      ; 1.512      ;
; 1.246 ; vga_sync:vga_unit|v_count_reg[6] ; vga_sync:vga_unit|v_count_reg[0] ; clk_divider:clk_unit|clk_25M ; clk_divider:clk_unit|clk_25M ; 0.000        ; 0.000      ; 1.512      ;
; 1.246 ; vga_sync:vga_unit|h_count_reg[0] ; vga_sync:vga_unit|h_count_reg[5] ; clk_divider:clk_unit|clk_25M ; clk_divider:clk_unit|clk_25M ; 0.000        ; 0.000      ; 1.512      ;
; 1.247 ; vga_sync:vga_unit|v_count_reg[6] ; vga_sync:vga_unit|v_count_reg[3] ; clk_divider:clk_unit|clk_25M ; clk_divider:clk_unit|clk_25M ; 0.000        ; 0.000      ; 1.513      ;
; 1.252 ; vga_sync:vga_unit|v_count_reg[2] ; vga_sync:vga_unit|v_count_reg[4] ; clk_divider:clk_unit|clk_25M ; clk_divider:clk_unit|clk_25M ; 0.000        ; 0.000      ; 1.518      ;
; 1.268 ; vga_sync:vga_unit|v_count_reg[3] ; vga_sync:vga_unit|v_count_reg[5] ; clk_divider:clk_unit|clk_25M ; clk_divider:clk_unit|clk_25M ; 0.000        ; 0.000      ; 1.534      ;
; 1.269 ; vga_sync:vga_unit|h_count_reg[4] ; vga_sync:vga_unit|h_count_reg[6] ; clk_divider:clk_unit|clk_25M ; clk_divider:clk_unit|clk_25M ; 0.000        ; 0.000      ; 1.535      ;
; 1.274 ; vga_sync:vga_unit|h_count_reg[5] ; vga_sync:vga_unit|h_count_reg[7] ; clk_divider:clk_unit|clk_25M ; clk_divider:clk_unit|clk_25M ; 0.000        ; 0.000      ; 1.540      ;
; 1.280 ; vga_sync:vga_unit|v_count_reg[0] ; vga_sync:vga_unit|v_count_reg[0] ; clk_divider:clk_unit|clk_25M ; clk_divider:clk_unit|clk_25M ; 0.000        ; 0.000      ; 1.546      ;
; 1.288 ; vga_sync:vga_unit|v_count_reg[5] ; vga_sync:vga_unit|v_count_reg[6] ; clk_divider:clk_unit|clk_25M ; clk_divider:clk_unit|clk_25M ; 0.000        ; 0.000      ; 1.554      ;
; 1.292 ; vga_sync:vga_unit|h_count_reg[2] ; vga_sync:vga_unit|h_count_reg[3] ; clk_divider:clk_unit|clk_25M ; clk_divider:clk_unit|clk_25M ; 0.000        ; 0.000      ; 1.558      ;
; 1.293 ; vga_sync:vga_unit|v_count_reg[7] ; vga_sync:vga_unit|v_count_reg[2] ; clk_divider:clk_unit|clk_25M ; clk_divider:clk_unit|clk_25M ; 0.000        ; 0.000      ; 1.559      ;
; 1.310 ; vga_sync:vga_unit|h_count_reg[0] ; vga_sync:vga_unit|h_count_reg[2] ; clk_divider:clk_unit|clk_25M ; clk_divider:clk_unit|clk_25M ; 0.000        ; 0.000      ; 1.576      ;
; 1.312 ; vga_sync:vga_unit|v_count_reg[6] ; vga_sync:vga_unit|v_count_reg[8] ; clk_divider:clk_unit|clk_25M ; clk_divider:clk_unit|clk_25M ; 0.000        ; 0.000      ; 1.578      ;
; 1.323 ; vga_sync:vga_unit|v_count_reg[2] ; vga_sync:vga_unit|v_count_reg[5] ; clk_divider:clk_unit|clk_25M ; clk_divider:clk_unit|clk_25M ; 0.000        ; 0.000      ; 1.589      ;
; 1.329 ; vga_sync:vga_unit|v_count_reg[5] ; vga_sync:vga_unit|v_count_reg[9] ; clk_divider:clk_unit|clk_25M ; clk_divider:clk_unit|clk_25M ; 0.000        ; 0.000      ; 1.595      ;
; 1.329 ; vga_sync:vga_unit|v_count_reg[5] ; vga_sync:vga_unit|v_count_reg[0] ; clk_divider:clk_unit|clk_25M ; clk_divider:clk_unit|clk_25M ; 0.000        ; 0.000      ; 1.595      ;
; 1.330 ; vga_sync:vga_unit|v_count_reg[5] ; vga_sync:vga_unit|v_count_reg[3] ; clk_divider:clk_unit|clk_25M ; clk_divider:clk_unit|clk_25M ; 0.000        ; 0.000      ; 1.596      ;
; 1.332 ; vga_sync:vga_unit|v_count_reg[2] ; vga_sync:vga_unit|v_count_reg[2] ; clk_divider:clk_unit|clk_25M ; clk_divider:clk_unit|clk_25M ; 0.000        ; 0.000      ; 1.598      ;
; 1.340 ; vga_sync:vga_unit|h_count_reg[4] ; vga_sync:vga_unit|h_count_reg[7] ; clk_divider:clk_unit|clk_25M ; clk_divider:clk_unit|clk_25M ; 0.000        ; 0.000      ; 1.606      ;
; 1.342 ; vga_sync:vga_unit|v_count_reg[8] ; vga_sync:vga_unit|v_count_reg[2] ; clk_divider:clk_unit|clk_25M ; clk_divider:clk_unit|clk_25M ; 0.000        ; 0.000      ; 1.608      ;
; 1.359 ; vga_sync:vga_unit|v_count_reg[5] ; vga_sync:vga_unit|v_count_reg[7] ; clk_divider:clk_unit|clk_25M ; clk_divider:clk_unit|clk_25M ; 0.000        ; 0.000      ; 1.625      ;
; 1.361 ; vga_sync:vga_unit|h_count_reg[5] ; vga_sync:vga_unit|h_count_reg[5] ; clk_divider:clk_unit|clk_25M ; clk_divider:clk_unit|clk_25M ; 0.000        ; 0.000      ; 1.627      ;
; 1.363 ; vga_sync:vga_unit|h_count_reg[2] ; vga_sync:vga_unit|h_count_reg[4] ; clk_divider:clk_unit|clk_25M ; clk_divider:clk_unit|clk_25M ; 0.000        ; 0.000      ; 1.629      ;
; 1.370 ; vga_sync:vga_unit|v_count_reg[1] ; vga_sync:vga_unit|v_count_reg[4] ; clk_divider:clk_unit|clk_25M ; clk_divider:clk_unit|clk_25M ; 0.000        ; 0.000      ; 1.636      ;
; 1.371 ; vga_sync:vga_unit|v_count_reg[4] ; vga_sync:vga_unit|v_count_reg[9] ; clk_divider:clk_unit|clk_25M ; clk_divider:clk_unit|clk_25M ; 0.000        ; 0.000      ; 1.637      ;
; 1.371 ; vga_sync:vga_unit|v_count_reg[4] ; vga_sync:vga_unit|v_count_reg[0] ; clk_divider:clk_unit|clk_25M ; clk_divider:clk_unit|clk_25M ; 0.000        ; 0.000      ; 1.637      ;
; 1.372 ; vga_sync:vga_unit|v_count_reg[4] ; vga_sync:vga_unit|v_count_reg[3] ; clk_divider:clk_unit|clk_25M ; clk_divider:clk_unit|clk_25M ; 0.000        ; 0.000      ; 1.638      ;
; 1.375 ; vga_sync:vga_unit|h_count_reg[3] ; vga_sync:vga_unit|h_count_reg[6] ; clk_divider:clk_unit|clk_25M ; clk_divider:clk_unit|clk_25M ; 0.000        ; 0.000      ; 1.641      ;
; 1.382 ; vga_sync:vga_unit|h_count_reg[1] ; vga_sync:vga_unit|h_count_reg[5] ; clk_divider:clk_unit|clk_25M ; clk_divider:clk_unit|clk_25M ; 0.000        ; 0.000      ; 1.648      ;
; 1.390 ; vga_sync:vga_unit|v_count_reg[4] ; vga_sync:vga_unit|v_count_reg[6] ; clk_divider:clk_unit|clk_25M ; clk_divider:clk_unit|clk_25M ; 0.000        ; 0.000      ; 1.656      ;
; 1.398 ; vga_sync:vga_unit|h_count_reg[1] ; vga_sync:vga_unit|h_count_reg[3] ; clk_divider:clk_unit|clk_25M ; clk_divider:clk_unit|clk_25M ; 0.000        ; 0.000      ; 1.664      ;
; 1.408 ; vga_sync:vga_unit|v_count_reg[0] ; vga_sync:vga_unit|v_count_reg[4] ; clk_divider:clk_unit|clk_25M ; clk_divider:clk_unit|clk_25M ; 0.000        ; 0.000      ; 1.674      ;
; 1.423 ; vga_sync:vga_unit|v_count_reg[2] ; vga_sync:vga_unit|v_count_reg[0] ; clk_divider:clk_unit|clk_25M ; clk_divider:clk_unit|clk_25M ; 0.000        ; 0.000      ; 1.689      ;
; 1.425 ; vga_sync:vga_unit|v_count_reg[6] ; vga_sync:vga_unit|v_count_reg[2] ; clk_divider:clk_unit|clk_25M ; clk_divider:clk_unit|clk_25M ; 0.000        ; 0.000      ; 1.691      ;
; 1.427 ; vga_sync:vga_unit|h_count_reg[8] ; vga_sync:vga_unit|h_count_reg[9] ; clk_divider:clk_unit|clk_25M ; clk_divider:clk_unit|clk_25M ; 0.000        ; 0.000      ; 1.693      ;
; 1.427 ; vga_sync:vga_unit|v_count_reg[3] ; vga_sync:vga_unit|v_count_reg[6] ; clk_divider:clk_unit|clk_25M ; clk_divider:clk_unit|clk_25M ; 0.000        ; 0.000      ; 1.693      ;
; 1.430 ; vga_sync:vga_unit|v_count_reg[5] ; vga_sync:vga_unit|v_count_reg[8] ; clk_divider:clk_unit|clk_25M ; clk_divider:clk_unit|clk_25M ; 0.000        ; 0.000      ; 1.696      ;
; 1.441 ; vga_sync:vga_unit|v_count_reg[1] ; vga_sync:vga_unit|v_count_reg[5] ; clk_divider:clk_unit|clk_25M ; clk_divider:clk_unit|clk_25M ; 0.000        ; 0.000      ; 1.707      ;
; 1.446 ; vga_sync:vga_unit|h_count_reg[3] ; vga_sync:vga_unit|h_count_reg[7] ; clk_divider:clk_unit|clk_25M ; clk_divider:clk_unit|clk_25M ; 0.000        ; 0.000      ; 1.712      ;
; 1.461 ; vga_sync:vga_unit|v_count_reg[4] ; vga_sync:vga_unit|v_count_reg[7] ; clk_divider:clk_unit|clk_25M ; clk_divider:clk_unit|clk_25M ; 0.000        ; 0.000      ; 1.727      ;
; 1.469 ; vga_sync:vga_unit|h_count_reg[1] ; vga_sync:vga_unit|h_count_reg[4] ; clk_divider:clk_unit|clk_25M ; clk_divider:clk_unit|clk_25M ; 0.000        ; 0.000      ; 1.735      ;
; 1.469 ; vga_sync:vga_unit|h_count_reg[0] ; vga_sync:vga_unit|h_count_reg[3] ; clk_divider:clk_unit|clk_25M ; clk_divider:clk_unit|clk_25M ; 0.000        ; 0.000      ; 1.735      ;
; 1.473 ; vga_sync:vga_unit|h_count_reg[0] ; vga_sync:vga_unit|h_count_reg[9] ; clk_divider:clk_unit|clk_25M ; clk_divider:clk_unit|clk_25M ; 0.000        ; 0.000      ; 1.739      ;
; 1.474 ; vga_sync:vga_unit|h_count_reg[0] ; vga_sync:vga_unit|h_count_reg[8] ; clk_divider:clk_unit|clk_25M ; clk_divider:clk_unit|clk_25M ; 0.000        ; 0.000      ; 1.740      ;
; 1.479 ; vga_sync:vga_unit|v_count_reg[0] ; vga_sync:vga_unit|v_count_reg[5] ; clk_divider:clk_unit|clk_25M ; clk_divider:clk_unit|clk_25M ; 0.000        ; 0.000      ; 1.745      ;
; 1.482 ; vga_sync:vga_unit|v_count_reg[2] ; vga_sync:vga_unit|v_count_reg[6] ; clk_divider:clk_unit|clk_25M ; clk_divider:clk_unit|clk_25M ; 0.000        ; 0.000      ; 1.748      ;
; 1.498 ; vga_sync:vga_unit|v_count_reg[3] ; vga_sync:vga_unit|v_count_reg[7] ; clk_divider:clk_unit|clk_25M ; clk_divider:clk_unit|clk_25M ; 0.000        ; 0.000      ; 1.764      ;
; 1.504 ; vga_sync:vga_unit|h_count_reg[6] ; vga_sync:vga_unit|h_count_reg[5] ; clk_divider:clk_unit|clk_25M ; clk_divider:clk_unit|clk_25M ; 0.000        ; 0.000      ; 1.770      ;
; 1.505 ; vga_sync:vga_unit|h_count_reg[2] ; vga_sync:vga_unit|h_count_reg[6] ; clk_divider:clk_unit|clk_25M ; clk_divider:clk_unit|clk_25M ; 0.000        ; 0.000      ; 1.771      ;
; 1.508 ; vga_sync:vga_unit|v_count_reg[5] ; vga_sync:vga_unit|v_count_reg[2] ; clk_divider:clk_unit|clk_25M ; clk_divider:clk_unit|clk_25M ; 0.000        ; 0.000      ; 1.774      ;
; 1.510 ; vga_sync:vga_unit|h_count_reg[2] ; vga_sync:vga_unit|h_count_reg[5] ; clk_divider:clk_unit|clk_25M ; clk_divider:clk_unit|clk_25M ; 0.000        ; 0.000      ; 1.776      ;
; 1.523 ; vga_sync:vga_unit|v_count_reg[0] ; vga_sync:vga_unit|v_count_reg[9] ; clk_divider:clk_unit|clk_25M ; clk_divider:clk_unit|clk_25M ; 0.000        ; 0.000      ; 1.789      ;
; 1.523 ; vga_sync:vga_unit|v_count_reg[0] ; vga_sync:vga_unit|v_count_reg[3] ; clk_divider:clk_unit|clk_25M ; clk_divider:clk_unit|clk_25M ; 0.000        ; 0.000      ; 1.789      ;
; 1.532 ; vga_sync:vga_unit|v_count_reg[4] ; vga_sync:vga_unit|v_count_reg[8] ; clk_divider:clk_unit|clk_25M ; clk_divider:clk_unit|clk_25M ; 0.000        ; 0.000      ; 1.798      ;
; 1.540 ; vga_sync:vga_unit|h_count_reg[0] ; vga_sync:vga_unit|h_count_reg[4] ; clk_divider:clk_unit|clk_25M ; clk_divider:clk_unit|clk_25M ; 0.000        ; 0.000      ; 1.806      ;
; 1.545 ; vga_sync:vga_unit|v_count_reg[0] ; vga_sync:vga_unit|v_count_reg[2] ; clk_divider:clk_unit|clk_25M ; clk_divider:clk_unit|clk_25M ; 0.000        ; 0.000      ; 1.811      ;
; 1.550 ; vga_sync:vga_unit|v_count_reg[4] ; vga_sync:vga_unit|v_count_reg[2] ; clk_divider:clk_unit|clk_25M ; clk_divider:clk_unit|clk_25M ; 0.000        ; 0.000      ; 1.816      ;
; 1.553 ; vga_sync:vga_unit|v_count_reg[2] ; vga_sync:vga_unit|v_count_reg[7] ; clk_divider:clk_unit|clk_25M ; clk_divider:clk_unit|clk_25M ; 0.000        ; 0.000      ; 1.819      ;
; 1.560 ; vga_sync:vga_unit|v_count_reg[9] ; vga_sync:vga_unit|v_count_reg[2] ; clk_divider:clk_unit|clk_25M ; clk_divider:clk_unit|clk_25M ; 0.000        ; 0.000      ; 1.826      ;
; 1.569 ; vga_sync:vga_unit|v_count_reg[3] ; vga_sync:vga_unit|v_count_reg[8] ; clk_divider:clk_unit|clk_25M ; clk_divider:clk_unit|clk_25M ; 0.000        ; 0.000      ; 1.835      ;
; 1.576 ; vga_sync:vga_unit|h_count_reg[2] ; vga_sync:vga_unit|h_count_reg[7] ; clk_divider:clk_unit|clk_25M ; clk_divider:clk_unit|clk_25M ; 0.000        ; 0.000      ; 1.842      ;
; 1.583 ; vga_sync:vga_unit|v_count_reg[2] ; vga_sync:vga_unit|v_count_reg[3] ; clk_divider:clk_unit|clk_25M ; clk_divider:clk_unit|clk_25M ; 0.000        ; 0.000      ; 1.849      ;
; 1.594 ; vga_sync:vga_unit|v_count_reg[1] ; vga_sync:vga_unit|v_count_reg[0] ; clk_divider:clk_unit|clk_25M ; clk_divider:clk_unit|clk_25M ; 0.000        ; 0.000      ; 1.860      ;
; 1.600 ; vga_sync:vga_unit|v_count_reg[1] ; vga_sync:vga_unit|v_count_reg[6] ; clk_divider:clk_unit|clk_25M ; clk_divider:clk_unit|clk_25M ; 0.000        ; 0.000      ; 1.866      ;
; 1.609 ; vga_sync:vga_unit|h_count_reg[1] ; vga_sync:vga_unit|h_count_reg[9] ; clk_divider:clk_unit|clk_25M ; clk_divider:clk_unit|clk_25M ; 0.000        ; 0.000      ; 1.875      ;
+-------+----------------------------------+----------------------------------+------------------------------+------------------------------+--------------+------------+------------+


+---------------------------------------------------------------------------------------------------------------------------+
; Slow Model Minimum Pulse Width: 'CLOCK_50'                                                                                ;
+--------+--------------+----------------+------------------+----------+------------+---------------------------------------+
; Slack  ; Actual Width ; Required Width ; Type             ; Clock    ; Clock Edge ; Target                                ;
+--------+--------------+----------------+------------------+----------+------------+---------------------------------------+
; -1.380 ; 1.000        ; 2.380          ; Port Rate        ; CLOCK_50 ; Rise       ; CLOCK_50                              ;
; -0.500 ; 0.500        ; 1.000          ; High Pulse Width ; CLOCK_50 ; Rise       ; clk_divider:clk_unit|clk_25M          ;
; -0.500 ; 0.500        ; 1.000          ; Low Pulse Width  ; CLOCK_50 ; Rise       ; clk_divider:clk_unit|clk_25M          ;
; -0.500 ; 0.500        ; 1.000          ; High Pulse Width ; CLOCK_50 ; Rise       ; clk_divider:clk_unit|clk_60Hz         ;
; -0.500 ; 0.500        ; 1.000          ; Low Pulse Width  ; CLOCK_50 ; Rise       ; clk_divider:clk_unit|clk_60Hz         ;
; -0.500 ; 0.500        ; 1.000          ; High Pulse Width ; CLOCK_50 ; Rise       ; clk_divider:clk_unit|counter_60Hz[0]  ;
; -0.500 ; 0.500        ; 1.000          ; Low Pulse Width  ; CLOCK_50 ; Rise       ; clk_divider:clk_unit|counter_60Hz[0]  ;
; -0.500 ; 0.500        ; 1.000          ; High Pulse Width ; CLOCK_50 ; Rise       ; clk_divider:clk_unit|counter_60Hz[10] ;
; -0.500 ; 0.500        ; 1.000          ; Low Pulse Width  ; CLOCK_50 ; Rise       ; clk_divider:clk_unit|counter_60Hz[10] ;
; -0.500 ; 0.500        ; 1.000          ; High Pulse Width ; CLOCK_50 ; Rise       ; clk_divider:clk_unit|counter_60Hz[11] ;
; -0.500 ; 0.500        ; 1.000          ; Low Pulse Width  ; CLOCK_50 ; Rise       ; clk_divider:clk_unit|counter_60Hz[11] ;
; -0.500 ; 0.500        ; 1.000          ; High Pulse Width ; CLOCK_50 ; Rise       ; clk_divider:clk_unit|counter_60Hz[12] ;
; -0.500 ; 0.500        ; 1.000          ; Low Pulse Width  ; CLOCK_50 ; Rise       ; clk_divider:clk_unit|counter_60Hz[12] ;
; -0.500 ; 0.500        ; 1.000          ; High Pulse Width ; CLOCK_50 ; Rise       ; clk_divider:clk_unit|counter_60Hz[13] ;
; -0.500 ; 0.500        ; 1.000          ; Low Pulse Width  ; CLOCK_50 ; Rise       ; clk_divider:clk_unit|counter_60Hz[13] ;
; -0.500 ; 0.500        ; 1.000          ; High Pulse Width ; CLOCK_50 ; Rise       ; clk_divider:clk_unit|counter_60Hz[14] ;
; -0.500 ; 0.500        ; 1.000          ; Low Pulse Width  ; CLOCK_50 ; Rise       ; clk_divider:clk_unit|counter_60Hz[14] ;
; -0.500 ; 0.500        ; 1.000          ; High Pulse Width ; CLOCK_50 ; Rise       ; clk_divider:clk_unit|counter_60Hz[15] ;
; -0.500 ; 0.500        ; 1.000          ; Low Pulse Width  ; CLOCK_50 ; Rise       ; clk_divider:clk_unit|counter_60Hz[15] ;
; -0.500 ; 0.500        ; 1.000          ; High Pulse Width ; CLOCK_50 ; Rise       ; clk_divider:clk_unit|counter_60Hz[16] ;
; -0.500 ; 0.500        ; 1.000          ; Low Pulse Width  ; CLOCK_50 ; Rise       ; clk_divider:clk_unit|counter_60Hz[16] ;
; -0.500 ; 0.500        ; 1.000          ; High Pulse Width ; CLOCK_50 ; Rise       ; clk_divider:clk_unit|counter_60Hz[17] ;
; -0.500 ; 0.500        ; 1.000          ; Low Pulse Width  ; CLOCK_50 ; Rise       ; clk_divider:clk_unit|counter_60Hz[17] ;
; -0.500 ; 0.500        ; 1.000          ; High Pulse Width ; CLOCK_50 ; Rise       ; clk_divider:clk_unit|counter_60Hz[18] ;
; -0.500 ; 0.500        ; 1.000          ; Low Pulse Width  ; CLOCK_50 ; Rise       ; clk_divider:clk_unit|counter_60Hz[18] ;
; -0.500 ; 0.500        ; 1.000          ; High Pulse Width ; CLOCK_50 ; Rise       ; clk_divider:clk_unit|counter_60Hz[19] ;
; -0.500 ; 0.500        ; 1.000          ; Low Pulse Width  ; CLOCK_50 ; Rise       ; clk_divider:clk_unit|counter_60Hz[19] ;
; -0.500 ; 0.500        ; 1.000          ; High Pulse Width ; CLOCK_50 ; Rise       ; clk_divider:clk_unit|counter_60Hz[1]  ;
; -0.500 ; 0.500        ; 1.000          ; Low Pulse Width  ; CLOCK_50 ; Rise       ; clk_divider:clk_unit|counter_60Hz[1]  ;
; -0.500 ; 0.500        ; 1.000          ; High Pulse Width ; CLOCK_50 ; Rise       ; clk_divider:clk_unit|counter_60Hz[2]  ;
; -0.500 ; 0.500        ; 1.000          ; Low Pulse Width  ; CLOCK_50 ; Rise       ; clk_divider:clk_unit|counter_60Hz[2]  ;
; -0.500 ; 0.500        ; 1.000          ; High Pulse Width ; CLOCK_50 ; Rise       ; clk_divider:clk_unit|counter_60Hz[3]  ;
; -0.500 ; 0.500        ; 1.000          ; Low Pulse Width  ; CLOCK_50 ; Rise       ; clk_divider:clk_unit|counter_60Hz[3]  ;
; -0.500 ; 0.500        ; 1.000          ; High Pulse Width ; CLOCK_50 ; Rise       ; clk_divider:clk_unit|counter_60Hz[4]  ;
; -0.500 ; 0.500        ; 1.000          ; Low Pulse Width  ; CLOCK_50 ; Rise       ; clk_divider:clk_unit|counter_60Hz[4]  ;
; -0.500 ; 0.500        ; 1.000          ; High Pulse Width ; CLOCK_50 ; Rise       ; clk_divider:clk_unit|counter_60Hz[5]  ;
; -0.500 ; 0.500        ; 1.000          ; Low Pulse Width  ; CLOCK_50 ; Rise       ; clk_divider:clk_unit|counter_60Hz[5]  ;
; -0.500 ; 0.500        ; 1.000          ; High Pulse Width ; CLOCK_50 ; Rise       ; clk_divider:clk_unit|counter_60Hz[6]  ;
; -0.500 ; 0.500        ; 1.000          ; Low Pulse Width  ; CLOCK_50 ; Rise       ; clk_divider:clk_unit|counter_60Hz[6]  ;
; -0.500 ; 0.500        ; 1.000          ; High Pulse Width ; CLOCK_50 ; Rise       ; clk_divider:clk_unit|counter_60Hz[7]  ;
; -0.500 ; 0.500        ; 1.000          ; Low Pulse Width  ; CLOCK_50 ; Rise       ; clk_divider:clk_unit|counter_60Hz[7]  ;
; -0.500 ; 0.500        ; 1.000          ; High Pulse Width ; CLOCK_50 ; Rise       ; clk_divider:clk_unit|counter_60Hz[8]  ;
; -0.500 ; 0.500        ; 1.000          ; Low Pulse Width  ; CLOCK_50 ; Rise       ; clk_divider:clk_unit|counter_60Hz[8]  ;
; -0.500 ; 0.500        ; 1.000          ; High Pulse Width ; CLOCK_50 ; Rise       ; clk_divider:clk_unit|counter_60Hz[9]  ;
; -0.500 ; 0.500        ; 1.000          ; Low Pulse Width  ; CLOCK_50 ; Rise       ; clk_divider:clk_unit|counter_60Hz[9]  ;
; 0.500  ; 0.500        ; 0.000          ; High Pulse Width ; CLOCK_50 ; Rise       ; CLOCK_50|combout                      ;
; 0.500  ; 0.500        ; 0.000          ; Low Pulse Width  ; CLOCK_50 ; Rise       ; CLOCK_50|combout                      ;
; 0.500  ; 0.500        ; 0.000          ; High Pulse Width ; CLOCK_50 ; Rise       ; CLOCK_50~clkctrl|inclk[0]             ;
; 0.500  ; 0.500        ; 0.000          ; Low Pulse Width  ; CLOCK_50 ; Rise       ; CLOCK_50~clkctrl|inclk[0]             ;
; 0.500  ; 0.500        ; 0.000          ; High Pulse Width ; CLOCK_50 ; Rise       ; CLOCK_50~clkctrl|outclk               ;
; 0.500  ; 0.500        ; 0.000          ; Low Pulse Width  ; CLOCK_50 ; Rise       ; CLOCK_50~clkctrl|outclk               ;
; 0.500  ; 0.500        ; 0.000          ; High Pulse Width ; CLOCK_50 ; Rise       ; clk_unit|clk_25M|clk                  ;
; 0.500  ; 0.500        ; 0.000          ; Low Pulse Width  ; CLOCK_50 ; Rise       ; clk_unit|clk_25M|clk                  ;
; 0.500  ; 0.500        ; 0.000          ; High Pulse Width ; CLOCK_50 ; Rise       ; clk_unit|clk_60Hz|clk                 ;
; 0.500  ; 0.500        ; 0.000          ; Low Pulse Width  ; CLOCK_50 ; Rise       ; clk_unit|clk_60Hz|clk                 ;
; 0.500  ; 0.500        ; 0.000          ; High Pulse Width ; CLOCK_50 ; Rise       ; clk_unit|counter_60Hz[0]|clk          ;
; 0.500  ; 0.500        ; 0.000          ; Low Pulse Width  ; CLOCK_50 ; Rise       ; clk_unit|counter_60Hz[0]|clk          ;
; 0.500  ; 0.500        ; 0.000          ; High Pulse Width ; CLOCK_50 ; Rise       ; clk_unit|counter_60Hz[10]|clk         ;
; 0.500  ; 0.500        ; 0.000          ; Low Pulse Width  ; CLOCK_50 ; Rise       ; clk_unit|counter_60Hz[10]|clk         ;
; 0.500  ; 0.500        ; 0.000          ; High Pulse Width ; CLOCK_50 ; Rise       ; clk_unit|counter_60Hz[11]|clk         ;
; 0.500  ; 0.500        ; 0.000          ; Low Pulse Width  ; CLOCK_50 ; Rise       ; clk_unit|counter_60Hz[11]|clk         ;
; 0.500  ; 0.500        ; 0.000          ; High Pulse Width ; CLOCK_50 ; Rise       ; clk_unit|counter_60Hz[12]|clk         ;
; 0.500  ; 0.500        ; 0.000          ; Low Pulse Width  ; CLOCK_50 ; Rise       ; clk_unit|counter_60Hz[12]|clk         ;
; 0.500  ; 0.500        ; 0.000          ; High Pulse Width ; CLOCK_50 ; Rise       ; clk_unit|counter_60Hz[13]|clk         ;
; 0.500  ; 0.500        ; 0.000          ; Low Pulse Width  ; CLOCK_50 ; Rise       ; clk_unit|counter_60Hz[13]|clk         ;
; 0.500  ; 0.500        ; 0.000          ; High Pulse Width ; CLOCK_50 ; Rise       ; clk_unit|counter_60Hz[14]|clk         ;
; 0.500  ; 0.500        ; 0.000          ; Low Pulse Width  ; CLOCK_50 ; Rise       ; clk_unit|counter_60Hz[14]|clk         ;
; 0.500  ; 0.500        ; 0.000          ; High Pulse Width ; CLOCK_50 ; Rise       ; clk_unit|counter_60Hz[15]|clk         ;
; 0.500  ; 0.500        ; 0.000          ; Low Pulse Width  ; CLOCK_50 ; Rise       ; clk_unit|counter_60Hz[15]|clk         ;
; 0.500  ; 0.500        ; 0.000          ; High Pulse Width ; CLOCK_50 ; Rise       ; clk_unit|counter_60Hz[16]|clk         ;
; 0.500  ; 0.500        ; 0.000          ; Low Pulse Width  ; CLOCK_50 ; Rise       ; clk_unit|counter_60Hz[16]|clk         ;
; 0.500  ; 0.500        ; 0.000          ; High Pulse Width ; CLOCK_50 ; Rise       ; clk_unit|counter_60Hz[17]|clk         ;
; 0.500  ; 0.500        ; 0.000          ; Low Pulse Width  ; CLOCK_50 ; Rise       ; clk_unit|counter_60Hz[17]|clk         ;
; 0.500  ; 0.500        ; 0.000          ; High Pulse Width ; CLOCK_50 ; Rise       ; clk_unit|counter_60Hz[18]|clk         ;
; 0.500  ; 0.500        ; 0.000          ; Low Pulse Width  ; CLOCK_50 ; Rise       ; clk_unit|counter_60Hz[18]|clk         ;
; 0.500  ; 0.500        ; 0.000          ; High Pulse Width ; CLOCK_50 ; Rise       ; clk_unit|counter_60Hz[19]|clk         ;
; 0.500  ; 0.500        ; 0.000          ; Low Pulse Width  ; CLOCK_50 ; Rise       ; clk_unit|counter_60Hz[19]|clk         ;
; 0.500  ; 0.500        ; 0.000          ; High Pulse Width ; CLOCK_50 ; Rise       ; clk_unit|counter_60Hz[1]|clk          ;
; 0.500  ; 0.500        ; 0.000          ; Low Pulse Width  ; CLOCK_50 ; Rise       ; clk_unit|counter_60Hz[1]|clk          ;
; 0.500  ; 0.500        ; 0.000          ; High Pulse Width ; CLOCK_50 ; Rise       ; clk_unit|counter_60Hz[2]|clk          ;
; 0.500  ; 0.500        ; 0.000          ; Low Pulse Width  ; CLOCK_50 ; Rise       ; clk_unit|counter_60Hz[2]|clk          ;
; 0.500  ; 0.500        ; 0.000          ; High Pulse Width ; CLOCK_50 ; Rise       ; clk_unit|counter_60Hz[3]|clk          ;
; 0.500  ; 0.500        ; 0.000          ; Low Pulse Width  ; CLOCK_50 ; Rise       ; clk_unit|counter_60Hz[3]|clk          ;
; 0.500  ; 0.500        ; 0.000          ; High Pulse Width ; CLOCK_50 ; Rise       ; clk_unit|counter_60Hz[4]|clk          ;
; 0.500  ; 0.500        ; 0.000          ; Low Pulse Width  ; CLOCK_50 ; Rise       ; clk_unit|counter_60Hz[4]|clk          ;
; 0.500  ; 0.500        ; 0.000          ; High Pulse Width ; CLOCK_50 ; Rise       ; clk_unit|counter_60Hz[5]|clk          ;
; 0.500  ; 0.500        ; 0.000          ; Low Pulse Width  ; CLOCK_50 ; Rise       ; clk_unit|counter_60Hz[5]|clk          ;
; 0.500  ; 0.500        ; 0.000          ; High Pulse Width ; CLOCK_50 ; Rise       ; clk_unit|counter_60Hz[6]|clk          ;
; 0.500  ; 0.500        ; 0.000          ; Low Pulse Width  ; CLOCK_50 ; Rise       ; clk_unit|counter_60Hz[6]|clk          ;
; 0.500  ; 0.500        ; 0.000          ; High Pulse Width ; CLOCK_50 ; Rise       ; clk_unit|counter_60Hz[7]|clk          ;
; 0.500  ; 0.500        ; 0.000          ; Low Pulse Width  ; CLOCK_50 ; Rise       ; clk_unit|counter_60Hz[7]|clk          ;
; 0.500  ; 0.500        ; 0.000          ; High Pulse Width ; CLOCK_50 ; Rise       ; clk_unit|counter_60Hz[8]|clk          ;
; 0.500  ; 0.500        ; 0.000          ; Low Pulse Width  ; CLOCK_50 ; Rise       ; clk_unit|counter_60Hz[8]|clk          ;
; 0.500  ; 0.500        ; 0.000          ; High Pulse Width ; CLOCK_50 ; Rise       ; clk_unit|counter_60Hz[9]|clk          ;
; 0.500  ; 0.500        ; 0.000          ; Low Pulse Width  ; CLOCK_50 ; Rise       ; clk_unit|counter_60Hz[9]|clk          ;
+--------+--------------+----------------+------------------+----------+------------+---------------------------------------+


+-------------------------------------------------------------------------------------------------------------------------------------------+
; Slow Model Minimum Pulse Width: 'clk_divider:clk_unit|clk_60Hz'                                                                           ;
+--------+--------------+----------------+------------------+-------------------------------+------------+----------------------------------+
; Slack  ; Actual Width ; Required Width ; Type             ; Clock                         ; Clock Edge ; Target                           ;
+--------+--------------+----------------+------------------+-------------------------------+------------+----------------------------------+
; -0.500 ; 0.500        ; 1.000          ; High Pulse Width ; clk_divider:clk_unit|clk_60Hz ; Rise       ; game_logic:game_unit|ball_x[0]   ;
; -0.500 ; 0.500        ; 1.000          ; Low Pulse Width  ; clk_divider:clk_unit|clk_60Hz ; Rise       ; game_logic:game_unit|ball_x[0]   ;
; -0.500 ; 0.500        ; 1.000          ; High Pulse Width ; clk_divider:clk_unit|clk_60Hz ; Rise       ; game_logic:game_unit|ball_x[1]   ;
; -0.500 ; 0.500        ; 1.000          ; Low Pulse Width  ; clk_divider:clk_unit|clk_60Hz ; Rise       ; game_logic:game_unit|ball_x[1]   ;
; -0.500 ; 0.500        ; 1.000          ; High Pulse Width ; clk_divider:clk_unit|clk_60Hz ; Rise       ; game_logic:game_unit|ball_x[2]   ;
; -0.500 ; 0.500        ; 1.000          ; Low Pulse Width  ; clk_divider:clk_unit|clk_60Hz ; Rise       ; game_logic:game_unit|ball_x[2]   ;
; -0.500 ; 0.500        ; 1.000          ; High Pulse Width ; clk_divider:clk_unit|clk_60Hz ; Rise       ; game_logic:game_unit|ball_x[3]   ;
; -0.500 ; 0.500        ; 1.000          ; Low Pulse Width  ; clk_divider:clk_unit|clk_60Hz ; Rise       ; game_logic:game_unit|ball_x[3]   ;
; -0.500 ; 0.500        ; 1.000          ; High Pulse Width ; clk_divider:clk_unit|clk_60Hz ; Rise       ; game_logic:game_unit|ball_x[4]   ;
; -0.500 ; 0.500        ; 1.000          ; Low Pulse Width  ; clk_divider:clk_unit|clk_60Hz ; Rise       ; game_logic:game_unit|ball_x[4]   ;
; -0.500 ; 0.500        ; 1.000          ; High Pulse Width ; clk_divider:clk_unit|clk_60Hz ; Rise       ; game_logic:game_unit|ball_x[5]   ;
; -0.500 ; 0.500        ; 1.000          ; Low Pulse Width  ; clk_divider:clk_unit|clk_60Hz ; Rise       ; game_logic:game_unit|ball_x[5]   ;
; -0.500 ; 0.500        ; 1.000          ; High Pulse Width ; clk_divider:clk_unit|clk_60Hz ; Rise       ; game_logic:game_unit|ball_x[6]   ;
; -0.500 ; 0.500        ; 1.000          ; Low Pulse Width  ; clk_divider:clk_unit|clk_60Hz ; Rise       ; game_logic:game_unit|ball_x[6]   ;
; -0.500 ; 0.500        ; 1.000          ; High Pulse Width ; clk_divider:clk_unit|clk_60Hz ; Rise       ; game_logic:game_unit|ball_x[7]   ;
; -0.500 ; 0.500        ; 1.000          ; Low Pulse Width  ; clk_divider:clk_unit|clk_60Hz ; Rise       ; game_logic:game_unit|ball_x[7]   ;
; -0.500 ; 0.500        ; 1.000          ; High Pulse Width ; clk_divider:clk_unit|clk_60Hz ; Rise       ; game_logic:game_unit|ball_x[8]   ;
; -0.500 ; 0.500        ; 1.000          ; Low Pulse Width  ; clk_divider:clk_unit|clk_60Hz ; Rise       ; game_logic:game_unit|ball_x[8]   ;
; -0.500 ; 0.500        ; 1.000          ; High Pulse Width ; clk_divider:clk_unit|clk_60Hz ; Rise       ; game_logic:game_unit|ball_x[9]   ;
; -0.500 ; 0.500        ; 1.000          ; Low Pulse Width  ; clk_divider:clk_unit|clk_60Hz ; Rise       ; game_logic:game_unit|ball_x[9]   ;
; -0.500 ; 0.500        ; 1.000          ; High Pulse Width ; clk_divider:clk_unit|clk_60Hz ; Rise       ; game_logic:game_unit|ball_y[0]   ;
; -0.500 ; 0.500        ; 1.000          ; Low Pulse Width  ; clk_divider:clk_unit|clk_60Hz ; Rise       ; game_logic:game_unit|ball_y[0]   ;
; -0.500 ; 0.500        ; 1.000          ; High Pulse Width ; clk_divider:clk_unit|clk_60Hz ; Rise       ; game_logic:game_unit|ball_y[1]   ;
; -0.500 ; 0.500        ; 1.000          ; Low Pulse Width  ; clk_divider:clk_unit|clk_60Hz ; Rise       ; game_logic:game_unit|ball_y[1]   ;
; -0.500 ; 0.500        ; 1.000          ; High Pulse Width ; clk_divider:clk_unit|clk_60Hz ; Rise       ; game_logic:game_unit|ball_y[2]   ;
; -0.500 ; 0.500        ; 1.000          ; Low Pulse Width  ; clk_divider:clk_unit|clk_60Hz ; Rise       ; game_logic:game_unit|ball_y[2]   ;
; -0.500 ; 0.500        ; 1.000          ; High Pulse Width ; clk_divider:clk_unit|clk_60Hz ; Rise       ; game_logic:game_unit|ball_y[3]   ;
; -0.500 ; 0.500        ; 1.000          ; Low Pulse Width  ; clk_divider:clk_unit|clk_60Hz ; Rise       ; game_logic:game_unit|ball_y[3]   ;
; -0.500 ; 0.500        ; 1.000          ; High Pulse Width ; clk_divider:clk_unit|clk_60Hz ; Rise       ; game_logic:game_unit|ball_y[4]   ;
; -0.500 ; 0.500        ; 1.000          ; Low Pulse Width  ; clk_divider:clk_unit|clk_60Hz ; Rise       ; game_logic:game_unit|ball_y[4]   ;
; -0.500 ; 0.500        ; 1.000          ; High Pulse Width ; clk_divider:clk_unit|clk_60Hz ; Rise       ; game_logic:game_unit|ball_y[5]   ;
; -0.500 ; 0.500        ; 1.000          ; Low Pulse Width  ; clk_divider:clk_unit|clk_60Hz ; Rise       ; game_logic:game_unit|ball_y[5]   ;
; -0.500 ; 0.500        ; 1.000          ; High Pulse Width ; clk_divider:clk_unit|clk_60Hz ; Rise       ; game_logic:game_unit|ball_y[6]   ;
; -0.500 ; 0.500        ; 1.000          ; Low Pulse Width  ; clk_divider:clk_unit|clk_60Hz ; Rise       ; game_logic:game_unit|ball_y[6]   ;
; -0.500 ; 0.500        ; 1.000          ; High Pulse Width ; clk_divider:clk_unit|clk_60Hz ; Rise       ; game_logic:game_unit|ball_y[7]   ;
; -0.500 ; 0.500        ; 1.000          ; Low Pulse Width  ; clk_divider:clk_unit|clk_60Hz ; Rise       ; game_logic:game_unit|ball_y[7]   ;
; -0.500 ; 0.500        ; 1.000          ; High Pulse Width ; clk_divider:clk_unit|clk_60Hz ; Rise       ; game_logic:game_unit|ball_y[8]   ;
; -0.500 ; 0.500        ; 1.000          ; Low Pulse Width  ; clk_divider:clk_unit|clk_60Hz ; Rise       ; game_logic:game_unit|ball_y[8]   ;
; -0.500 ; 0.500        ; 1.000          ; High Pulse Width ; clk_divider:clk_unit|clk_60Hz ; Rise       ; game_logic:game_unit|ball_y[9]   ;
; -0.500 ; 0.500        ; 1.000          ; Low Pulse Width  ; clk_divider:clk_unit|clk_60Hz ; Rise       ; game_logic:game_unit|ball_y[9]   ;
; -0.500 ; 0.500        ; 1.000          ; High Pulse Width ; clk_divider:clk_unit|clk_60Hz ; Rise       ; game_logic:game_unit|bricks[0]   ;
; -0.500 ; 0.500        ; 1.000          ; Low Pulse Width  ; clk_divider:clk_unit|clk_60Hz ; Rise       ; game_logic:game_unit|bricks[0]   ;
; -0.500 ; 0.500        ; 1.000          ; High Pulse Width ; clk_divider:clk_unit|clk_60Hz ; Rise       ; game_logic:game_unit|bricks[100] ;
; -0.500 ; 0.500        ; 1.000          ; Low Pulse Width  ; clk_divider:clk_unit|clk_60Hz ; Rise       ; game_logic:game_unit|bricks[100] ;
; -0.500 ; 0.500        ; 1.000          ; High Pulse Width ; clk_divider:clk_unit|clk_60Hz ; Rise       ; game_logic:game_unit|bricks[101] ;
; -0.500 ; 0.500        ; 1.000          ; Low Pulse Width  ; clk_divider:clk_unit|clk_60Hz ; Rise       ; game_logic:game_unit|bricks[101] ;
; -0.500 ; 0.500        ; 1.000          ; High Pulse Width ; clk_divider:clk_unit|clk_60Hz ; Rise       ; game_logic:game_unit|bricks[102] ;
; -0.500 ; 0.500        ; 1.000          ; Low Pulse Width  ; clk_divider:clk_unit|clk_60Hz ; Rise       ; game_logic:game_unit|bricks[102] ;
; -0.500 ; 0.500        ; 1.000          ; High Pulse Width ; clk_divider:clk_unit|clk_60Hz ; Rise       ; game_logic:game_unit|bricks[103] ;
; -0.500 ; 0.500        ; 1.000          ; Low Pulse Width  ; clk_divider:clk_unit|clk_60Hz ; Rise       ; game_logic:game_unit|bricks[103] ;
; -0.500 ; 0.500        ; 1.000          ; High Pulse Width ; clk_divider:clk_unit|clk_60Hz ; Rise       ; game_logic:game_unit|bricks[104] ;
; -0.500 ; 0.500        ; 1.000          ; Low Pulse Width  ; clk_divider:clk_unit|clk_60Hz ; Rise       ; game_logic:game_unit|bricks[104] ;
; -0.500 ; 0.500        ; 1.000          ; High Pulse Width ; clk_divider:clk_unit|clk_60Hz ; Rise       ; game_logic:game_unit|bricks[105] ;
; -0.500 ; 0.500        ; 1.000          ; Low Pulse Width  ; clk_divider:clk_unit|clk_60Hz ; Rise       ; game_logic:game_unit|bricks[105] ;
; -0.500 ; 0.500        ; 1.000          ; High Pulse Width ; clk_divider:clk_unit|clk_60Hz ; Rise       ; game_logic:game_unit|bricks[106] ;
; -0.500 ; 0.500        ; 1.000          ; Low Pulse Width  ; clk_divider:clk_unit|clk_60Hz ; Rise       ; game_logic:game_unit|bricks[106] ;
; -0.500 ; 0.500        ; 1.000          ; High Pulse Width ; clk_divider:clk_unit|clk_60Hz ; Rise       ; game_logic:game_unit|bricks[107] ;
; -0.500 ; 0.500        ; 1.000          ; Low Pulse Width  ; clk_divider:clk_unit|clk_60Hz ; Rise       ; game_logic:game_unit|bricks[107] ;
; -0.500 ; 0.500        ; 1.000          ; High Pulse Width ; clk_divider:clk_unit|clk_60Hz ; Rise       ; game_logic:game_unit|bricks[108] ;
; -0.500 ; 0.500        ; 1.000          ; Low Pulse Width  ; clk_divider:clk_unit|clk_60Hz ; Rise       ; game_logic:game_unit|bricks[108] ;
; -0.500 ; 0.500        ; 1.000          ; High Pulse Width ; clk_divider:clk_unit|clk_60Hz ; Rise       ; game_logic:game_unit|bricks[109] ;
; -0.500 ; 0.500        ; 1.000          ; Low Pulse Width  ; clk_divider:clk_unit|clk_60Hz ; Rise       ; game_logic:game_unit|bricks[109] ;
; -0.500 ; 0.500        ; 1.000          ; High Pulse Width ; clk_divider:clk_unit|clk_60Hz ; Rise       ; game_logic:game_unit|bricks[10]  ;
; -0.500 ; 0.500        ; 1.000          ; Low Pulse Width  ; clk_divider:clk_unit|clk_60Hz ; Rise       ; game_logic:game_unit|bricks[10]  ;
; -0.500 ; 0.500        ; 1.000          ; High Pulse Width ; clk_divider:clk_unit|clk_60Hz ; Rise       ; game_logic:game_unit|bricks[110] ;
; -0.500 ; 0.500        ; 1.000          ; Low Pulse Width  ; clk_divider:clk_unit|clk_60Hz ; Rise       ; game_logic:game_unit|bricks[110] ;
; -0.500 ; 0.500        ; 1.000          ; High Pulse Width ; clk_divider:clk_unit|clk_60Hz ; Rise       ; game_logic:game_unit|bricks[111] ;
; -0.500 ; 0.500        ; 1.000          ; Low Pulse Width  ; clk_divider:clk_unit|clk_60Hz ; Rise       ; game_logic:game_unit|bricks[111] ;
; -0.500 ; 0.500        ; 1.000          ; High Pulse Width ; clk_divider:clk_unit|clk_60Hz ; Rise       ; game_logic:game_unit|bricks[112] ;
; -0.500 ; 0.500        ; 1.000          ; Low Pulse Width  ; clk_divider:clk_unit|clk_60Hz ; Rise       ; game_logic:game_unit|bricks[112] ;
; -0.500 ; 0.500        ; 1.000          ; High Pulse Width ; clk_divider:clk_unit|clk_60Hz ; Rise       ; game_logic:game_unit|bricks[113] ;
; -0.500 ; 0.500        ; 1.000          ; Low Pulse Width  ; clk_divider:clk_unit|clk_60Hz ; Rise       ; game_logic:game_unit|bricks[113] ;
; -0.500 ; 0.500        ; 1.000          ; High Pulse Width ; clk_divider:clk_unit|clk_60Hz ; Rise       ; game_logic:game_unit|bricks[114] ;
; -0.500 ; 0.500        ; 1.000          ; Low Pulse Width  ; clk_divider:clk_unit|clk_60Hz ; Rise       ; game_logic:game_unit|bricks[114] ;
; -0.500 ; 0.500        ; 1.000          ; High Pulse Width ; clk_divider:clk_unit|clk_60Hz ; Rise       ; game_logic:game_unit|bricks[115] ;
; -0.500 ; 0.500        ; 1.000          ; Low Pulse Width  ; clk_divider:clk_unit|clk_60Hz ; Rise       ; game_logic:game_unit|bricks[115] ;
; -0.500 ; 0.500        ; 1.000          ; High Pulse Width ; clk_divider:clk_unit|clk_60Hz ; Rise       ; game_logic:game_unit|bricks[116] ;
; -0.500 ; 0.500        ; 1.000          ; Low Pulse Width  ; clk_divider:clk_unit|clk_60Hz ; Rise       ; game_logic:game_unit|bricks[116] ;
; -0.500 ; 0.500        ; 1.000          ; High Pulse Width ; clk_divider:clk_unit|clk_60Hz ; Rise       ; game_logic:game_unit|bricks[117] ;
; -0.500 ; 0.500        ; 1.000          ; Low Pulse Width  ; clk_divider:clk_unit|clk_60Hz ; Rise       ; game_logic:game_unit|bricks[117] ;
; -0.500 ; 0.500        ; 1.000          ; High Pulse Width ; clk_divider:clk_unit|clk_60Hz ; Rise       ; game_logic:game_unit|bricks[118] ;
; -0.500 ; 0.500        ; 1.000          ; Low Pulse Width  ; clk_divider:clk_unit|clk_60Hz ; Rise       ; game_logic:game_unit|bricks[118] ;
; -0.500 ; 0.500        ; 1.000          ; High Pulse Width ; clk_divider:clk_unit|clk_60Hz ; Rise       ; game_logic:game_unit|bricks[119] ;
; -0.500 ; 0.500        ; 1.000          ; Low Pulse Width  ; clk_divider:clk_unit|clk_60Hz ; Rise       ; game_logic:game_unit|bricks[119] ;
; -0.500 ; 0.500        ; 1.000          ; High Pulse Width ; clk_divider:clk_unit|clk_60Hz ; Rise       ; game_logic:game_unit|bricks[11]  ;
; -0.500 ; 0.500        ; 1.000          ; Low Pulse Width  ; clk_divider:clk_unit|clk_60Hz ; Rise       ; game_logic:game_unit|bricks[11]  ;
; -0.500 ; 0.500        ; 1.000          ; High Pulse Width ; clk_divider:clk_unit|clk_60Hz ; Rise       ; game_logic:game_unit|bricks[12]  ;
; -0.500 ; 0.500        ; 1.000          ; Low Pulse Width  ; clk_divider:clk_unit|clk_60Hz ; Rise       ; game_logic:game_unit|bricks[12]  ;
; -0.500 ; 0.500        ; 1.000          ; High Pulse Width ; clk_divider:clk_unit|clk_60Hz ; Rise       ; game_logic:game_unit|bricks[13]  ;
; -0.500 ; 0.500        ; 1.000          ; Low Pulse Width  ; clk_divider:clk_unit|clk_60Hz ; Rise       ; game_logic:game_unit|bricks[13]  ;
; -0.500 ; 0.500        ; 1.000          ; High Pulse Width ; clk_divider:clk_unit|clk_60Hz ; Rise       ; game_logic:game_unit|bricks[14]  ;
; -0.500 ; 0.500        ; 1.000          ; Low Pulse Width  ; clk_divider:clk_unit|clk_60Hz ; Rise       ; game_logic:game_unit|bricks[14]  ;
; -0.500 ; 0.500        ; 1.000          ; High Pulse Width ; clk_divider:clk_unit|clk_60Hz ; Rise       ; game_logic:game_unit|bricks[15]  ;
; -0.500 ; 0.500        ; 1.000          ; Low Pulse Width  ; clk_divider:clk_unit|clk_60Hz ; Rise       ; game_logic:game_unit|bricks[15]  ;
; -0.500 ; 0.500        ; 1.000          ; High Pulse Width ; clk_divider:clk_unit|clk_60Hz ; Rise       ; game_logic:game_unit|bricks[16]  ;
; -0.500 ; 0.500        ; 1.000          ; Low Pulse Width  ; clk_divider:clk_unit|clk_60Hz ; Rise       ; game_logic:game_unit|bricks[16]  ;
; -0.500 ; 0.500        ; 1.000          ; High Pulse Width ; clk_divider:clk_unit|clk_60Hz ; Rise       ; game_logic:game_unit|bricks[17]  ;
; -0.500 ; 0.500        ; 1.000          ; Low Pulse Width  ; clk_divider:clk_unit|clk_60Hz ; Rise       ; game_logic:game_unit|bricks[17]  ;
; -0.500 ; 0.500        ; 1.000          ; High Pulse Width ; clk_divider:clk_unit|clk_60Hz ; Rise       ; game_logic:game_unit|bricks[18]  ;
; -0.500 ; 0.500        ; 1.000          ; Low Pulse Width  ; clk_divider:clk_unit|clk_60Hz ; Rise       ; game_logic:game_unit|bricks[18]  ;
+--------+--------------+----------------+------------------+-------------------------------+------------+----------------------------------+


+-------------------------------------------------------------------------------------------------------------------------------------------+
; Slow Model Minimum Pulse Width: 'clk_divider:clk_unit|clk_25M'                                                                            ;
+--------+--------------+----------------+------------------+------------------------------+------------+-----------------------------------+
; Slack  ; Actual Width ; Required Width ; Type             ; Clock                        ; Clock Edge ; Target                            ;
+--------+--------------+----------------+------------------+------------------------------+------------+-----------------------------------+
; -0.500 ; 0.500        ; 1.000          ; High Pulse Width ; clk_divider:clk_unit|clk_25M ; Rise       ; vga_sync:vga_unit|h_count_reg[0]  ;
; -0.500 ; 0.500        ; 1.000          ; Low Pulse Width  ; clk_divider:clk_unit|clk_25M ; Rise       ; vga_sync:vga_unit|h_count_reg[0]  ;
; -0.500 ; 0.500        ; 1.000          ; High Pulse Width ; clk_divider:clk_unit|clk_25M ; Rise       ; vga_sync:vga_unit|h_count_reg[1]  ;
; -0.500 ; 0.500        ; 1.000          ; Low Pulse Width  ; clk_divider:clk_unit|clk_25M ; Rise       ; vga_sync:vga_unit|h_count_reg[1]  ;
; -0.500 ; 0.500        ; 1.000          ; High Pulse Width ; clk_divider:clk_unit|clk_25M ; Rise       ; vga_sync:vga_unit|h_count_reg[2]  ;
; -0.500 ; 0.500        ; 1.000          ; Low Pulse Width  ; clk_divider:clk_unit|clk_25M ; Rise       ; vga_sync:vga_unit|h_count_reg[2]  ;
; -0.500 ; 0.500        ; 1.000          ; High Pulse Width ; clk_divider:clk_unit|clk_25M ; Rise       ; vga_sync:vga_unit|h_count_reg[3]  ;
; -0.500 ; 0.500        ; 1.000          ; Low Pulse Width  ; clk_divider:clk_unit|clk_25M ; Rise       ; vga_sync:vga_unit|h_count_reg[3]  ;
; -0.500 ; 0.500        ; 1.000          ; High Pulse Width ; clk_divider:clk_unit|clk_25M ; Rise       ; vga_sync:vga_unit|h_count_reg[4]  ;
; -0.500 ; 0.500        ; 1.000          ; Low Pulse Width  ; clk_divider:clk_unit|clk_25M ; Rise       ; vga_sync:vga_unit|h_count_reg[4]  ;
; -0.500 ; 0.500        ; 1.000          ; High Pulse Width ; clk_divider:clk_unit|clk_25M ; Rise       ; vga_sync:vga_unit|h_count_reg[5]  ;
; -0.500 ; 0.500        ; 1.000          ; Low Pulse Width  ; clk_divider:clk_unit|clk_25M ; Rise       ; vga_sync:vga_unit|h_count_reg[5]  ;
; -0.500 ; 0.500        ; 1.000          ; High Pulse Width ; clk_divider:clk_unit|clk_25M ; Rise       ; vga_sync:vga_unit|h_count_reg[6]  ;
; -0.500 ; 0.500        ; 1.000          ; Low Pulse Width  ; clk_divider:clk_unit|clk_25M ; Rise       ; vga_sync:vga_unit|h_count_reg[6]  ;
; -0.500 ; 0.500        ; 1.000          ; High Pulse Width ; clk_divider:clk_unit|clk_25M ; Rise       ; vga_sync:vga_unit|h_count_reg[7]  ;
; -0.500 ; 0.500        ; 1.000          ; Low Pulse Width  ; clk_divider:clk_unit|clk_25M ; Rise       ; vga_sync:vga_unit|h_count_reg[7]  ;
; -0.500 ; 0.500        ; 1.000          ; High Pulse Width ; clk_divider:clk_unit|clk_25M ; Rise       ; vga_sync:vga_unit|h_count_reg[8]  ;
; -0.500 ; 0.500        ; 1.000          ; Low Pulse Width  ; clk_divider:clk_unit|clk_25M ; Rise       ; vga_sync:vga_unit|h_count_reg[8]  ;
; -0.500 ; 0.500        ; 1.000          ; High Pulse Width ; clk_divider:clk_unit|clk_25M ; Rise       ; vga_sync:vga_unit|h_count_reg[9]  ;
; -0.500 ; 0.500        ; 1.000          ; Low Pulse Width  ; clk_divider:clk_unit|clk_25M ; Rise       ; vga_sync:vga_unit|h_count_reg[9]  ;
; -0.500 ; 0.500        ; 1.000          ; High Pulse Width ; clk_divider:clk_unit|clk_25M ; Rise       ; vga_sync:vga_unit|v_count_reg[0]  ;
; -0.500 ; 0.500        ; 1.000          ; Low Pulse Width  ; clk_divider:clk_unit|clk_25M ; Rise       ; vga_sync:vga_unit|v_count_reg[0]  ;
; -0.500 ; 0.500        ; 1.000          ; High Pulse Width ; clk_divider:clk_unit|clk_25M ; Rise       ; vga_sync:vga_unit|v_count_reg[1]  ;
; -0.500 ; 0.500        ; 1.000          ; Low Pulse Width  ; clk_divider:clk_unit|clk_25M ; Rise       ; vga_sync:vga_unit|v_count_reg[1]  ;
; -0.500 ; 0.500        ; 1.000          ; High Pulse Width ; clk_divider:clk_unit|clk_25M ; Rise       ; vga_sync:vga_unit|v_count_reg[2]  ;
; -0.500 ; 0.500        ; 1.000          ; Low Pulse Width  ; clk_divider:clk_unit|clk_25M ; Rise       ; vga_sync:vga_unit|v_count_reg[2]  ;
; -0.500 ; 0.500        ; 1.000          ; High Pulse Width ; clk_divider:clk_unit|clk_25M ; Rise       ; vga_sync:vga_unit|v_count_reg[3]  ;
; -0.500 ; 0.500        ; 1.000          ; Low Pulse Width  ; clk_divider:clk_unit|clk_25M ; Rise       ; vga_sync:vga_unit|v_count_reg[3]  ;
; -0.500 ; 0.500        ; 1.000          ; High Pulse Width ; clk_divider:clk_unit|clk_25M ; Rise       ; vga_sync:vga_unit|v_count_reg[4]  ;
; -0.500 ; 0.500        ; 1.000          ; Low Pulse Width  ; clk_divider:clk_unit|clk_25M ; Rise       ; vga_sync:vga_unit|v_count_reg[4]  ;
; -0.500 ; 0.500        ; 1.000          ; High Pulse Width ; clk_divider:clk_unit|clk_25M ; Rise       ; vga_sync:vga_unit|v_count_reg[5]  ;
; -0.500 ; 0.500        ; 1.000          ; Low Pulse Width  ; clk_divider:clk_unit|clk_25M ; Rise       ; vga_sync:vga_unit|v_count_reg[5]  ;
; -0.500 ; 0.500        ; 1.000          ; High Pulse Width ; clk_divider:clk_unit|clk_25M ; Rise       ; vga_sync:vga_unit|v_count_reg[6]  ;
; -0.500 ; 0.500        ; 1.000          ; Low Pulse Width  ; clk_divider:clk_unit|clk_25M ; Rise       ; vga_sync:vga_unit|v_count_reg[6]  ;
; -0.500 ; 0.500        ; 1.000          ; High Pulse Width ; clk_divider:clk_unit|clk_25M ; Rise       ; vga_sync:vga_unit|v_count_reg[7]  ;
; -0.500 ; 0.500        ; 1.000          ; Low Pulse Width  ; clk_divider:clk_unit|clk_25M ; Rise       ; vga_sync:vga_unit|v_count_reg[7]  ;
; -0.500 ; 0.500        ; 1.000          ; High Pulse Width ; clk_divider:clk_unit|clk_25M ; Rise       ; vga_sync:vga_unit|v_count_reg[8]  ;
; -0.500 ; 0.500        ; 1.000          ; Low Pulse Width  ; clk_divider:clk_unit|clk_25M ; Rise       ; vga_sync:vga_unit|v_count_reg[8]  ;
; -0.500 ; 0.500        ; 1.000          ; High Pulse Width ; clk_divider:clk_unit|clk_25M ; Rise       ; vga_sync:vga_unit|v_count_reg[9]  ;
; -0.500 ; 0.500        ; 1.000          ; Low Pulse Width  ; clk_divider:clk_unit|clk_25M ; Rise       ; vga_sync:vga_unit|v_count_reg[9]  ;
; 0.500  ; 0.500        ; 0.000          ; High Pulse Width ; clk_divider:clk_unit|clk_25M ; Rise       ; clk_unit|clk_25M|regout           ;
; 0.500  ; 0.500        ; 0.000          ; Low Pulse Width  ; clk_divider:clk_unit|clk_25M ; Rise       ; clk_unit|clk_25M|regout           ;
; 0.500  ; 0.500        ; 0.000          ; High Pulse Width ; clk_divider:clk_unit|clk_25M ; Rise       ; clk_unit|clk_25M~clkctrl|inclk[0] ;
; 0.500  ; 0.500        ; 0.000          ; Low Pulse Width  ; clk_divider:clk_unit|clk_25M ; Rise       ; clk_unit|clk_25M~clkctrl|inclk[0] ;
; 0.500  ; 0.500        ; 0.000          ; High Pulse Width ; clk_divider:clk_unit|clk_25M ; Rise       ; clk_unit|clk_25M~clkctrl|outclk   ;
; 0.500  ; 0.500        ; 0.000          ; Low Pulse Width  ; clk_divider:clk_unit|clk_25M ; Rise       ; clk_unit|clk_25M~clkctrl|outclk   ;
; 0.500  ; 0.500        ; 0.000          ; High Pulse Width ; clk_divider:clk_unit|clk_25M ; Rise       ; vga_unit|h_count_reg[0]|clk       ;
; 0.500  ; 0.500        ; 0.000          ; Low Pulse Width  ; clk_divider:clk_unit|clk_25M ; Rise       ; vga_unit|h_count_reg[0]|clk       ;
; 0.500  ; 0.500        ; 0.000          ; High Pulse Width ; clk_divider:clk_unit|clk_25M ; Rise       ; vga_unit|h_count_reg[1]|clk       ;
; 0.500  ; 0.500        ; 0.000          ; Low Pulse Width  ; clk_divider:clk_unit|clk_25M ; Rise       ; vga_unit|h_count_reg[1]|clk       ;
; 0.500  ; 0.500        ; 0.000          ; High Pulse Width ; clk_divider:clk_unit|clk_25M ; Rise       ; vga_unit|h_count_reg[2]|clk       ;
; 0.500  ; 0.500        ; 0.000          ; Low Pulse Width  ; clk_divider:clk_unit|clk_25M ; Rise       ; vga_unit|h_count_reg[2]|clk       ;
; 0.500  ; 0.500        ; 0.000          ; High Pulse Width ; clk_divider:clk_unit|clk_25M ; Rise       ; vga_unit|h_count_reg[3]|clk       ;
; 0.500  ; 0.500        ; 0.000          ; Low Pulse Width  ; clk_divider:clk_unit|clk_25M ; Rise       ; vga_unit|h_count_reg[3]|clk       ;
; 0.500  ; 0.500        ; 0.000          ; High Pulse Width ; clk_divider:clk_unit|clk_25M ; Rise       ; vga_unit|h_count_reg[4]|clk       ;
; 0.500  ; 0.500        ; 0.000          ; Low Pulse Width  ; clk_divider:clk_unit|clk_25M ; Rise       ; vga_unit|h_count_reg[4]|clk       ;
; 0.500  ; 0.500        ; 0.000          ; High Pulse Width ; clk_divider:clk_unit|clk_25M ; Rise       ; vga_unit|h_count_reg[5]|clk       ;
; 0.500  ; 0.500        ; 0.000          ; Low Pulse Width  ; clk_divider:clk_unit|clk_25M ; Rise       ; vga_unit|h_count_reg[5]|clk       ;
; 0.500  ; 0.500        ; 0.000          ; High Pulse Width ; clk_divider:clk_unit|clk_25M ; Rise       ; vga_unit|h_count_reg[6]|clk       ;
; 0.500  ; 0.500        ; 0.000          ; Low Pulse Width  ; clk_divider:clk_unit|clk_25M ; Rise       ; vga_unit|h_count_reg[6]|clk       ;
; 0.500  ; 0.500        ; 0.000          ; High Pulse Width ; clk_divider:clk_unit|clk_25M ; Rise       ; vga_unit|h_count_reg[7]|clk       ;
; 0.500  ; 0.500        ; 0.000          ; Low Pulse Width  ; clk_divider:clk_unit|clk_25M ; Rise       ; vga_unit|h_count_reg[7]|clk       ;
; 0.500  ; 0.500        ; 0.000          ; High Pulse Width ; clk_divider:clk_unit|clk_25M ; Rise       ; vga_unit|h_count_reg[8]|clk       ;
; 0.500  ; 0.500        ; 0.000          ; Low Pulse Width  ; clk_divider:clk_unit|clk_25M ; Rise       ; vga_unit|h_count_reg[8]|clk       ;
; 0.500  ; 0.500        ; 0.000          ; High Pulse Width ; clk_divider:clk_unit|clk_25M ; Rise       ; vga_unit|h_count_reg[9]|clk       ;
; 0.500  ; 0.500        ; 0.000          ; Low Pulse Width  ; clk_divider:clk_unit|clk_25M ; Rise       ; vga_unit|h_count_reg[9]|clk       ;
; 0.500  ; 0.500        ; 0.000          ; High Pulse Width ; clk_divider:clk_unit|clk_25M ; Rise       ; vga_unit|v_count_reg[0]|clk       ;
; 0.500  ; 0.500        ; 0.000          ; Low Pulse Width  ; clk_divider:clk_unit|clk_25M ; Rise       ; vga_unit|v_count_reg[0]|clk       ;
; 0.500  ; 0.500        ; 0.000          ; High Pulse Width ; clk_divider:clk_unit|clk_25M ; Rise       ; vga_unit|v_count_reg[1]|clk       ;
; 0.500  ; 0.500        ; 0.000          ; Low Pulse Width  ; clk_divider:clk_unit|clk_25M ; Rise       ; vga_unit|v_count_reg[1]|clk       ;
; 0.500  ; 0.500        ; 0.000          ; High Pulse Width ; clk_divider:clk_unit|clk_25M ; Rise       ; vga_unit|v_count_reg[2]|clk       ;
; 0.500  ; 0.500        ; 0.000          ; Low Pulse Width  ; clk_divider:clk_unit|clk_25M ; Rise       ; vga_unit|v_count_reg[2]|clk       ;
; 0.500  ; 0.500        ; 0.000          ; High Pulse Width ; clk_divider:clk_unit|clk_25M ; Rise       ; vga_unit|v_count_reg[3]|clk       ;
; 0.500  ; 0.500        ; 0.000          ; Low Pulse Width  ; clk_divider:clk_unit|clk_25M ; Rise       ; vga_unit|v_count_reg[3]|clk       ;
; 0.500  ; 0.500        ; 0.000          ; High Pulse Width ; clk_divider:clk_unit|clk_25M ; Rise       ; vga_unit|v_count_reg[4]|clk       ;
; 0.500  ; 0.500        ; 0.000          ; Low Pulse Width  ; clk_divider:clk_unit|clk_25M ; Rise       ; vga_unit|v_count_reg[4]|clk       ;
; 0.500  ; 0.500        ; 0.000          ; High Pulse Width ; clk_divider:clk_unit|clk_25M ; Rise       ; vga_unit|v_count_reg[5]|clk       ;
; 0.500  ; 0.500        ; 0.000          ; Low Pulse Width  ; clk_divider:clk_unit|clk_25M ; Rise       ; vga_unit|v_count_reg[5]|clk       ;
; 0.500  ; 0.500        ; 0.000          ; High Pulse Width ; clk_divider:clk_unit|clk_25M ; Rise       ; vga_unit|v_count_reg[6]|clk       ;
; 0.500  ; 0.500        ; 0.000          ; Low Pulse Width  ; clk_divider:clk_unit|clk_25M ; Rise       ; vga_unit|v_count_reg[6]|clk       ;
; 0.500  ; 0.500        ; 0.000          ; High Pulse Width ; clk_divider:clk_unit|clk_25M ; Rise       ; vga_unit|v_count_reg[7]|clk       ;
; 0.500  ; 0.500        ; 0.000          ; Low Pulse Width  ; clk_divider:clk_unit|clk_25M ; Rise       ; vga_unit|v_count_reg[7]|clk       ;
; 0.500  ; 0.500        ; 0.000          ; High Pulse Width ; clk_divider:clk_unit|clk_25M ; Rise       ; vga_unit|v_count_reg[8]|clk       ;
; 0.500  ; 0.500        ; 0.000          ; Low Pulse Width  ; clk_divider:clk_unit|clk_25M ; Rise       ; vga_unit|v_count_reg[8]|clk       ;
; 0.500  ; 0.500        ; 0.000          ; High Pulse Width ; clk_divider:clk_unit|clk_25M ; Rise       ; vga_unit|v_count_reg[9]|clk       ;
; 0.500  ; 0.500        ; 0.000          ; Low Pulse Width  ; clk_divider:clk_unit|clk_25M ; Rise       ; vga_unit|v_count_reg[9]|clk       ;
+--------+--------------+----------------+------------------+------------------------------+------------+-----------------------------------+


+--------------------------------------------------------------------------------------------------------+
; Setup Times                                                                                            ;
+-----------+-------------------------------+-------+-------+------------+-------------------------------+
; Data Port ; Clock Port                    ; Rise  ; Fall  ; Clock Edge ; Clock Reference               ;
+-----------+-------------------------------+-------+-------+------------+-------------------------------+
; KEY[*]    ; clk_divider:clk_unit|clk_60Hz ; 6.672 ; 6.672 ; Rise       ; clk_divider:clk_unit|clk_60Hz ;
;  KEY[0]   ; clk_divider:clk_unit|clk_60Hz ; 6.672 ; 6.672 ; Rise       ; clk_divider:clk_unit|clk_60Hz ;
;  KEY[1]   ; clk_divider:clk_unit|clk_60Hz ; 6.230 ; 6.230 ; Rise       ; clk_divider:clk_unit|clk_60Hz ;
;  KEY[2]   ; clk_divider:clk_unit|clk_60Hz ; 4.910 ; 4.910 ; Rise       ; clk_divider:clk_unit|clk_60Hz ;
;  KEY[3]   ; clk_divider:clk_unit|clk_60Hz ; 6.638 ; 6.638 ; Rise       ; clk_divider:clk_unit|clk_60Hz ;
+-----------+-------------------------------+-------+-------+------------+-------------------------------+


+----------------------------------------------------------------------------------------------------------+
; Hold Times                                                                                               ;
+-----------+-------------------------------+--------+--------+------------+-------------------------------+
; Data Port ; Clock Port                    ; Rise   ; Fall   ; Clock Edge ; Clock Reference               ;
+-----------+-------------------------------+--------+--------+------------+-------------------------------+
; KEY[*]    ; clk_divider:clk_unit|clk_60Hz ; -3.422 ; -3.422 ; Rise       ; clk_divider:clk_unit|clk_60Hz ;
;  KEY[0]   ; clk_divider:clk_unit|clk_60Hz ; -5.143 ; -5.143 ; Rise       ; clk_divider:clk_unit|clk_60Hz ;
;  KEY[1]   ; clk_divider:clk_unit|clk_60Hz ; -3.422 ; -3.422 ; Rise       ; clk_divider:clk_unit|clk_60Hz ;
;  KEY[2]   ; clk_divider:clk_unit|clk_60Hz ; -4.486 ; -4.486 ; Rise       ; clk_divider:clk_unit|clk_60Hz ;
;  KEY[3]   ; clk_divider:clk_unit|clk_60Hz ; -5.442 ; -5.442 ; Rise       ; clk_divider:clk_unit|clk_60Hz ;
+-----------+-------------------------------+--------+--------+------------+-------------------------------+


+----------------------------------------------------------------------------------------------------------+
; Clock to Output Times                                                                                    ;
+-----------+-------------------------------+--------+--------+------------+-------------------------------+
; Data Port ; Clock Port                    ; Rise   ; Fall   ; Clock Edge ; Clock Reference               ;
+-----------+-------------------------------+--------+--------+------------+-------------------------------+
; VGA_B[*]  ; clk_divider:clk_unit|clk_25M  ; 20.100 ; 20.100 ; Rise       ; clk_divider:clk_unit|clk_25M  ;
;  VGA_B[0] ; clk_divider:clk_unit|clk_25M  ; 20.071 ; 20.071 ; Rise       ; clk_divider:clk_unit|clk_25M  ;
;  VGA_B[1] ; clk_divider:clk_unit|clk_25M  ; 20.071 ; 20.071 ; Rise       ; clk_divider:clk_unit|clk_25M  ;
;  VGA_B[2] ; clk_divider:clk_unit|clk_25M  ; 20.047 ; 20.047 ; Rise       ; clk_divider:clk_unit|clk_25M  ;
;  VGA_B[3] ; clk_divider:clk_unit|clk_25M  ; 20.037 ; 20.037 ; Rise       ; clk_divider:clk_unit|clk_25M  ;
;  VGA_B[4] ; clk_divider:clk_unit|clk_25M  ; 20.100 ; 20.100 ; Rise       ; clk_divider:clk_unit|clk_25M  ;
;  VGA_B[5] ; clk_divider:clk_unit|clk_25M  ; 20.090 ; 20.090 ; Rise       ; clk_divider:clk_unit|clk_25M  ;
;  VGA_B[6] ; clk_divider:clk_unit|clk_25M  ; 19.790 ; 19.790 ; Rise       ; clk_divider:clk_unit|clk_25M  ;
;  VGA_B[7] ; clk_divider:clk_unit|clk_25M  ; 19.790 ; 19.790 ; Rise       ; clk_divider:clk_unit|clk_25M  ;
;  VGA_B[8] ; clk_divider:clk_unit|clk_25M  ; 19.780 ; 19.780 ; Rise       ; clk_divider:clk_unit|clk_25M  ;
;  VGA_B[9] ; clk_divider:clk_unit|clk_25M  ; 19.772 ; 19.772 ; Rise       ; clk_divider:clk_unit|clk_25M  ;
; VGA_BLANK ; clk_divider:clk_unit|clk_25M  ; 11.403 ; 11.403 ; Rise       ; clk_divider:clk_unit|clk_25M  ;
; VGA_CLK   ; clk_divider:clk_unit|clk_25M  ; 5.378  ;        ; Rise       ; clk_divider:clk_unit|clk_25M  ;
; VGA_G[*]  ; clk_divider:clk_unit|clk_25M  ; 20.566 ; 20.566 ; Rise       ; clk_divider:clk_unit|clk_25M  ;
;  VGA_G[0] ; clk_divider:clk_unit|clk_25M  ; 20.558 ; 20.558 ; Rise       ; clk_divider:clk_unit|clk_25M  ;
;  VGA_G[1] ; clk_divider:clk_unit|clk_25M  ; 20.558 ; 20.558 ; Rise       ; clk_divider:clk_unit|clk_25M  ;
;  VGA_G[2] ; clk_divider:clk_unit|clk_25M  ; 20.548 ; 20.548 ; Rise       ; clk_divider:clk_unit|clk_25M  ;
;  VGA_G[3] ; clk_divider:clk_unit|clk_25M  ; 20.548 ; 20.548 ; Rise       ; clk_divider:clk_unit|clk_25M  ;
;  VGA_G[4] ; clk_divider:clk_unit|clk_25M  ; 20.540 ; 20.540 ; Rise       ; clk_divider:clk_unit|clk_25M  ;
;  VGA_G[5] ; clk_divider:clk_unit|clk_25M  ; 20.540 ; 20.540 ; Rise       ; clk_divider:clk_unit|clk_25M  ;
;  VGA_G[6] ; clk_divider:clk_unit|clk_25M  ; 20.546 ; 20.546 ; Rise       ; clk_divider:clk_unit|clk_25M  ;
;  VGA_G[7] ; clk_divider:clk_unit|clk_25M  ; 20.566 ; 20.566 ; Rise       ; clk_divider:clk_unit|clk_25M  ;
;  VGA_G[8] ; clk_divider:clk_unit|clk_25M  ; 20.360 ; 20.360 ; Rise       ; clk_divider:clk_unit|clk_25M  ;
;  VGA_G[9] ; clk_divider:clk_unit|clk_25M  ; 19.543 ; 19.543 ; Rise       ; clk_divider:clk_unit|clk_25M  ;
; VGA_HS    ; clk_divider:clk_unit|clk_25M  ; 11.495 ; 11.495 ; Rise       ; clk_divider:clk_unit|clk_25M  ;
; VGA_R[*]  ; clk_divider:clk_unit|clk_25M  ; 20.152 ; 20.152 ; Rise       ; clk_divider:clk_unit|clk_25M  ;
;  VGA_R[0] ; clk_divider:clk_unit|clk_25M  ; 20.152 ; 20.152 ; Rise       ; clk_divider:clk_unit|clk_25M  ;
;  VGA_R[1] ; clk_divider:clk_unit|clk_25M  ; 20.132 ; 20.132 ; Rise       ; clk_divider:clk_unit|clk_25M  ;
;  VGA_R[2] ; clk_divider:clk_unit|clk_25M  ; 20.132 ; 20.132 ; Rise       ; clk_divider:clk_unit|clk_25M  ;
;  VGA_R[3] ; clk_divider:clk_unit|clk_25M  ; 20.134 ; 20.134 ; Rise       ; clk_divider:clk_unit|clk_25M  ;
;  VGA_R[4] ; clk_divider:clk_unit|clk_25M  ; 20.134 ; 20.134 ; Rise       ; clk_divider:clk_unit|clk_25M  ;
;  VGA_R[5] ; clk_divider:clk_unit|clk_25M  ; 20.144 ; 20.144 ; Rise       ; clk_divider:clk_unit|clk_25M  ;
;  VGA_R[6] ; clk_divider:clk_unit|clk_25M  ; 19.862 ; 19.862 ; Rise       ; clk_divider:clk_unit|clk_25M  ;
;  VGA_R[7] ; clk_divider:clk_unit|clk_25M  ; 19.872 ; 19.872 ; Rise       ; clk_divider:clk_unit|clk_25M  ;
;  VGA_R[8] ; clk_divider:clk_unit|clk_25M  ; 19.828 ; 19.828 ; Rise       ; clk_divider:clk_unit|clk_25M  ;
;  VGA_R[9] ; clk_divider:clk_unit|clk_25M  ; 19.852 ; 19.852 ; Rise       ; clk_divider:clk_unit|clk_25M  ;
; VGA_VS    ; clk_divider:clk_unit|clk_25M  ; 11.541 ; 11.541 ; Rise       ; clk_divider:clk_unit|clk_25M  ;
; VGA_CLK   ; clk_divider:clk_unit|clk_25M  ;        ; 5.378  ; Fall       ; clk_divider:clk_unit|clk_25M  ;
; HEX0[*]   ; clk_divider:clk_unit|clk_60Hz ; 30.172 ; 30.172 ; Rise       ; clk_divider:clk_unit|clk_60Hz ;
;  HEX0[0]  ; clk_divider:clk_unit|clk_60Hz ; 30.169 ; 30.169 ; Rise       ; clk_divider:clk_unit|clk_60Hz ;
;  HEX0[1]  ; clk_divider:clk_unit|clk_60Hz ; 30.129 ; 30.129 ; Rise       ; clk_divider:clk_unit|clk_60Hz ;
;  HEX0[2]  ; clk_divider:clk_unit|clk_60Hz ; 30.144 ; 30.144 ; Rise       ; clk_divider:clk_unit|clk_60Hz ;
;  HEX0[3]  ; clk_divider:clk_unit|clk_60Hz ; 30.172 ; 30.172 ; Rise       ; clk_divider:clk_unit|clk_60Hz ;
;  HEX0[4]  ; clk_divider:clk_unit|clk_60Hz ; 30.172 ; 30.172 ; Rise       ; clk_divider:clk_unit|clk_60Hz ;
;  HEX0[5]  ; clk_divider:clk_unit|clk_60Hz ; 30.142 ; 30.142 ; Rise       ; clk_divider:clk_unit|clk_60Hz ;
;  HEX0[6]  ; clk_divider:clk_unit|clk_60Hz ; 29.928 ; 29.928 ; Rise       ; clk_divider:clk_unit|clk_60Hz ;
; HEX1[*]   ; clk_divider:clk_unit|clk_60Hz ; 31.392 ; 31.392 ; Rise       ; clk_divider:clk_unit|clk_60Hz ;
;  HEX1[0]  ; clk_divider:clk_unit|clk_60Hz ; 31.389 ; 31.389 ; Rise       ; clk_divider:clk_unit|clk_60Hz ;
;  HEX1[1]  ; clk_divider:clk_unit|clk_60Hz ; 31.392 ; 31.392 ; Rise       ; clk_divider:clk_unit|clk_60Hz ;
;  HEX1[2]  ; clk_divider:clk_unit|clk_60Hz ; 30.964 ; 30.964 ; Rise       ; clk_divider:clk_unit|clk_60Hz ;
;  HEX1[3]  ; clk_divider:clk_unit|clk_60Hz ; 30.950 ; 30.950 ; Rise       ; clk_divider:clk_unit|clk_60Hz ;
;  HEX1[4]  ; clk_divider:clk_unit|clk_60Hz ; 31.013 ; 31.013 ; Rise       ; clk_divider:clk_unit|clk_60Hz ;
;  HEX1[5]  ; clk_divider:clk_unit|clk_60Hz ; 31.238 ; 31.238 ; Rise       ; clk_divider:clk_unit|clk_60Hz ;
;  HEX1[6]  ; clk_divider:clk_unit|clk_60Hz ; 31.260 ; 31.260 ; Rise       ; clk_divider:clk_unit|clk_60Hz ;
; HEX2[*]   ; clk_divider:clk_unit|clk_60Hz ; 27.720 ; 27.720 ; Rise       ; clk_divider:clk_unit|clk_60Hz ;
;  HEX2[0]  ; clk_divider:clk_unit|clk_60Hz ; 27.720 ; 27.720 ; Rise       ; clk_divider:clk_unit|clk_60Hz ;
;  HEX2[1]  ; clk_divider:clk_unit|clk_60Hz ; 27.683 ; 27.683 ; Rise       ; clk_divider:clk_unit|clk_60Hz ;
;  HEX2[2]  ; clk_divider:clk_unit|clk_60Hz ; 27.638 ; 27.638 ; Rise       ; clk_divider:clk_unit|clk_60Hz ;
;  HEX2[3]  ; clk_divider:clk_unit|clk_60Hz ; 27.713 ; 27.713 ; Rise       ; clk_divider:clk_unit|clk_60Hz ;
;  HEX2[4]  ; clk_divider:clk_unit|clk_60Hz ; 27.428 ; 27.428 ; Rise       ; clk_divider:clk_unit|clk_60Hz ;
;  HEX2[5]  ; clk_divider:clk_unit|clk_60Hz ; 27.442 ; 27.442 ; Rise       ; clk_divider:clk_unit|clk_60Hz ;
;  HEX2[6]  ; clk_divider:clk_unit|clk_60Hz ; 27.432 ; 27.432 ; Rise       ; clk_divider:clk_unit|clk_60Hz ;
; HEX3[*]   ; clk_divider:clk_unit|clk_60Hz ; 18.063 ; 18.063 ; Rise       ; clk_divider:clk_unit|clk_60Hz ;
;  HEX3[0]  ; clk_divider:clk_unit|clk_60Hz ; 18.063 ; 18.063 ; Rise       ; clk_divider:clk_unit|clk_60Hz ;
;  HEX3[1]  ; clk_divider:clk_unit|clk_60Hz ; 17.760 ; 17.760 ; Rise       ; clk_divider:clk_unit|clk_60Hz ;
;  HEX3[2]  ; clk_divider:clk_unit|clk_60Hz ; 17.802 ; 17.802 ; Rise       ; clk_divider:clk_unit|clk_60Hz ;
;  HEX3[3]  ; clk_divider:clk_unit|clk_60Hz ; 17.763 ; 17.763 ; Rise       ; clk_divider:clk_unit|clk_60Hz ;
;  HEX3[4]  ; clk_divider:clk_unit|clk_60Hz ; 17.804 ; 17.804 ; Rise       ; clk_divider:clk_unit|clk_60Hz ;
;  HEX3[5]  ; clk_divider:clk_unit|clk_60Hz ; 18.012 ; 18.012 ; Rise       ; clk_divider:clk_unit|clk_60Hz ;
;  HEX3[6]  ; clk_divider:clk_unit|clk_60Hz ; 18.054 ; 18.054 ; Rise       ; clk_divider:clk_unit|clk_60Hz ;
; VGA_B[*]  ; clk_divider:clk_unit|clk_60Hz ; 16.473 ; 16.473 ; Rise       ; clk_divider:clk_unit|clk_60Hz ;
;  VGA_B[0] ; clk_divider:clk_unit|clk_60Hz ; 16.444 ; 16.444 ; Rise       ; clk_divider:clk_unit|clk_60Hz ;
;  VGA_B[1] ; clk_divider:clk_unit|clk_60Hz ; 16.444 ; 16.444 ; Rise       ; clk_divider:clk_unit|clk_60Hz ;
;  VGA_B[2] ; clk_divider:clk_unit|clk_60Hz ; 16.420 ; 16.420 ; Rise       ; clk_divider:clk_unit|clk_60Hz ;
;  VGA_B[3] ; clk_divider:clk_unit|clk_60Hz ; 16.410 ; 16.410 ; Rise       ; clk_divider:clk_unit|clk_60Hz ;
;  VGA_B[4] ; clk_divider:clk_unit|clk_60Hz ; 16.473 ; 16.473 ; Rise       ; clk_divider:clk_unit|clk_60Hz ;
;  VGA_B[5] ; clk_divider:clk_unit|clk_60Hz ; 16.463 ; 16.463 ; Rise       ; clk_divider:clk_unit|clk_60Hz ;
;  VGA_B[6] ; clk_divider:clk_unit|clk_60Hz ; 16.163 ; 16.163 ; Rise       ; clk_divider:clk_unit|clk_60Hz ;
;  VGA_B[7] ; clk_divider:clk_unit|clk_60Hz ; 16.163 ; 16.163 ; Rise       ; clk_divider:clk_unit|clk_60Hz ;
;  VGA_B[8] ; clk_divider:clk_unit|clk_60Hz ; 16.153 ; 16.153 ; Rise       ; clk_divider:clk_unit|clk_60Hz ;
;  VGA_B[9] ; clk_divider:clk_unit|clk_60Hz ; 16.145 ; 16.145 ; Rise       ; clk_divider:clk_unit|clk_60Hz ;
; VGA_G[*]  ; clk_divider:clk_unit|clk_60Hz ; 16.688 ; 16.688 ; Rise       ; clk_divider:clk_unit|clk_60Hz ;
;  VGA_G[0] ; clk_divider:clk_unit|clk_60Hz ; 16.680 ; 16.680 ; Rise       ; clk_divider:clk_unit|clk_60Hz ;
;  VGA_G[1] ; clk_divider:clk_unit|clk_60Hz ; 16.680 ; 16.680 ; Rise       ; clk_divider:clk_unit|clk_60Hz ;
;  VGA_G[2] ; clk_divider:clk_unit|clk_60Hz ; 16.670 ; 16.670 ; Rise       ; clk_divider:clk_unit|clk_60Hz ;
;  VGA_G[3] ; clk_divider:clk_unit|clk_60Hz ; 16.670 ; 16.670 ; Rise       ; clk_divider:clk_unit|clk_60Hz ;
;  VGA_G[4] ; clk_divider:clk_unit|clk_60Hz ; 16.662 ; 16.662 ; Rise       ; clk_divider:clk_unit|clk_60Hz ;
;  VGA_G[5] ; clk_divider:clk_unit|clk_60Hz ; 16.662 ; 16.662 ; Rise       ; clk_divider:clk_unit|clk_60Hz ;
;  VGA_G[6] ; clk_divider:clk_unit|clk_60Hz ; 16.668 ; 16.668 ; Rise       ; clk_divider:clk_unit|clk_60Hz ;
;  VGA_G[7] ; clk_divider:clk_unit|clk_60Hz ; 16.688 ; 16.688 ; Rise       ; clk_divider:clk_unit|clk_60Hz ;
;  VGA_G[8] ; clk_divider:clk_unit|clk_60Hz ; 16.482 ; 16.482 ; Rise       ; clk_divider:clk_unit|clk_60Hz ;
;  VGA_G[9] ; clk_divider:clk_unit|clk_60Hz ; 16.398 ; 16.398 ; Rise       ; clk_divider:clk_unit|clk_60Hz ;
; VGA_R[*]  ; clk_divider:clk_unit|clk_60Hz ; 16.998 ; 16.998 ; Rise       ; clk_divider:clk_unit|clk_60Hz ;
;  VGA_R[0] ; clk_divider:clk_unit|clk_60Hz ; 16.998 ; 16.998 ; Rise       ; clk_divider:clk_unit|clk_60Hz ;
;  VGA_R[1] ; clk_divider:clk_unit|clk_60Hz ; 16.978 ; 16.978 ; Rise       ; clk_divider:clk_unit|clk_60Hz ;
;  VGA_R[2] ; clk_divider:clk_unit|clk_60Hz ; 16.978 ; 16.978 ; Rise       ; clk_divider:clk_unit|clk_60Hz ;
;  VGA_R[3] ; clk_divider:clk_unit|clk_60Hz ; 16.980 ; 16.980 ; Rise       ; clk_divider:clk_unit|clk_60Hz ;
;  VGA_R[4] ; clk_divider:clk_unit|clk_60Hz ; 16.980 ; 16.980 ; Rise       ; clk_divider:clk_unit|clk_60Hz ;
;  VGA_R[5] ; clk_divider:clk_unit|clk_60Hz ; 16.990 ; 16.990 ; Rise       ; clk_divider:clk_unit|clk_60Hz ;
;  VGA_R[6] ; clk_divider:clk_unit|clk_60Hz ; 16.708 ; 16.708 ; Rise       ; clk_divider:clk_unit|clk_60Hz ;
;  VGA_R[7] ; clk_divider:clk_unit|clk_60Hz ; 16.718 ; 16.718 ; Rise       ; clk_divider:clk_unit|clk_60Hz ;
;  VGA_R[8] ; clk_divider:clk_unit|clk_60Hz ; 16.992 ; 16.992 ; Rise       ; clk_divider:clk_unit|clk_60Hz ;
;  VGA_R[9] ; clk_divider:clk_unit|clk_60Hz ; 16.698 ; 16.698 ; Rise       ; clk_divider:clk_unit|clk_60Hz ;
+-----------+-------------------------------+--------+--------+------------+-------------------------------+


+----------------------------------------------------------------------------------------------------------+
; Minimum Clock to Output Times                                                                            ;
+-----------+-------------------------------+--------+--------+------------+-------------------------------+
; Data Port ; Clock Port                    ; Rise   ; Fall   ; Clock Edge ; Clock Reference               ;
+-----------+-------------------------------+--------+--------+------------+-------------------------------+
; VGA_B[*]  ; clk_divider:clk_unit|clk_25M  ; 8.123  ; 8.123  ; Rise       ; clk_divider:clk_unit|clk_25M  ;
;  VGA_B[0] ; clk_divider:clk_unit|clk_25M  ; 8.872  ; 8.872  ; Rise       ; clk_divider:clk_unit|clk_25M  ;
;  VGA_B[1] ; clk_divider:clk_unit|clk_25M  ; 8.872  ; 8.872  ; Rise       ; clk_divider:clk_unit|clk_25M  ;
;  VGA_B[2] ; clk_divider:clk_unit|clk_25M  ; 8.848  ; 8.848  ; Rise       ; clk_divider:clk_unit|clk_25M  ;
;  VGA_B[3] ; clk_divider:clk_unit|clk_25M  ; 8.838  ; 8.838  ; Rise       ; clk_divider:clk_unit|clk_25M  ;
;  VGA_B[4] ; clk_divider:clk_unit|clk_25M  ; 8.901  ; 8.901  ; Rise       ; clk_divider:clk_unit|clk_25M  ;
;  VGA_B[5] ; clk_divider:clk_unit|clk_25M  ; 8.891  ; 8.891  ; Rise       ; clk_divider:clk_unit|clk_25M  ;
;  VGA_B[6] ; clk_divider:clk_unit|clk_25M  ; 8.591  ; 8.591  ; Rise       ; clk_divider:clk_unit|clk_25M  ;
;  VGA_B[7] ; clk_divider:clk_unit|clk_25M  ; 8.591  ; 8.591  ; Rise       ; clk_divider:clk_unit|clk_25M  ;
;  VGA_B[8] ; clk_divider:clk_unit|clk_25M  ; 8.581  ; 8.581  ; Rise       ; clk_divider:clk_unit|clk_25M  ;
;  VGA_B[9] ; clk_divider:clk_unit|clk_25M  ; 8.123  ; 8.123  ; Rise       ; clk_divider:clk_unit|clk_25M  ;
; VGA_BLANK ; clk_divider:clk_unit|clk_25M  ; 9.822  ; 9.822  ; Rise       ; clk_divider:clk_unit|clk_25M  ;
; VGA_CLK   ; clk_divider:clk_unit|clk_25M  ; 5.378  ;        ; Rise       ; clk_divider:clk_unit|clk_25M  ;
; VGA_G[*]  ; clk_divider:clk_unit|clk_25M  ; 8.841  ; 8.841  ; Rise       ; clk_divider:clk_unit|clk_25M  ;
;  VGA_G[0] ; clk_divider:clk_unit|clk_25M  ; 9.497  ; 9.497  ; Rise       ; clk_divider:clk_unit|clk_25M  ;
;  VGA_G[1] ; clk_divider:clk_unit|clk_25M  ; 9.497  ; 9.497  ; Rise       ; clk_divider:clk_unit|clk_25M  ;
;  VGA_G[2] ; clk_divider:clk_unit|clk_25M  ; 9.487  ; 9.487  ; Rise       ; clk_divider:clk_unit|clk_25M  ;
;  VGA_G[3] ; clk_divider:clk_unit|clk_25M  ; 9.487  ; 9.487  ; Rise       ; clk_divider:clk_unit|clk_25M  ;
;  VGA_G[4] ; clk_divider:clk_unit|clk_25M  ; 9.479  ; 9.479  ; Rise       ; clk_divider:clk_unit|clk_25M  ;
;  VGA_G[5] ; clk_divider:clk_unit|clk_25M  ; 9.479  ; 9.479  ; Rise       ; clk_divider:clk_unit|clk_25M  ;
;  VGA_G[6] ; clk_divider:clk_unit|clk_25M  ; 9.485  ; 9.485  ; Rise       ; clk_divider:clk_unit|clk_25M  ;
;  VGA_G[7] ; clk_divider:clk_unit|clk_25M  ; 9.505  ; 9.505  ; Rise       ; clk_divider:clk_unit|clk_25M  ;
;  VGA_G[8] ; clk_divider:clk_unit|clk_25M  ; 8.841  ; 8.841  ; Rise       ; clk_divider:clk_unit|clk_25M  ;
;  VGA_G[9] ; clk_divider:clk_unit|clk_25M  ; 9.154  ; 9.154  ; Rise       ; clk_divider:clk_unit|clk_25M  ;
; VGA_HS    ; clk_divider:clk_unit|clk_25M  ; 10.575 ; 10.575 ; Rise       ; clk_divider:clk_unit|clk_25M  ;
; VGA_R[*]  ; clk_divider:clk_unit|clk_25M  ; 8.884  ; 8.884  ; Rise       ; clk_divider:clk_unit|clk_25M  ;
;  VGA_R[0] ; clk_divider:clk_unit|clk_25M  ; 9.184  ; 9.184  ; Rise       ; clk_divider:clk_unit|clk_25M  ;
;  VGA_R[1] ; clk_divider:clk_unit|clk_25M  ; 9.164  ; 9.164  ; Rise       ; clk_divider:clk_unit|clk_25M  ;
;  VGA_R[2] ; clk_divider:clk_unit|clk_25M  ; 9.164  ; 9.164  ; Rise       ; clk_divider:clk_unit|clk_25M  ;
;  VGA_R[3] ; clk_divider:clk_unit|clk_25M  ; 9.166  ; 9.166  ; Rise       ; clk_divider:clk_unit|clk_25M  ;
;  VGA_R[4] ; clk_divider:clk_unit|clk_25M  ; 9.166  ; 9.166  ; Rise       ; clk_divider:clk_unit|clk_25M  ;
;  VGA_R[5] ; clk_divider:clk_unit|clk_25M  ; 9.176  ; 9.176  ; Rise       ; clk_divider:clk_unit|clk_25M  ;
;  VGA_R[6] ; clk_divider:clk_unit|clk_25M  ; 8.894  ; 8.894  ; Rise       ; clk_divider:clk_unit|clk_25M  ;
;  VGA_R[7] ; clk_divider:clk_unit|clk_25M  ; 8.904  ; 8.904  ; Rise       ; clk_divider:clk_unit|clk_25M  ;
;  VGA_R[8] ; clk_divider:clk_unit|clk_25M  ; 9.290  ; 9.290  ; Rise       ; clk_divider:clk_unit|clk_25M  ;
;  VGA_R[9] ; clk_divider:clk_unit|clk_25M  ; 8.884  ; 8.884  ; Rise       ; clk_divider:clk_unit|clk_25M  ;
; VGA_VS    ; clk_divider:clk_unit|clk_25M  ; 9.196  ; 9.196  ; Rise       ; clk_divider:clk_unit|clk_25M  ;
; VGA_CLK   ; clk_divider:clk_unit|clk_25M  ;        ; 5.378  ; Fall       ; clk_divider:clk_unit|clk_25M  ;
; HEX0[*]   ; clk_divider:clk_unit|clk_60Hz ; 10.338 ; 10.338 ; Rise       ; clk_divider:clk_unit|clk_60Hz ;
;  HEX0[0]  ; clk_divider:clk_unit|clk_60Hz ; 10.583 ; 10.583 ; Rise       ; clk_divider:clk_unit|clk_60Hz ;
;  HEX0[1]  ; clk_divider:clk_unit|clk_60Hz ; 10.536 ; 10.536 ; Rise       ; clk_divider:clk_unit|clk_60Hz ;
;  HEX0[2]  ; clk_divider:clk_unit|clk_60Hz ; 10.552 ; 10.552 ; Rise       ; clk_divider:clk_unit|clk_60Hz ;
;  HEX0[3]  ; clk_divider:clk_unit|clk_60Hz ; 10.586 ; 10.586 ; Rise       ; clk_divider:clk_unit|clk_60Hz ;
;  HEX0[4]  ; clk_divider:clk_unit|clk_60Hz ; 10.586 ; 10.586 ; Rise       ; clk_divider:clk_unit|clk_60Hz ;
;  HEX0[5]  ; clk_divider:clk_unit|clk_60Hz ; 10.550 ; 10.550 ; Rise       ; clk_divider:clk_unit|clk_60Hz ;
;  HEX0[6]  ; clk_divider:clk_unit|clk_60Hz ; 10.338 ; 10.338 ; Rise       ; clk_divider:clk_unit|clk_60Hz ;
; HEX1[*]   ; clk_divider:clk_unit|clk_60Hz ; 11.901 ; 11.901 ; Rise       ; clk_divider:clk_unit|clk_60Hz ;
;  HEX1[0]  ; clk_divider:clk_unit|clk_60Hz ; 12.347 ; 12.347 ; Rise       ; clk_divider:clk_unit|clk_60Hz ;
;  HEX1[1]  ; clk_divider:clk_unit|clk_60Hz ; 12.346 ; 12.346 ; Rise       ; clk_divider:clk_unit|clk_60Hz ;
;  HEX1[2]  ; clk_divider:clk_unit|clk_60Hz ; 11.945 ; 11.945 ; Rise       ; clk_divider:clk_unit|clk_60Hz ;
;  HEX1[3]  ; clk_divider:clk_unit|clk_60Hz ; 11.901 ; 11.901 ; Rise       ; clk_divider:clk_unit|clk_60Hz ;
;  HEX1[4]  ; clk_divider:clk_unit|clk_60Hz ; 11.961 ; 11.961 ; Rise       ; clk_divider:clk_unit|clk_60Hz ;
;  HEX1[5]  ; clk_divider:clk_unit|clk_60Hz ; 12.186 ; 12.186 ; Rise       ; clk_divider:clk_unit|clk_60Hz ;
;  HEX1[6]  ; clk_divider:clk_unit|clk_60Hz ; 12.211 ; 12.211 ; Rise       ; clk_divider:clk_unit|clk_60Hz ;
; HEX2[*]   ; clk_divider:clk_unit|clk_60Hz ; 13.231 ; 13.231 ; Rise       ; clk_divider:clk_unit|clk_60Hz ;
;  HEX2[0]  ; clk_divider:clk_unit|clk_60Hz ; 13.536 ; 13.536 ; Rise       ; clk_divider:clk_unit|clk_60Hz ;
;  HEX2[1]  ; clk_divider:clk_unit|clk_60Hz ; 13.496 ; 13.496 ; Rise       ; clk_divider:clk_unit|clk_60Hz ;
;  HEX2[2]  ; clk_divider:clk_unit|clk_60Hz ; 13.454 ; 13.454 ; Rise       ; clk_divider:clk_unit|clk_60Hz ;
;  HEX2[3]  ; clk_divider:clk_unit|clk_60Hz ; 13.528 ; 13.528 ; Rise       ; clk_divider:clk_unit|clk_60Hz ;
;  HEX2[4]  ; clk_divider:clk_unit|clk_60Hz ; 13.231 ; 13.231 ; Rise       ; clk_divider:clk_unit|clk_60Hz ;
;  HEX2[5]  ; clk_divider:clk_unit|clk_60Hz ; 13.245 ; 13.245 ; Rise       ; clk_divider:clk_unit|clk_60Hz ;
;  HEX2[6]  ; clk_divider:clk_unit|clk_60Hz ; 13.233 ; 13.233 ; Rise       ; clk_divider:clk_unit|clk_60Hz ;
; HEX3[*]   ; clk_divider:clk_unit|clk_60Hz ; 11.938 ; 11.938 ; Rise       ; clk_divider:clk_unit|clk_60Hz ;
;  HEX3[0]  ; clk_divider:clk_unit|clk_60Hz ; 12.241 ; 12.241 ; Rise       ; clk_divider:clk_unit|clk_60Hz ;
;  HEX3[1]  ; clk_divider:clk_unit|clk_60Hz ; 11.938 ; 11.938 ; Rise       ; clk_divider:clk_unit|clk_60Hz ;
;  HEX3[2]  ; clk_divider:clk_unit|clk_60Hz ; 11.941 ; 11.941 ; Rise       ; clk_divider:clk_unit|clk_60Hz ;
;  HEX3[3]  ; clk_divider:clk_unit|clk_60Hz ; 11.939 ; 11.939 ; Rise       ; clk_divider:clk_unit|clk_60Hz ;
;  HEX3[4]  ; clk_divider:clk_unit|clk_60Hz ; 11.982 ; 11.982 ; Rise       ; clk_divider:clk_unit|clk_60Hz ;
;  HEX3[5]  ; clk_divider:clk_unit|clk_60Hz ; 12.188 ; 12.188 ; Rise       ; clk_divider:clk_unit|clk_60Hz ;
;  HEX3[6]  ; clk_divider:clk_unit|clk_60Hz ; 12.234 ; 12.234 ; Rise       ; clk_divider:clk_unit|clk_60Hz ;
; VGA_B[*]  ; clk_divider:clk_unit|clk_60Hz ; 8.317  ; 8.317  ; Rise       ; clk_divider:clk_unit|clk_60Hz ;
;  VGA_B[0] ; clk_divider:clk_unit|clk_60Hz ; 8.608  ; 8.608  ; Rise       ; clk_divider:clk_unit|clk_60Hz ;
;  VGA_B[1] ; clk_divider:clk_unit|clk_60Hz ; 8.608  ; 8.608  ; Rise       ; clk_divider:clk_unit|clk_60Hz ;
;  VGA_B[2] ; clk_divider:clk_unit|clk_60Hz ; 8.584  ; 8.584  ; Rise       ; clk_divider:clk_unit|clk_60Hz ;
;  VGA_B[3] ; clk_divider:clk_unit|clk_60Hz ; 8.574  ; 8.574  ; Rise       ; clk_divider:clk_unit|clk_60Hz ;
;  VGA_B[4] ; clk_divider:clk_unit|clk_60Hz ; 8.637  ; 8.637  ; Rise       ; clk_divider:clk_unit|clk_60Hz ;
;  VGA_B[5] ; clk_divider:clk_unit|clk_60Hz ; 8.627  ; 8.627  ; Rise       ; clk_divider:clk_unit|clk_60Hz ;
;  VGA_B[6] ; clk_divider:clk_unit|clk_60Hz ; 8.327  ; 8.327  ; Rise       ; clk_divider:clk_unit|clk_60Hz ;
;  VGA_B[7] ; clk_divider:clk_unit|clk_60Hz ; 8.327  ; 8.327  ; Rise       ; clk_divider:clk_unit|clk_60Hz ;
;  VGA_B[8] ; clk_divider:clk_unit|clk_60Hz ; 8.317  ; 8.317  ; Rise       ; clk_divider:clk_unit|clk_60Hz ;
;  VGA_B[9] ; clk_divider:clk_unit|clk_60Hz ; 9.117  ; 9.117  ; Rise       ; clk_divider:clk_unit|clk_60Hz ;
; VGA_G[*]  ; clk_divider:clk_unit|clk_60Hz ; 8.571  ; 8.571  ; Rise       ; clk_divider:clk_unit|clk_60Hz ;
;  VGA_G[0] ; clk_divider:clk_unit|clk_60Hz ; 9.544  ; 9.544  ; Rise       ; clk_divider:clk_unit|clk_60Hz ;
;  VGA_G[1] ; clk_divider:clk_unit|clk_60Hz ; 9.544  ; 9.544  ; Rise       ; clk_divider:clk_unit|clk_60Hz ;
;  VGA_G[2] ; clk_divider:clk_unit|clk_60Hz ; 9.534  ; 9.534  ; Rise       ; clk_divider:clk_unit|clk_60Hz ;
;  VGA_G[3] ; clk_divider:clk_unit|clk_60Hz ; 9.534  ; 9.534  ; Rise       ; clk_divider:clk_unit|clk_60Hz ;
;  VGA_G[4] ; clk_divider:clk_unit|clk_60Hz ; 9.526  ; 9.526  ; Rise       ; clk_divider:clk_unit|clk_60Hz ;
;  VGA_G[5] ; clk_divider:clk_unit|clk_60Hz ; 9.526  ; 9.526  ; Rise       ; clk_divider:clk_unit|clk_60Hz ;
;  VGA_G[6] ; clk_divider:clk_unit|clk_60Hz ; 9.532  ; 9.532  ; Rise       ; clk_divider:clk_unit|clk_60Hz ;
;  VGA_G[7] ; clk_divider:clk_unit|clk_60Hz ; 9.552  ; 9.552  ; Rise       ; clk_divider:clk_unit|clk_60Hz ;
;  VGA_G[8] ; clk_divider:clk_unit|clk_60Hz ; 9.346  ; 9.346  ; Rise       ; clk_divider:clk_unit|clk_60Hz ;
;  VGA_G[9] ; clk_divider:clk_unit|clk_60Hz ; 8.571  ; 8.571  ; Rise       ; clk_divider:clk_unit|clk_60Hz ;
; VGA_R[*]  ; clk_divider:clk_unit|clk_60Hz ; 9.025  ; 9.025  ; Rise       ; clk_divider:clk_unit|clk_60Hz ;
;  VGA_R[0] ; clk_divider:clk_unit|clk_60Hz ; 10.187 ; 10.187 ; Rise       ; clk_divider:clk_unit|clk_60Hz ;
;  VGA_R[1] ; clk_divider:clk_unit|clk_60Hz ; 10.167 ; 10.167 ; Rise       ; clk_divider:clk_unit|clk_60Hz ;
;  VGA_R[2] ; clk_divider:clk_unit|clk_60Hz ; 10.167 ; 10.167 ; Rise       ; clk_divider:clk_unit|clk_60Hz ;
;  VGA_R[3] ; clk_divider:clk_unit|clk_60Hz ; 10.169 ; 10.169 ; Rise       ; clk_divider:clk_unit|clk_60Hz ;
;  VGA_R[4] ; clk_divider:clk_unit|clk_60Hz ; 10.169 ; 10.169 ; Rise       ; clk_divider:clk_unit|clk_60Hz ;
;  VGA_R[5] ; clk_divider:clk_unit|clk_60Hz ; 10.179 ; 10.179 ; Rise       ; clk_divider:clk_unit|clk_60Hz ;
;  VGA_R[6] ; clk_divider:clk_unit|clk_60Hz ; 9.897  ; 9.897  ; Rise       ; clk_divider:clk_unit|clk_60Hz ;
;  VGA_R[7] ; clk_divider:clk_unit|clk_60Hz ; 9.907  ; 9.907  ; Rise       ; clk_divider:clk_unit|clk_60Hz ;
;  VGA_R[8] ; clk_divider:clk_unit|clk_60Hz ; 9.025  ; 9.025  ; Rise       ; clk_divider:clk_unit|clk_60Hz ;
;  VGA_R[9] ; clk_divider:clk_unit|clk_60Hz ; 9.887  ; 9.887  ; Rise       ; clk_divider:clk_unit|clk_60Hz ;
+-----------+-------------------------------+--------+--------+------------+-------------------------------+


+--------------------------------------------------------+
; Fast Model Setup Summary                               ;
+-------------------------------+--------+---------------+
; Clock                         ; Slack  ; End Point TNS ;
+-------------------------------+--------+---------------+
; clk_divider:clk_unit|clk_60Hz ; -4.036 ; -601.211      ;
; CLOCK_50                      ; -0.616 ; -7.301        ;
; clk_divider:clk_unit|clk_25M  ; -0.275 ; -3.111        ;
+-------------------------------+--------+---------------+


+--------------------------------------------------------+
; Fast Model Hold Summary                                ;
+-------------------------------+--------+---------------+
; Clock                         ; Slack  ; End Point TNS ;
+-------------------------------+--------+---------------+
; CLOCK_50                      ; -1.581 ; -3.162        ;
; clk_divider:clk_unit|clk_60Hz ; 0.215  ; 0.000         ;
; clk_divider:clk_unit|clk_25M  ; 0.365  ; 0.000         ;
+-------------------------------+--------+---------------+


-------------------------------
; Fast Model Recovery Summary ;
-------------------------------
No paths to report.


------------------------------
; Fast Model Removal Summary ;
------------------------------
No paths to report.


+--------------------------------------------------------+
; Fast Model Minimum Pulse Width Summary                 ;
+-------------------------------+--------+---------------+
; Clock                         ; Slack  ; End Point TNS ;
+-------------------------------+--------+---------------+
; CLOCK_50                      ; -1.380 ; -23.380       ;
; clk_divider:clk_unit|clk_60Hz ; -0.500 ; -189.000      ;
; clk_divider:clk_unit|clk_25M  ; -0.500 ; -20.000       ;
+-------------------------------+--------+---------------+


+-------------------------------------------------------------------------------------------------------------------------------------------------------------------------------------+
; Fast Model Setup: 'clk_divider:clk_unit|clk_60Hz'                                                                                                                                   ;
+--------+--------------------------------+----------------------------------+-------------------------------+-------------------------------+--------------+------------+------------+
; Slack  ; From Node                      ; To Node                          ; Launch Clock                  ; Latch Clock                   ; Relationship ; Clock Skew ; Data Delay ;
+--------+--------------------------------+----------------------------------+-------------------------------+-------------------------------+--------------+------------+------------+
; -4.036 ; game_logic:game_unit|ball_y[3] ; game_logic:game_unit|bricks[27]  ; clk_divider:clk_unit|clk_60Hz ; clk_divider:clk_unit|clk_60Hz ; 1.000        ; -0.005     ; 5.063      ;
; -4.023 ; game_logic:game_unit|ball_y[3] ; game_logic:game_unit|bricks[58]  ; clk_divider:clk_unit|clk_60Hz ; clk_divider:clk_unit|clk_60Hz ; 1.000        ; 0.014      ; 5.069      ;
; -4.015 ; game_logic:game_unit|dir_y     ; game_logic:game_unit|bricks[27]  ; clk_divider:clk_unit|clk_60Hz ; clk_divider:clk_unit|clk_60Hz ; 1.000        ; -0.015     ; 5.032      ;
; -4.013 ; game_logic:game_unit|ball_y[3] ; game_logic:game_unit|bricks[20]  ; clk_divider:clk_unit|clk_60Hz ; clk_divider:clk_unit|clk_60Hz ; 1.000        ; 0.007      ; 5.052      ;
; -4.012 ; game_logic:game_unit|ball_y[3] ; game_logic:game_unit|bricks[52]  ; clk_divider:clk_unit|clk_60Hz ; clk_divider:clk_unit|clk_60Hz ; 1.000        ; 0.007      ; 5.051      ;
; -4.005 ; game_logic:game_unit|ball_y[6] ; game_logic:game_unit|bricks[27]  ; clk_divider:clk_unit|clk_60Hz ; clk_divider:clk_unit|clk_60Hz ; 1.000        ; -0.005     ; 5.032      ;
; -4.002 ; game_logic:game_unit|dir_y     ; game_logic:game_unit|bricks[58]  ; clk_divider:clk_unit|clk_60Hz ; clk_divider:clk_unit|clk_60Hz ; 1.000        ; 0.004      ; 5.038      ;
; -4.000 ; game_logic:game_unit|ball_y[3] ; game_logic:game_unit|bricks[76]  ; clk_divider:clk_unit|clk_60Hz ; clk_divider:clk_unit|clk_60Hz ; 1.000        ; 0.013      ; 5.045      ;
; -3.996 ; game_logic:game_unit|ball_y[4] ; game_logic:game_unit|bricks[27]  ; clk_divider:clk_unit|clk_60Hz ; clk_divider:clk_unit|clk_60Hz ; 1.000        ; -0.005     ; 5.023      ;
; -3.992 ; game_logic:game_unit|ball_y[6] ; game_logic:game_unit|bricks[58]  ; clk_divider:clk_unit|clk_60Hz ; clk_divider:clk_unit|clk_60Hz ; 1.000        ; 0.014      ; 5.038      ;
; -3.992 ; game_logic:game_unit|dir_y     ; game_logic:game_unit|bricks[20]  ; clk_divider:clk_unit|clk_60Hz ; clk_divider:clk_unit|clk_60Hz ; 1.000        ; -0.003     ; 5.021      ;
; -3.991 ; game_logic:game_unit|dir_y     ; game_logic:game_unit|bricks[52]  ; clk_divider:clk_unit|clk_60Hz ; clk_divider:clk_unit|clk_60Hz ; 1.000        ; -0.003     ; 5.020      ;
; -3.990 ; game_logic:game_unit|ball_y[3] ; game_logic:game_unit|bricks[55]  ; clk_divider:clk_unit|clk_60Hz ; clk_divider:clk_unit|clk_60Hz ; 1.000        ; 0.009      ; 5.031      ;
; -3.989 ; game_logic:game_unit|ball_y[3] ; game_logic:game_unit|bricks[23]  ; clk_divider:clk_unit|clk_60Hz ; clk_divider:clk_unit|clk_60Hz ; 1.000        ; 0.009      ; 5.030      ;
; -3.983 ; game_logic:game_unit|ball_y[4] ; game_logic:game_unit|bricks[58]  ; clk_divider:clk_unit|clk_60Hz ; clk_divider:clk_unit|clk_60Hz ; 1.000        ; 0.014      ; 5.029      ;
; -3.982 ; game_logic:game_unit|ball_y[6] ; game_logic:game_unit|bricks[20]  ; clk_divider:clk_unit|clk_60Hz ; clk_divider:clk_unit|clk_60Hz ; 1.000        ; 0.007      ; 5.021      ;
; -3.981 ; game_logic:game_unit|ball_y[6] ; game_logic:game_unit|bricks[52]  ; clk_divider:clk_unit|clk_60Hz ; clk_divider:clk_unit|clk_60Hz ; 1.000        ; 0.007      ; 5.020      ;
; -3.979 ; game_logic:game_unit|dir_y     ; game_logic:game_unit|bricks[76]  ; clk_divider:clk_unit|clk_60Hz ; clk_divider:clk_unit|clk_60Hz ; 1.000        ; 0.003      ; 5.014      ;
; -3.974 ; game_logic:game_unit|ball_y[3] ; game_logic:game_unit|bricks[72]  ; clk_divider:clk_unit|clk_60Hz ; clk_divider:clk_unit|clk_60Hz ; 1.000        ; -0.013     ; 4.993      ;
; -3.973 ; game_logic:game_unit|ball_y[4] ; game_logic:game_unit|bricks[20]  ; clk_divider:clk_unit|clk_60Hz ; clk_divider:clk_unit|clk_60Hz ; 1.000        ; 0.007      ; 5.012      ;
; -3.972 ; game_logic:game_unit|ball_y[3] ; game_logic:game_unit|bricks[90]  ; clk_divider:clk_unit|clk_60Hz ; clk_divider:clk_unit|clk_60Hz ; 1.000        ; -0.013     ; 4.991      ;
; -3.972 ; game_logic:game_unit|ball_y[4] ; game_logic:game_unit|bricks[52]  ; clk_divider:clk_unit|clk_60Hz ; clk_divider:clk_unit|clk_60Hz ; 1.000        ; 0.007      ; 5.011      ;
; -3.969 ; game_logic:game_unit|ball_y[6] ; game_logic:game_unit|bricks[76]  ; clk_divider:clk_unit|clk_60Hz ; clk_divider:clk_unit|clk_60Hz ; 1.000        ; 0.013      ; 5.014      ;
; -3.969 ; game_logic:game_unit|dir_y     ; game_logic:game_unit|bricks[55]  ; clk_divider:clk_unit|clk_60Hz ; clk_divider:clk_unit|clk_60Hz ; 1.000        ; -0.001     ; 5.000      ;
; -3.968 ; game_logic:game_unit|dir_y     ; game_logic:game_unit|bricks[23]  ; clk_divider:clk_unit|clk_60Hz ; clk_divider:clk_unit|clk_60Hz ; 1.000        ; -0.001     ; 4.999      ;
; -3.966 ; game_logic:game_unit|ball_y[3] ; game_logic:game_unit|bricks[89]  ; clk_divider:clk_unit|clk_60Hz ; clk_divider:clk_unit|clk_60Hz ; 1.000        ; -0.013     ; 4.985      ;
; -3.965 ; game_logic:game_unit|ball_y[5] ; game_logic:game_unit|bricks[27]  ; clk_divider:clk_unit|clk_60Hz ; clk_divider:clk_unit|clk_60Hz ; 1.000        ; -0.005     ; 4.992      ;
; -3.960 ; game_logic:game_unit|ball_y[4] ; game_logic:game_unit|bricks[76]  ; clk_divider:clk_unit|clk_60Hz ; clk_divider:clk_unit|clk_60Hz ; 1.000        ; 0.013      ; 5.005      ;
; -3.959 ; game_logic:game_unit|ball_y[6] ; game_logic:game_unit|bricks[55]  ; clk_divider:clk_unit|clk_60Hz ; clk_divider:clk_unit|clk_60Hz ; 1.000        ; 0.009      ; 5.000      ;
; -3.958 ; game_logic:game_unit|ball_y[6] ; game_logic:game_unit|bricks[23]  ; clk_divider:clk_unit|clk_60Hz ; clk_divider:clk_unit|clk_60Hz ; 1.000        ; 0.009      ; 4.999      ;
; -3.954 ; game_logic:game_unit|ball_y[3] ; game_logic:game_unit|bricks[105] ; clk_divider:clk_unit|clk_60Hz ; clk_divider:clk_unit|clk_60Hz ; 1.000        ; 0.018      ; 5.004      ;
; -3.953 ; game_logic:game_unit|dir_y     ; game_logic:game_unit|bricks[72]  ; clk_divider:clk_unit|clk_60Hz ; clk_divider:clk_unit|clk_60Hz ; 1.000        ; -0.023     ; 4.962      ;
; -3.952 ; game_logic:game_unit|ball_y[5] ; game_logic:game_unit|bricks[58]  ; clk_divider:clk_unit|clk_60Hz ; clk_divider:clk_unit|clk_60Hz ; 1.000        ; 0.014      ; 4.998      ;
; -3.951 ; game_logic:game_unit|ball_y[3] ; game_logic:game_unit|bricks[19]  ; clk_divider:clk_unit|clk_60Hz ; clk_divider:clk_unit|clk_60Hz ; 1.000        ; 0.012      ; 4.995      ;
; -3.951 ; game_logic:game_unit|dir_y     ; game_logic:game_unit|bricks[90]  ; clk_divider:clk_unit|clk_60Hz ; clk_divider:clk_unit|clk_60Hz ; 1.000        ; -0.023     ; 4.960      ;
; -3.950 ; game_logic:game_unit|ball_y[3] ; game_logic:game_unit|bricks[43]  ; clk_divider:clk_unit|clk_60Hz ; clk_divider:clk_unit|clk_60Hz ; 1.000        ; 0.037      ; 5.019      ;
; -3.950 ; game_logic:game_unit|ball_y[4] ; game_logic:game_unit|bricks[55]  ; clk_divider:clk_unit|clk_60Hz ; clk_divider:clk_unit|clk_60Hz ; 1.000        ; 0.009      ; 4.991      ;
; -3.949 ; game_logic:game_unit|ball_y[3] ; game_logic:game_unit|bricks[42]  ; clk_divider:clk_unit|clk_60Hz ; clk_divider:clk_unit|clk_60Hz ; 1.000        ; 0.037      ; 5.018      ;
; -3.949 ; game_logic:game_unit|ball_y[4] ; game_logic:game_unit|bricks[23]  ; clk_divider:clk_unit|clk_60Hz ; clk_divider:clk_unit|clk_60Hz ; 1.000        ; 0.009      ; 4.990      ;
; -3.948 ; game_logic:game_unit|ball_y[3] ; game_logic:game_unit|bricks[97]  ; clk_divider:clk_unit|clk_60Hz ; clk_divider:clk_unit|clk_60Hz ; 1.000        ; 0.037      ; 5.017      ;
; -3.948 ; game_logic:game_unit|ball_y[3] ; game_logic:game_unit|bricks[110] ; clk_divider:clk_unit|clk_60Hz ; clk_divider:clk_unit|clk_60Hz ; 1.000        ; 0.018      ; 4.998      ;
; -3.947 ; game_logic:game_unit|ball_y[3] ; game_logic:game_unit|bricks[78]  ; clk_divider:clk_unit|clk_60Hz ; clk_divider:clk_unit|clk_60Hz ; 1.000        ; 0.018      ; 4.997      ;
; -3.946 ; game_logic:game_unit|ball_y[3] ; game_logic:game_unit|bricks[40]  ; clk_divider:clk_unit|clk_60Hz ; clk_divider:clk_unit|clk_60Hz ; 1.000        ; 0.037      ; 5.015      ;
; -3.945 ; game_logic:game_unit|dir_y     ; game_logic:game_unit|bricks[89]  ; clk_divider:clk_unit|clk_60Hz ; clk_divider:clk_unit|clk_60Hz ; 1.000        ; -0.023     ; 4.954      ;
; -3.944 ; game_logic:game_unit|ball_y[3] ; game_logic:game_unit|bricks[82]  ; clk_divider:clk_unit|clk_60Hz ; clk_divider:clk_unit|clk_60Hz ; 1.000        ; 0.011      ; 4.987      ;
; -3.944 ; game_logic:game_unit|ball_y[7] ; game_logic:game_unit|bricks[27]  ; clk_divider:clk_unit|clk_60Hz ; clk_divider:clk_unit|clk_60Hz ; 1.000        ; -0.005     ; 4.971      ;
; -3.943 ; game_logic:game_unit|ball_y[3] ; game_logic:game_unit|bricks[16]  ; clk_divider:clk_unit|clk_60Hz ; clk_divider:clk_unit|clk_60Hz ; 1.000        ; 0.014      ; 4.989      ;
; -3.943 ; game_logic:game_unit|ball_y[3] ; game_logic:game_unit|bricks[94]  ; clk_divider:clk_unit|clk_60Hz ; clk_divider:clk_unit|clk_60Hz ; 1.000        ; 0.017      ; 4.992      ;
; -3.943 ; game_logic:game_unit|ball_y[6] ; game_logic:game_unit|bricks[72]  ; clk_divider:clk_unit|clk_60Hz ; clk_divider:clk_unit|clk_60Hz ; 1.000        ; -0.013     ; 4.962      ;
; -3.942 ; game_logic:game_unit|ball_y[3] ; game_logic:game_unit|bricks[83]  ; clk_divider:clk_unit|clk_60Hz ; clk_divider:clk_unit|clk_60Hz ; 1.000        ; 0.011      ; 4.985      ;
; -3.942 ; game_logic:game_unit|ball_y[5] ; game_logic:game_unit|bricks[20]  ; clk_divider:clk_unit|clk_60Hz ; clk_divider:clk_unit|clk_60Hz ; 1.000        ; 0.007      ; 4.981      ;
; -3.941 ; game_logic:game_unit|ball_y[5] ; game_logic:game_unit|bricks[52]  ; clk_divider:clk_unit|clk_60Hz ; clk_divider:clk_unit|clk_60Hz ; 1.000        ; 0.007      ; 4.980      ;
; -3.941 ; game_logic:game_unit|ball_y[6] ; game_logic:game_unit|bricks[90]  ; clk_divider:clk_unit|clk_60Hz ; clk_divider:clk_unit|clk_60Hz ; 1.000        ; -0.013     ; 4.960      ;
; -3.940 ; game_logic:game_unit|ball_y[3] ; game_logic:game_unit|bricks[80]  ; clk_divider:clk_unit|clk_60Hz ; clk_divider:clk_unit|clk_60Hz ; 1.000        ; 0.011      ; 4.983      ;
; -3.938 ; game_logic:game_unit|ball_y[3] ; game_logic:game_unit|bricks[93]  ; clk_divider:clk_unit|clk_60Hz ; clk_divider:clk_unit|clk_60Hz ; 1.000        ; 0.017      ; 4.987      ;
; -3.936 ; game_logic:game_unit|ball_y[3] ; game_logic:game_unit|bricks[69]  ; clk_divider:clk_unit|clk_60Hz ; clk_divider:clk_unit|clk_60Hz ; 1.000        ; 0.009      ; 4.977      ;
; -3.936 ; game_logic:game_unit|ball_y[3] ; game_logic:game_unit|bricks[101] ; clk_divider:clk_unit|clk_60Hz ; clk_divider:clk_unit|clk_60Hz ; 1.000        ; -0.007     ; 4.961      ;
; -3.935 ; game_logic:game_unit|ball_y[6] ; game_logic:game_unit|bricks[89]  ; clk_divider:clk_unit|clk_60Hz ; clk_divider:clk_unit|clk_60Hz ; 1.000        ; -0.013     ; 4.954      ;
; -3.934 ; game_logic:game_unit|ball_y[4] ; game_logic:game_unit|bricks[72]  ; clk_divider:clk_unit|clk_60Hz ; clk_divider:clk_unit|clk_60Hz ; 1.000        ; -0.013     ; 4.953      ;
; -3.933 ; game_logic:game_unit|ball_y[3] ; game_logic:game_unit|bricks[70]  ; clk_divider:clk_unit|clk_60Hz ; clk_divider:clk_unit|clk_60Hz ; 1.000        ; 0.009      ; 4.974      ;
; -3.933 ; game_logic:game_unit|dir_y     ; game_logic:game_unit|bricks[105] ; clk_divider:clk_unit|clk_60Hz ; clk_divider:clk_unit|clk_60Hz ; 1.000        ; 0.008      ; 4.973      ;
; -3.932 ; game_logic:game_unit|ball_y[4] ; game_logic:game_unit|bricks[90]  ; clk_divider:clk_unit|clk_60Hz ; clk_divider:clk_unit|clk_60Hz ; 1.000        ; -0.013     ; 4.951      ;
; -3.931 ; game_logic:game_unit|ball_y[7] ; game_logic:game_unit|bricks[58]  ; clk_divider:clk_unit|clk_60Hz ; clk_divider:clk_unit|clk_60Hz ; 1.000        ; 0.014      ; 4.977      ;
; -3.930 ; game_logic:game_unit|ball_y[3] ; game_logic:game_unit|bricks[71]  ; clk_divider:clk_unit|clk_60Hz ; clk_divider:clk_unit|clk_60Hz ; 1.000        ; 0.009      ; 4.971      ;
; -3.930 ; game_logic:game_unit|dir_y     ; game_logic:game_unit|bricks[19]  ; clk_divider:clk_unit|clk_60Hz ; clk_divider:clk_unit|clk_60Hz ; 1.000        ; 0.002      ; 4.964      ;
; -3.929 ; game_logic:game_unit|ball_y[5] ; game_logic:game_unit|bricks[76]  ; clk_divider:clk_unit|clk_60Hz ; clk_divider:clk_unit|clk_60Hz ; 1.000        ; 0.013      ; 4.974      ;
; -3.929 ; game_logic:game_unit|dir_y     ; game_logic:game_unit|bricks[43]  ; clk_divider:clk_unit|clk_60Hz ; clk_divider:clk_unit|clk_60Hz ; 1.000        ; 0.027      ; 4.988      ;
; -3.928 ; game_logic:game_unit|dir_y     ; game_logic:game_unit|bricks[42]  ; clk_divider:clk_unit|clk_60Hz ; clk_divider:clk_unit|clk_60Hz ; 1.000        ; 0.027      ; 4.987      ;
; -3.927 ; game_logic:game_unit|dir_y     ; game_logic:game_unit|bricks[97]  ; clk_divider:clk_unit|clk_60Hz ; clk_divider:clk_unit|clk_60Hz ; 1.000        ; 0.027      ; 4.986      ;
; -3.927 ; game_logic:game_unit|dir_y     ; game_logic:game_unit|bricks[110] ; clk_divider:clk_unit|clk_60Hz ; clk_divider:clk_unit|clk_60Hz ; 1.000        ; 0.008      ; 4.967      ;
; -3.926 ; game_logic:game_unit|ball_y[4] ; game_logic:game_unit|bricks[89]  ; clk_divider:clk_unit|clk_60Hz ; clk_divider:clk_unit|clk_60Hz ; 1.000        ; -0.013     ; 4.945      ;
; -3.926 ; game_logic:game_unit|dir_y     ; game_logic:game_unit|bricks[78]  ; clk_divider:clk_unit|clk_60Hz ; clk_divider:clk_unit|clk_60Hz ; 1.000        ; 0.008      ; 4.966      ;
; -3.925 ; game_logic:game_unit|ball_y[3] ; game_logic:game_unit|bricks[88]  ; clk_divider:clk_unit|clk_60Hz ; clk_divider:clk_unit|clk_60Hz ; 1.000        ; 0.017      ; 4.974      ;
; -3.925 ; game_logic:game_unit|ball_y[3] ; game_logic:game_unit|bricks[95]  ; clk_divider:clk_unit|clk_60Hz ; clk_divider:clk_unit|clk_60Hz ; 1.000        ; 0.018      ; 4.975      ;
; -3.925 ; game_logic:game_unit|ball_y[3] ; game_logic:game_unit|bricks[92]  ; clk_divider:clk_unit|clk_60Hz ; clk_divider:clk_unit|clk_60Hz ; 1.000        ; 0.018      ; 4.975      ;
; -3.925 ; game_logic:game_unit|dir_y     ; game_logic:game_unit|bricks[40]  ; clk_divider:clk_unit|clk_60Hz ; clk_divider:clk_unit|clk_60Hz ; 1.000        ; 0.027      ; 4.984      ;
; -3.924 ; game_logic:game_unit|ball_y[3] ; game_logic:game_unit|bricks[68]  ; clk_divider:clk_unit|clk_60Hz ; clk_divider:clk_unit|clk_60Hz ; 1.000        ; 0.009      ; 4.965      ;
; -3.924 ; game_logic:game_unit|ball_y[3] ; game_logic:game_unit|bricks[91]  ; clk_divider:clk_unit|clk_60Hz ; clk_divider:clk_unit|clk_60Hz ; 1.000        ; 0.017      ; 4.973      ;
; -3.923 ; game_logic:game_unit|ball_y[6] ; game_logic:game_unit|bricks[105] ; clk_divider:clk_unit|clk_60Hz ; clk_divider:clk_unit|clk_60Hz ; 1.000        ; 0.018      ; 4.973      ;
; -3.923 ; game_logic:game_unit|dir_y     ; game_logic:game_unit|bricks[82]  ; clk_divider:clk_unit|clk_60Hz ; clk_divider:clk_unit|clk_60Hz ; 1.000        ; 0.001      ; 4.956      ;
; -3.922 ; game_logic:game_unit|dir_y     ; game_logic:game_unit|bricks[16]  ; clk_divider:clk_unit|clk_60Hz ; clk_divider:clk_unit|clk_60Hz ; 1.000        ; 0.004      ; 4.958      ;
; -3.922 ; game_logic:game_unit|dir_y     ; game_logic:game_unit|bricks[94]  ; clk_divider:clk_unit|clk_60Hz ; clk_divider:clk_unit|clk_60Hz ; 1.000        ; 0.007      ; 4.961      ;
; -3.921 ; game_logic:game_unit|ball_y[7] ; game_logic:game_unit|bricks[20]  ; clk_divider:clk_unit|clk_60Hz ; clk_divider:clk_unit|clk_60Hz ; 1.000        ; 0.007      ; 4.960      ;
; -3.921 ; game_logic:game_unit|dir_y     ; game_logic:game_unit|bricks[83]  ; clk_divider:clk_unit|clk_60Hz ; clk_divider:clk_unit|clk_60Hz ; 1.000        ; 0.001      ; 4.954      ;
; -3.920 ; game_logic:game_unit|ball_y[7] ; game_logic:game_unit|bricks[52]  ; clk_divider:clk_unit|clk_60Hz ; clk_divider:clk_unit|clk_60Hz ; 1.000        ; 0.007      ; 4.959      ;
; -3.920 ; game_logic:game_unit|ball_y[6] ; game_logic:game_unit|bricks[19]  ; clk_divider:clk_unit|clk_60Hz ; clk_divider:clk_unit|clk_60Hz ; 1.000        ; 0.012      ; 4.964      ;
; -3.919 ; game_logic:game_unit|ball_y[5] ; game_logic:game_unit|bricks[55]  ; clk_divider:clk_unit|clk_60Hz ; clk_divider:clk_unit|clk_60Hz ; 1.000        ; 0.009      ; 4.960      ;
; -3.919 ; game_logic:game_unit|ball_y[6] ; game_logic:game_unit|bricks[43]  ; clk_divider:clk_unit|clk_60Hz ; clk_divider:clk_unit|clk_60Hz ; 1.000        ; 0.037      ; 4.988      ;
; -3.919 ; game_logic:game_unit|dir_y     ; game_logic:game_unit|bricks[80]  ; clk_divider:clk_unit|clk_60Hz ; clk_divider:clk_unit|clk_60Hz ; 1.000        ; 0.001      ; 4.952      ;
; -3.918 ; game_logic:game_unit|ball_y[3] ; game_logic:game_unit|bricks[28]  ; clk_divider:clk_unit|clk_60Hz ; clk_divider:clk_unit|clk_60Hz ; 1.000        ; 0.007      ; 4.957      ;
; -3.918 ; game_logic:game_unit|ball_y[5] ; game_logic:game_unit|bricks[23]  ; clk_divider:clk_unit|clk_60Hz ; clk_divider:clk_unit|clk_60Hz ; 1.000        ; 0.009      ; 4.959      ;
; -3.918 ; game_logic:game_unit|ball_y[6] ; game_logic:game_unit|bricks[42]  ; clk_divider:clk_unit|clk_60Hz ; clk_divider:clk_unit|clk_60Hz ; 1.000        ; 0.037      ; 4.987      ;
; -3.917 ; game_logic:game_unit|ball_y[3] ; game_logic:game_unit|bricks[31]  ; clk_divider:clk_unit|clk_60Hz ; clk_divider:clk_unit|clk_60Hz ; 1.000        ; 0.007      ; 4.956      ;
; -3.917 ; game_logic:game_unit|ball_y[6] ; game_logic:game_unit|bricks[97]  ; clk_divider:clk_unit|clk_60Hz ; clk_divider:clk_unit|clk_60Hz ; 1.000        ; 0.037      ; 4.986      ;
; -3.917 ; game_logic:game_unit|ball_y[6] ; game_logic:game_unit|bricks[110] ; clk_divider:clk_unit|clk_60Hz ; clk_divider:clk_unit|clk_60Hz ; 1.000        ; 0.018      ; 4.967      ;
; -3.917 ; game_logic:game_unit|dir_y     ; game_logic:game_unit|bricks[93]  ; clk_divider:clk_unit|clk_60Hz ; clk_divider:clk_unit|clk_60Hz ; 1.000        ; 0.007      ; 4.956      ;
; -3.916 ; game_logic:game_unit|ball_y[6] ; game_logic:game_unit|bricks[78]  ; clk_divider:clk_unit|clk_60Hz ; clk_divider:clk_unit|clk_60Hz ; 1.000        ; 0.018      ; 4.966      ;
; -3.915 ; game_logic:game_unit|ball_y[6] ; game_logic:game_unit|bricks[40]  ; clk_divider:clk_unit|clk_60Hz ; clk_divider:clk_unit|clk_60Hz ; 1.000        ; 0.037      ; 4.984      ;
; -3.915 ; game_logic:game_unit|dir_y     ; game_logic:game_unit|bricks[69]  ; clk_divider:clk_unit|clk_60Hz ; clk_divider:clk_unit|clk_60Hz ; 1.000        ; -0.001     ; 4.946      ;
; -3.915 ; game_logic:game_unit|dir_y     ; game_logic:game_unit|bricks[101] ; clk_divider:clk_unit|clk_60Hz ; clk_divider:clk_unit|clk_60Hz ; 1.000        ; -0.017     ; 4.930      ;
+--------+--------------------------------+----------------------------------+-------------------------------+-------------------------------+--------------+------------+------------+


+--------------------------------------------------------------------------------------------------------------------------------------------------------------+
; Fast Model Setup: 'CLOCK_50'                                                                                                                                 ;
+--------+---------------------------------------+---------------------------------------+--------------+-------------+--------------+------------+------------+
; Slack  ; From Node                             ; To Node                               ; Launch Clock ; Latch Clock ; Relationship ; Clock Skew ; Data Delay ;
+--------+---------------------------------------+---------------------------------------+--------------+-------------+--------------+------------+------------+
; -0.616 ; clk_divider:clk_unit|counter_60Hz[0]  ; clk_divider:clk_unit|counter_60Hz[18] ; CLOCK_50     ; CLOCK_50    ; 1.000        ; 0.010      ; 1.658      ;
; -0.577 ; clk_divider:clk_unit|counter_60Hz[1]  ; clk_divider:clk_unit|counter_60Hz[18] ; CLOCK_50     ; CLOCK_50    ; 1.000        ; 0.010      ; 1.619      ;
; -0.533 ; clk_divider:clk_unit|counter_60Hz[8]  ; clk_divider:clk_unit|counter_60Hz[3]  ; CLOCK_50     ; CLOCK_50    ; 1.000        ; 0.000      ; 1.565      ;
; -0.532 ; clk_divider:clk_unit|counter_60Hz[8]  ; clk_divider:clk_unit|counter_60Hz[0]  ; CLOCK_50     ; CLOCK_50    ; 1.000        ; 0.000      ; 1.564      ;
; -0.531 ; clk_divider:clk_unit|counter_60Hz[8]  ; clk_divider:clk_unit|counter_60Hz[8]  ; CLOCK_50     ; CLOCK_50    ; 1.000        ; 0.000      ; 1.563      ;
; -0.531 ; clk_divider:clk_unit|counter_60Hz[8]  ; clk_divider:clk_unit|counter_60Hz[9]  ; CLOCK_50     ; CLOCK_50    ; 1.000        ; 0.000      ; 1.563      ;
; -0.524 ; clk_divider:clk_unit|counter_60Hz[8]  ; clk_divider:clk_unit|clk_60Hz         ; CLOCK_50     ; CLOCK_50    ; 1.000        ; 0.020      ; 1.576      ;
; -0.523 ; clk_divider:clk_unit|counter_60Hz[0]  ; clk_divider:clk_unit|counter_60Hz[17] ; CLOCK_50     ; CLOCK_50    ; 1.000        ; 0.010      ; 1.565      ;
; -0.497 ; clk_divider:clk_unit|counter_60Hz[2]  ; clk_divider:clk_unit|counter_60Hz[18] ; CLOCK_50     ; CLOCK_50    ; 1.000        ; 0.010      ; 1.539      ;
; -0.484 ; clk_divider:clk_unit|counter_60Hz[1]  ; clk_divider:clk_unit|counter_60Hz[17] ; CLOCK_50     ; CLOCK_50    ; 1.000        ; 0.010      ; 1.526      ;
; -0.476 ; clk_divider:clk_unit|counter_60Hz[11] ; clk_divider:clk_unit|counter_60Hz[3]  ; CLOCK_50     ; CLOCK_50    ; 1.000        ; -0.010     ; 1.498      ;
; -0.475 ; clk_divider:clk_unit|counter_60Hz[11] ; clk_divider:clk_unit|counter_60Hz[0]  ; CLOCK_50     ; CLOCK_50    ; 1.000        ; -0.010     ; 1.497      ;
; -0.474 ; clk_divider:clk_unit|counter_60Hz[11] ; clk_divider:clk_unit|counter_60Hz[8]  ; CLOCK_50     ; CLOCK_50    ; 1.000        ; -0.010     ; 1.496      ;
; -0.474 ; clk_divider:clk_unit|counter_60Hz[11] ; clk_divider:clk_unit|counter_60Hz[9]  ; CLOCK_50     ; CLOCK_50    ; 1.000        ; -0.010     ; 1.496      ;
; -0.467 ; clk_divider:clk_unit|counter_60Hz[11] ; clk_divider:clk_unit|clk_60Hz         ; CLOCK_50     ; CLOCK_50    ; 1.000        ; 0.010      ; 1.509      ;
; -0.453 ; clk_divider:clk_unit|counter_60Hz[8]  ; clk_divider:clk_unit|counter_60Hz[1]  ; CLOCK_50     ; CLOCK_50    ; 1.000        ; 0.000      ; 1.485      ;
; -0.452 ; clk_divider:clk_unit|counter_60Hz[8]  ; clk_divider:clk_unit|counter_60Hz[4]  ; CLOCK_50     ; CLOCK_50    ; 1.000        ; 0.000      ; 1.484      ;
; -0.449 ; clk_divider:clk_unit|counter_60Hz[3]  ; clk_divider:clk_unit|counter_60Hz[18] ; CLOCK_50     ; CLOCK_50    ; 1.000        ; 0.010      ; 1.491      ;
; -0.437 ; clk_divider:clk_unit|counter_60Hz[8]  ; clk_divider:clk_unit|counter_60Hz[7]  ; CLOCK_50     ; CLOCK_50    ; 1.000        ; 0.000      ; 1.469      ;
; -0.436 ; clk_divider:clk_unit|counter_60Hz[7]  ; clk_divider:clk_unit|counter_60Hz[3]  ; CLOCK_50     ; CLOCK_50    ; 1.000        ; 0.000      ; 1.468      ;
; -0.435 ; clk_divider:clk_unit|counter_60Hz[7]  ; clk_divider:clk_unit|counter_60Hz[0]  ; CLOCK_50     ; CLOCK_50    ; 1.000        ; 0.000      ; 1.467      ;
; -0.434 ; clk_divider:clk_unit|counter_60Hz[7]  ; clk_divider:clk_unit|counter_60Hz[8]  ; CLOCK_50     ; CLOCK_50    ; 1.000        ; 0.000      ; 1.466      ;
; -0.434 ; clk_divider:clk_unit|counter_60Hz[7]  ; clk_divider:clk_unit|counter_60Hz[9]  ; CLOCK_50     ; CLOCK_50    ; 1.000        ; 0.000      ; 1.466      ;
; -0.432 ; clk_divider:clk_unit|counter_60Hz[4]  ; clk_divider:clk_unit|counter_60Hz[18] ; CLOCK_50     ; CLOCK_50    ; 1.000        ; 0.010      ; 1.474      ;
; -0.427 ; clk_divider:clk_unit|counter_60Hz[7]  ; clk_divider:clk_unit|clk_60Hz         ; CLOCK_50     ; CLOCK_50    ; 1.000        ; 0.020      ; 1.479      ;
; -0.421 ; clk_divider:clk_unit|counter_60Hz[17] ; clk_divider:clk_unit|counter_60Hz[3]  ; CLOCK_50     ; CLOCK_50    ; 1.000        ; -0.010     ; 1.443      ;
; -0.420 ; clk_divider:clk_unit|counter_60Hz[17] ; clk_divider:clk_unit|counter_60Hz[0]  ; CLOCK_50     ; CLOCK_50    ; 1.000        ; -0.010     ; 1.442      ;
; -0.419 ; clk_divider:clk_unit|counter_60Hz[0]  ; clk_divider:clk_unit|counter_60Hz[14] ; CLOCK_50     ; CLOCK_50    ; 1.000        ; 0.010      ; 1.461      ;
; -0.419 ; clk_divider:clk_unit|counter_60Hz[17] ; clk_divider:clk_unit|counter_60Hz[8]  ; CLOCK_50     ; CLOCK_50    ; 1.000        ; -0.010     ; 1.441      ;
; -0.419 ; clk_divider:clk_unit|counter_60Hz[17] ; clk_divider:clk_unit|counter_60Hz[9]  ; CLOCK_50     ; CLOCK_50    ; 1.000        ; -0.010     ; 1.441      ;
; -0.416 ; clk_divider:clk_unit|counter_60Hz[13] ; clk_divider:clk_unit|counter_60Hz[3]  ; CLOCK_50     ; CLOCK_50    ; 1.000        ; -0.010     ; 1.438      ;
; -0.415 ; clk_divider:clk_unit|counter_60Hz[13] ; clk_divider:clk_unit|counter_60Hz[0]  ; CLOCK_50     ; CLOCK_50    ; 1.000        ; -0.010     ; 1.437      ;
; -0.414 ; clk_divider:clk_unit|counter_60Hz[13] ; clk_divider:clk_unit|counter_60Hz[8]  ; CLOCK_50     ; CLOCK_50    ; 1.000        ; -0.010     ; 1.436      ;
; -0.414 ; clk_divider:clk_unit|counter_60Hz[13] ; clk_divider:clk_unit|counter_60Hz[9]  ; CLOCK_50     ; CLOCK_50    ; 1.000        ; -0.010     ; 1.436      ;
; -0.414 ; clk_divider:clk_unit|counter_60Hz[5]  ; clk_divider:clk_unit|counter_60Hz[3]  ; CLOCK_50     ; CLOCK_50    ; 1.000        ; 0.000      ; 1.446      ;
; -0.414 ; clk_divider:clk_unit|counter_60Hz[19] ; clk_divider:clk_unit|counter_60Hz[3]  ; CLOCK_50     ; CLOCK_50    ; 1.000        ; -0.010     ; 1.436      ;
; -0.413 ; clk_divider:clk_unit|counter_60Hz[5]  ; clk_divider:clk_unit|counter_60Hz[0]  ; CLOCK_50     ; CLOCK_50    ; 1.000        ; 0.000      ; 1.445      ;
; -0.413 ; clk_divider:clk_unit|counter_60Hz[19] ; clk_divider:clk_unit|counter_60Hz[0]  ; CLOCK_50     ; CLOCK_50    ; 1.000        ; -0.010     ; 1.435      ;
; -0.413 ; clk_divider:clk_unit|counter_60Hz[14] ; clk_divider:clk_unit|counter_60Hz[3]  ; CLOCK_50     ; CLOCK_50    ; 1.000        ; -0.010     ; 1.435      ;
; -0.412 ; clk_divider:clk_unit|counter_60Hz[17] ; clk_divider:clk_unit|clk_60Hz         ; CLOCK_50     ; CLOCK_50    ; 1.000        ; 0.010      ; 1.454      ;
; -0.412 ; clk_divider:clk_unit|counter_60Hz[5]  ; clk_divider:clk_unit|counter_60Hz[8]  ; CLOCK_50     ; CLOCK_50    ; 1.000        ; 0.000      ; 1.444      ;
; -0.412 ; clk_divider:clk_unit|counter_60Hz[5]  ; clk_divider:clk_unit|counter_60Hz[9]  ; CLOCK_50     ; CLOCK_50    ; 1.000        ; 0.000      ; 1.444      ;
; -0.412 ; clk_divider:clk_unit|counter_60Hz[19] ; clk_divider:clk_unit|counter_60Hz[8]  ; CLOCK_50     ; CLOCK_50    ; 1.000        ; -0.010     ; 1.434      ;
; -0.412 ; clk_divider:clk_unit|counter_60Hz[19] ; clk_divider:clk_unit|counter_60Hz[9]  ; CLOCK_50     ; CLOCK_50    ; 1.000        ; -0.010     ; 1.434      ;
; -0.412 ; clk_divider:clk_unit|counter_60Hz[14] ; clk_divider:clk_unit|counter_60Hz[0]  ; CLOCK_50     ; CLOCK_50    ; 1.000        ; -0.010     ; 1.434      ;
; -0.411 ; clk_divider:clk_unit|counter_60Hz[14] ; clk_divider:clk_unit|counter_60Hz[8]  ; CLOCK_50     ; CLOCK_50    ; 1.000        ; -0.010     ; 1.433      ;
; -0.411 ; clk_divider:clk_unit|counter_60Hz[14] ; clk_divider:clk_unit|counter_60Hz[9]  ; CLOCK_50     ; CLOCK_50    ; 1.000        ; -0.010     ; 1.433      ;
; -0.410 ; clk_divider:clk_unit|counter_60Hz[0]  ; clk_divider:clk_unit|counter_60Hz[19] ; CLOCK_50     ; CLOCK_50    ; 1.000        ; 0.010      ; 1.452      ;
; -0.407 ; clk_divider:clk_unit|counter_60Hz[13] ; clk_divider:clk_unit|clk_60Hz         ; CLOCK_50     ; CLOCK_50    ; 1.000        ; 0.010      ; 1.449      ;
; -0.405 ; clk_divider:clk_unit|counter_60Hz[5]  ; clk_divider:clk_unit|clk_60Hz         ; CLOCK_50     ; CLOCK_50    ; 1.000        ; 0.020      ; 1.457      ;
; -0.405 ; clk_divider:clk_unit|counter_60Hz[19] ; clk_divider:clk_unit|clk_60Hz         ; CLOCK_50     ; CLOCK_50    ; 1.000        ; 0.010      ; 1.447      ;
; -0.404 ; clk_divider:clk_unit|counter_60Hz[2]  ; clk_divider:clk_unit|counter_60Hz[17] ; CLOCK_50     ; CLOCK_50    ; 1.000        ; 0.010      ; 1.446      ;
; -0.404 ; clk_divider:clk_unit|counter_60Hz[14] ; clk_divider:clk_unit|clk_60Hz         ; CLOCK_50     ; CLOCK_50    ; 1.000        ; 0.010      ; 1.446      ;
; -0.402 ; clk_divider:clk_unit|counter_60Hz[7]  ; clk_divider:clk_unit|counter_60Hz[18] ; CLOCK_50     ; CLOCK_50    ; 1.000        ; 0.010      ; 1.444      ;
; -0.396 ; clk_divider:clk_unit|counter_60Hz[11] ; clk_divider:clk_unit|counter_60Hz[1]  ; CLOCK_50     ; CLOCK_50    ; 1.000        ; -0.010     ; 1.418      ;
; -0.395 ; clk_divider:clk_unit|counter_60Hz[11] ; clk_divider:clk_unit|counter_60Hz[4]  ; CLOCK_50     ; CLOCK_50    ; 1.000        ; -0.010     ; 1.417      ;
; -0.380 ; clk_divider:clk_unit|counter_60Hz[5]  ; clk_divider:clk_unit|counter_60Hz[18] ; CLOCK_50     ; CLOCK_50    ; 1.000        ; 0.010      ; 1.422      ;
; -0.380 ; clk_divider:clk_unit|counter_60Hz[11] ; clk_divider:clk_unit|counter_60Hz[7]  ; CLOCK_50     ; CLOCK_50    ; 1.000        ; -0.010     ; 1.402      ;
; -0.380 ; clk_divider:clk_unit|counter_60Hz[1]  ; clk_divider:clk_unit|counter_60Hz[14] ; CLOCK_50     ; CLOCK_50    ; 1.000        ; 0.010      ; 1.422      ;
; -0.375 ; clk_divider:clk_unit|counter_60Hz[4]  ; clk_divider:clk_unit|counter_60Hz[3]  ; CLOCK_50     ; CLOCK_50    ; 1.000        ; 0.000      ; 1.407      ;
; -0.374 ; clk_divider:clk_unit|counter_60Hz[4]  ; clk_divider:clk_unit|counter_60Hz[0]  ; CLOCK_50     ; CLOCK_50    ; 1.000        ; 0.000      ; 1.406      ;
; -0.373 ; clk_divider:clk_unit|counter_60Hz[4]  ; clk_divider:clk_unit|counter_60Hz[8]  ; CLOCK_50     ; CLOCK_50    ; 1.000        ; 0.000      ; 1.405      ;
; -0.373 ; clk_divider:clk_unit|counter_60Hz[4]  ; clk_divider:clk_unit|counter_60Hz[9]  ; CLOCK_50     ; CLOCK_50    ; 1.000        ; 0.000      ; 1.405      ;
; -0.371 ; clk_divider:clk_unit|counter_60Hz[1]  ; clk_divider:clk_unit|counter_60Hz[19] ; CLOCK_50     ; CLOCK_50    ; 1.000        ; 0.010      ; 1.413      ;
; -0.366 ; clk_divider:clk_unit|counter_60Hz[4]  ; clk_divider:clk_unit|clk_60Hz         ; CLOCK_50     ; CLOCK_50    ; 1.000        ; 0.020      ; 1.418      ;
; -0.361 ; clk_divider:clk_unit|counter_60Hz[9]  ; clk_divider:clk_unit|counter_60Hz[3]  ; CLOCK_50     ; CLOCK_50    ; 1.000        ; 0.000      ; 1.393      ;
; -0.360 ; clk_divider:clk_unit|counter_60Hz[10] ; clk_divider:clk_unit|counter_60Hz[3]  ; CLOCK_50     ; CLOCK_50    ; 1.000        ; -0.010     ; 1.382      ;
; -0.360 ; clk_divider:clk_unit|counter_60Hz[9]  ; clk_divider:clk_unit|counter_60Hz[0]  ; CLOCK_50     ; CLOCK_50    ; 1.000        ; 0.000      ; 1.392      ;
; -0.359 ; clk_divider:clk_unit|counter_60Hz[10] ; clk_divider:clk_unit|counter_60Hz[0]  ; CLOCK_50     ; CLOCK_50    ; 1.000        ; -0.010     ; 1.381      ;
; -0.359 ; clk_divider:clk_unit|counter_60Hz[9]  ; clk_divider:clk_unit|counter_60Hz[8]  ; CLOCK_50     ; CLOCK_50    ; 1.000        ; 0.000      ; 1.391      ;
; -0.359 ; clk_divider:clk_unit|counter_60Hz[9]  ; clk_divider:clk_unit|counter_60Hz[9]  ; CLOCK_50     ; CLOCK_50    ; 1.000        ; 0.000      ; 1.391      ;
; -0.358 ; clk_divider:clk_unit|counter_60Hz[6]  ; clk_divider:clk_unit|counter_60Hz[18] ; CLOCK_50     ; CLOCK_50    ; 1.000        ; 0.010      ; 1.400      ;
; -0.358 ; clk_divider:clk_unit|counter_60Hz[10] ; clk_divider:clk_unit|counter_60Hz[8]  ; CLOCK_50     ; CLOCK_50    ; 1.000        ; -0.010     ; 1.380      ;
; -0.358 ; clk_divider:clk_unit|counter_60Hz[10] ; clk_divider:clk_unit|counter_60Hz[9]  ; CLOCK_50     ; CLOCK_50    ; 1.000        ; -0.010     ; 1.380      ;
; -0.357 ; clk_divider:clk_unit|counter_60Hz[8]  ; clk_divider:clk_unit|counter_60Hz[11] ; CLOCK_50     ; CLOCK_50    ; 1.000        ; 0.010      ; 1.399      ;
; -0.356 ; clk_divider:clk_unit|counter_60Hz[3]  ; clk_divider:clk_unit|counter_60Hz[17] ; CLOCK_50     ; CLOCK_50    ; 1.000        ; 0.010      ; 1.398      ;
; -0.356 ; clk_divider:clk_unit|counter_60Hz[7]  ; clk_divider:clk_unit|counter_60Hz[1]  ; CLOCK_50     ; CLOCK_50    ; 1.000        ; 0.000      ; 1.388      ;
; -0.355 ; clk_divider:clk_unit|counter_60Hz[7]  ; clk_divider:clk_unit|counter_60Hz[4]  ; CLOCK_50     ; CLOCK_50    ; 1.000        ; 0.000      ; 1.387      ;
; -0.352 ; clk_divider:clk_unit|counter_60Hz[9]  ; clk_divider:clk_unit|clk_60Hz         ; CLOCK_50     ; CLOCK_50    ; 1.000        ; 0.020      ; 1.404      ;
; -0.351 ; clk_divider:clk_unit|counter_60Hz[10] ; clk_divider:clk_unit|clk_60Hz         ; CLOCK_50     ; CLOCK_50    ; 1.000        ; 0.010      ; 1.393      ;
; -0.349 ; clk_divider:clk_unit|counter_60Hz[0]  ; clk_divider:clk_unit|counter_60Hz[12] ; CLOCK_50     ; CLOCK_50    ; 1.000        ; 0.010      ; 1.391      ;
; -0.341 ; clk_divider:clk_unit|counter_60Hz[17] ; clk_divider:clk_unit|counter_60Hz[1]  ; CLOCK_50     ; CLOCK_50    ; 1.000        ; -0.010     ; 1.363      ;
; -0.340 ; clk_divider:clk_unit|counter_60Hz[17] ; clk_divider:clk_unit|counter_60Hz[4]  ; CLOCK_50     ; CLOCK_50    ; 1.000        ; -0.010     ; 1.362      ;
; -0.340 ; clk_divider:clk_unit|counter_60Hz[7]  ; clk_divider:clk_unit|counter_60Hz[7]  ; CLOCK_50     ; CLOCK_50    ; 1.000        ; 0.000      ; 1.372      ;
; -0.340 ; clk_divider:clk_unit|counter_60Hz[15] ; clk_divider:clk_unit|counter_60Hz[3]  ; CLOCK_50     ; CLOCK_50    ; 1.000        ; -0.010     ; 1.362      ;
; -0.339 ; clk_divider:clk_unit|counter_60Hz[4]  ; clk_divider:clk_unit|counter_60Hz[17] ; CLOCK_50     ; CLOCK_50    ; 1.000        ; 0.010      ; 1.381      ;
; -0.339 ; clk_divider:clk_unit|counter_60Hz[15] ; clk_divider:clk_unit|counter_60Hz[0]  ; CLOCK_50     ; CLOCK_50    ; 1.000        ; -0.010     ; 1.361      ;
; -0.338 ; clk_divider:clk_unit|counter_60Hz[15] ; clk_divider:clk_unit|counter_60Hz[8]  ; CLOCK_50     ; CLOCK_50    ; 1.000        ; -0.010     ; 1.360      ;
; -0.338 ; clk_divider:clk_unit|counter_60Hz[15] ; clk_divider:clk_unit|counter_60Hz[9]  ; CLOCK_50     ; CLOCK_50    ; 1.000        ; -0.010     ; 1.360      ;
; -0.336 ; clk_divider:clk_unit|counter_60Hz[13] ; clk_divider:clk_unit|counter_60Hz[1]  ; CLOCK_50     ; CLOCK_50    ; 1.000        ; -0.010     ; 1.358      ;
; -0.335 ; clk_divider:clk_unit|counter_60Hz[13] ; clk_divider:clk_unit|counter_60Hz[4]  ; CLOCK_50     ; CLOCK_50    ; 1.000        ; -0.010     ; 1.357      ;
; -0.335 ; clk_divider:clk_unit|counter_60Hz[16] ; clk_divider:clk_unit|counter_60Hz[3]  ; CLOCK_50     ; CLOCK_50    ; 1.000        ; -0.010     ; 1.357      ;
; -0.334 ; clk_divider:clk_unit|counter_60Hz[16] ; clk_divider:clk_unit|counter_60Hz[0]  ; CLOCK_50     ; CLOCK_50    ; 1.000        ; -0.010     ; 1.356      ;
; -0.334 ; clk_divider:clk_unit|counter_60Hz[5]  ; clk_divider:clk_unit|counter_60Hz[1]  ; CLOCK_50     ; CLOCK_50    ; 1.000        ; 0.000      ; 1.366      ;
; -0.334 ; clk_divider:clk_unit|counter_60Hz[19] ; clk_divider:clk_unit|counter_60Hz[1]  ; CLOCK_50     ; CLOCK_50    ; 1.000        ; -0.010     ; 1.356      ;
; -0.333 ; clk_divider:clk_unit|counter_60Hz[16] ; clk_divider:clk_unit|counter_60Hz[8]  ; CLOCK_50     ; CLOCK_50    ; 1.000        ; -0.010     ; 1.355      ;
; -0.333 ; clk_divider:clk_unit|counter_60Hz[16] ; clk_divider:clk_unit|counter_60Hz[9]  ; CLOCK_50     ; CLOCK_50    ; 1.000        ; -0.010     ; 1.355      ;
; -0.333 ; clk_divider:clk_unit|counter_60Hz[5]  ; clk_divider:clk_unit|counter_60Hz[4]  ; CLOCK_50     ; CLOCK_50    ; 1.000        ; 0.000      ; 1.365      ;
; -0.333 ; clk_divider:clk_unit|counter_60Hz[19] ; clk_divider:clk_unit|counter_60Hz[4]  ; CLOCK_50     ; CLOCK_50    ; 1.000        ; -0.010     ; 1.355      ;
; -0.333 ; clk_divider:clk_unit|counter_60Hz[14] ; clk_divider:clk_unit|counter_60Hz[1]  ; CLOCK_50     ; CLOCK_50    ; 1.000        ; -0.010     ; 1.355      ;
+--------+---------------------------------------+---------------------------------------+--------------+-------------+--------------+------------+------------+


+-------------------------------------------------------------------------------------------------------------------------------------------------------------------------------------+
; Fast Model Setup: 'clk_divider:clk_unit|clk_25M'                                                                                                                                    ;
+--------+----------------------------------+----------------------------------+------------------------------+------------------------------+--------------+------------+------------+
; Slack  ; From Node                        ; To Node                          ; Launch Clock                 ; Latch Clock                  ; Relationship ; Clock Skew ; Data Delay ;
+--------+----------------------------------+----------------------------------+------------------------------+------------------------------+--------------+------------+------------+
; -0.275 ; vga_sync:vga_unit|h_count_reg[9] ; vga_sync:vga_unit|v_count_reg[5] ; clk_divider:clk_unit|clk_25M ; clk_divider:clk_unit|clk_25M ; 1.000        ; 0.000      ; 1.307      ;
; -0.275 ; vga_sync:vga_unit|h_count_reg[9] ; vga_sync:vga_unit|v_count_reg[6] ; clk_divider:clk_unit|clk_25M ; clk_divider:clk_unit|clk_25M ; 1.000        ; 0.000      ; 1.307      ;
; -0.275 ; vga_sync:vga_unit|h_count_reg[9] ; vga_sync:vga_unit|v_count_reg[7] ; clk_divider:clk_unit|clk_25M ; clk_divider:clk_unit|clk_25M ; 1.000        ; 0.000      ; 1.307      ;
; -0.275 ; vga_sync:vga_unit|h_count_reg[9] ; vga_sync:vga_unit|v_count_reg[8] ; clk_divider:clk_unit|clk_25M ; clk_divider:clk_unit|clk_25M ; 1.000        ; 0.000      ; 1.307      ;
; -0.275 ; vga_sync:vga_unit|h_count_reg[9] ; vga_sync:vga_unit|v_count_reg[9] ; clk_divider:clk_unit|clk_25M ; clk_divider:clk_unit|clk_25M ; 1.000        ; 0.000      ; 1.307      ;
; -0.275 ; vga_sync:vga_unit|h_count_reg[9] ; vga_sync:vga_unit|v_count_reg[3] ; clk_divider:clk_unit|clk_25M ; clk_divider:clk_unit|clk_25M ; 1.000        ; 0.000      ; 1.307      ;
; -0.275 ; vga_sync:vga_unit|h_count_reg[9] ; vga_sync:vga_unit|v_count_reg[1] ; clk_divider:clk_unit|clk_25M ; clk_divider:clk_unit|clk_25M ; 1.000        ; 0.000      ; 1.307      ;
; -0.275 ; vga_sync:vga_unit|h_count_reg[9] ; vga_sync:vga_unit|v_count_reg[2] ; clk_divider:clk_unit|clk_25M ; clk_divider:clk_unit|clk_25M ; 1.000        ; 0.000      ; 1.307      ;
; -0.275 ; vga_sync:vga_unit|h_count_reg[9] ; vga_sync:vga_unit|v_count_reg[0] ; clk_divider:clk_unit|clk_25M ; clk_divider:clk_unit|clk_25M ; 1.000        ; 0.000      ; 1.307      ;
; -0.275 ; vga_sync:vga_unit|h_count_reg[9] ; vga_sync:vga_unit|v_count_reg[4] ; clk_divider:clk_unit|clk_25M ; clk_divider:clk_unit|clk_25M ; 1.000        ; 0.000      ; 1.307      ;
; -0.260 ; vga_sync:vga_unit|h_count_reg[5] ; vga_sync:vga_unit|v_count_reg[5] ; clk_divider:clk_unit|clk_25M ; clk_divider:clk_unit|clk_25M ; 1.000        ; 0.000      ; 1.292      ;
; -0.260 ; vga_sync:vga_unit|h_count_reg[5] ; vga_sync:vga_unit|v_count_reg[6] ; clk_divider:clk_unit|clk_25M ; clk_divider:clk_unit|clk_25M ; 1.000        ; 0.000      ; 1.292      ;
; -0.260 ; vga_sync:vga_unit|h_count_reg[5] ; vga_sync:vga_unit|v_count_reg[7] ; clk_divider:clk_unit|clk_25M ; clk_divider:clk_unit|clk_25M ; 1.000        ; 0.000      ; 1.292      ;
; -0.260 ; vga_sync:vga_unit|h_count_reg[5] ; vga_sync:vga_unit|v_count_reg[8] ; clk_divider:clk_unit|clk_25M ; clk_divider:clk_unit|clk_25M ; 1.000        ; 0.000      ; 1.292      ;
; -0.260 ; vga_sync:vga_unit|h_count_reg[5] ; vga_sync:vga_unit|v_count_reg[9] ; clk_divider:clk_unit|clk_25M ; clk_divider:clk_unit|clk_25M ; 1.000        ; 0.000      ; 1.292      ;
; -0.260 ; vga_sync:vga_unit|h_count_reg[5] ; vga_sync:vga_unit|v_count_reg[3] ; clk_divider:clk_unit|clk_25M ; clk_divider:clk_unit|clk_25M ; 1.000        ; 0.000      ; 1.292      ;
; -0.260 ; vga_sync:vga_unit|h_count_reg[5] ; vga_sync:vga_unit|v_count_reg[1] ; clk_divider:clk_unit|clk_25M ; clk_divider:clk_unit|clk_25M ; 1.000        ; 0.000      ; 1.292      ;
; -0.260 ; vga_sync:vga_unit|h_count_reg[5] ; vga_sync:vga_unit|v_count_reg[2] ; clk_divider:clk_unit|clk_25M ; clk_divider:clk_unit|clk_25M ; 1.000        ; 0.000      ; 1.292      ;
; -0.260 ; vga_sync:vga_unit|h_count_reg[5] ; vga_sync:vga_unit|v_count_reg[0] ; clk_divider:clk_unit|clk_25M ; clk_divider:clk_unit|clk_25M ; 1.000        ; 0.000      ; 1.292      ;
; -0.260 ; vga_sync:vga_unit|h_count_reg[5] ; vga_sync:vga_unit|v_count_reg[4] ; clk_divider:clk_unit|clk_25M ; clk_divider:clk_unit|clk_25M ; 1.000        ; 0.000      ; 1.292      ;
; -0.206 ; vga_sync:vga_unit|h_count_reg[3] ; vga_sync:vga_unit|v_count_reg[5] ; clk_divider:clk_unit|clk_25M ; clk_divider:clk_unit|clk_25M ; 1.000        ; 0.000      ; 1.238      ;
; -0.206 ; vga_sync:vga_unit|h_count_reg[3] ; vga_sync:vga_unit|v_count_reg[6] ; clk_divider:clk_unit|clk_25M ; clk_divider:clk_unit|clk_25M ; 1.000        ; 0.000      ; 1.238      ;
; -0.206 ; vga_sync:vga_unit|h_count_reg[3] ; vga_sync:vga_unit|v_count_reg[7] ; clk_divider:clk_unit|clk_25M ; clk_divider:clk_unit|clk_25M ; 1.000        ; 0.000      ; 1.238      ;
; -0.206 ; vga_sync:vga_unit|h_count_reg[3] ; vga_sync:vga_unit|v_count_reg[8] ; clk_divider:clk_unit|clk_25M ; clk_divider:clk_unit|clk_25M ; 1.000        ; 0.000      ; 1.238      ;
; -0.206 ; vga_sync:vga_unit|h_count_reg[3] ; vga_sync:vga_unit|v_count_reg[9] ; clk_divider:clk_unit|clk_25M ; clk_divider:clk_unit|clk_25M ; 1.000        ; 0.000      ; 1.238      ;
; -0.206 ; vga_sync:vga_unit|h_count_reg[3] ; vga_sync:vga_unit|v_count_reg[3] ; clk_divider:clk_unit|clk_25M ; clk_divider:clk_unit|clk_25M ; 1.000        ; 0.000      ; 1.238      ;
; -0.206 ; vga_sync:vga_unit|h_count_reg[3] ; vga_sync:vga_unit|v_count_reg[1] ; clk_divider:clk_unit|clk_25M ; clk_divider:clk_unit|clk_25M ; 1.000        ; 0.000      ; 1.238      ;
; -0.206 ; vga_sync:vga_unit|h_count_reg[3] ; vga_sync:vga_unit|v_count_reg[2] ; clk_divider:clk_unit|clk_25M ; clk_divider:clk_unit|clk_25M ; 1.000        ; 0.000      ; 1.238      ;
; -0.206 ; vga_sync:vga_unit|h_count_reg[3] ; vga_sync:vga_unit|v_count_reg[0] ; clk_divider:clk_unit|clk_25M ; clk_divider:clk_unit|clk_25M ; 1.000        ; 0.000      ; 1.238      ;
; -0.206 ; vga_sync:vga_unit|h_count_reg[3] ; vga_sync:vga_unit|v_count_reg[4] ; clk_divider:clk_unit|clk_25M ; clk_divider:clk_unit|clk_25M ; 1.000        ; 0.000      ; 1.238      ;
; -0.194 ; vga_sync:vga_unit|h_count_reg[7] ; vga_sync:vga_unit|v_count_reg[5] ; clk_divider:clk_unit|clk_25M ; clk_divider:clk_unit|clk_25M ; 1.000        ; 0.000      ; 1.226      ;
; -0.194 ; vga_sync:vga_unit|h_count_reg[7] ; vga_sync:vga_unit|v_count_reg[6] ; clk_divider:clk_unit|clk_25M ; clk_divider:clk_unit|clk_25M ; 1.000        ; 0.000      ; 1.226      ;
; -0.194 ; vga_sync:vga_unit|h_count_reg[7] ; vga_sync:vga_unit|v_count_reg[7] ; clk_divider:clk_unit|clk_25M ; clk_divider:clk_unit|clk_25M ; 1.000        ; 0.000      ; 1.226      ;
; -0.194 ; vga_sync:vga_unit|h_count_reg[7] ; vga_sync:vga_unit|v_count_reg[8] ; clk_divider:clk_unit|clk_25M ; clk_divider:clk_unit|clk_25M ; 1.000        ; 0.000      ; 1.226      ;
; -0.194 ; vga_sync:vga_unit|h_count_reg[7] ; vga_sync:vga_unit|v_count_reg[9] ; clk_divider:clk_unit|clk_25M ; clk_divider:clk_unit|clk_25M ; 1.000        ; 0.000      ; 1.226      ;
; -0.194 ; vga_sync:vga_unit|h_count_reg[7] ; vga_sync:vga_unit|v_count_reg[3] ; clk_divider:clk_unit|clk_25M ; clk_divider:clk_unit|clk_25M ; 1.000        ; 0.000      ; 1.226      ;
; -0.194 ; vga_sync:vga_unit|h_count_reg[7] ; vga_sync:vga_unit|v_count_reg[1] ; clk_divider:clk_unit|clk_25M ; clk_divider:clk_unit|clk_25M ; 1.000        ; 0.000      ; 1.226      ;
; -0.194 ; vga_sync:vga_unit|h_count_reg[7] ; vga_sync:vga_unit|v_count_reg[2] ; clk_divider:clk_unit|clk_25M ; clk_divider:clk_unit|clk_25M ; 1.000        ; 0.000      ; 1.226      ;
; -0.194 ; vga_sync:vga_unit|h_count_reg[7] ; vga_sync:vga_unit|v_count_reg[0] ; clk_divider:clk_unit|clk_25M ; clk_divider:clk_unit|clk_25M ; 1.000        ; 0.000      ; 1.226      ;
; -0.194 ; vga_sync:vga_unit|h_count_reg[7] ; vga_sync:vga_unit|v_count_reg[4] ; clk_divider:clk_unit|clk_25M ; clk_divider:clk_unit|clk_25M ; 1.000        ; 0.000      ; 1.226      ;
; -0.192 ; vga_sync:vga_unit|h_count_reg[4] ; vga_sync:vga_unit|v_count_reg[5] ; clk_divider:clk_unit|clk_25M ; clk_divider:clk_unit|clk_25M ; 1.000        ; 0.000      ; 1.224      ;
; -0.192 ; vga_sync:vga_unit|h_count_reg[4] ; vga_sync:vga_unit|v_count_reg[6] ; clk_divider:clk_unit|clk_25M ; clk_divider:clk_unit|clk_25M ; 1.000        ; 0.000      ; 1.224      ;
; -0.192 ; vga_sync:vga_unit|h_count_reg[4] ; vga_sync:vga_unit|v_count_reg[7] ; clk_divider:clk_unit|clk_25M ; clk_divider:clk_unit|clk_25M ; 1.000        ; 0.000      ; 1.224      ;
; -0.192 ; vga_sync:vga_unit|h_count_reg[4] ; vga_sync:vga_unit|v_count_reg[8] ; clk_divider:clk_unit|clk_25M ; clk_divider:clk_unit|clk_25M ; 1.000        ; 0.000      ; 1.224      ;
; -0.192 ; vga_sync:vga_unit|h_count_reg[4] ; vga_sync:vga_unit|v_count_reg[9] ; clk_divider:clk_unit|clk_25M ; clk_divider:clk_unit|clk_25M ; 1.000        ; 0.000      ; 1.224      ;
; -0.192 ; vga_sync:vga_unit|h_count_reg[4] ; vga_sync:vga_unit|v_count_reg[3] ; clk_divider:clk_unit|clk_25M ; clk_divider:clk_unit|clk_25M ; 1.000        ; 0.000      ; 1.224      ;
; -0.192 ; vga_sync:vga_unit|h_count_reg[4] ; vga_sync:vga_unit|v_count_reg[1] ; clk_divider:clk_unit|clk_25M ; clk_divider:clk_unit|clk_25M ; 1.000        ; 0.000      ; 1.224      ;
; -0.192 ; vga_sync:vga_unit|h_count_reg[4] ; vga_sync:vga_unit|v_count_reg[2] ; clk_divider:clk_unit|clk_25M ; clk_divider:clk_unit|clk_25M ; 1.000        ; 0.000      ; 1.224      ;
; -0.192 ; vga_sync:vga_unit|h_count_reg[4] ; vga_sync:vga_unit|v_count_reg[0] ; clk_divider:clk_unit|clk_25M ; clk_divider:clk_unit|clk_25M ; 1.000        ; 0.000      ; 1.224      ;
; -0.192 ; vga_sync:vga_unit|h_count_reg[4] ; vga_sync:vga_unit|v_count_reg[4] ; clk_divider:clk_unit|clk_25M ; clk_divider:clk_unit|clk_25M ; 1.000        ; 0.000      ; 1.224      ;
; -0.152 ; vga_sync:vga_unit|h_count_reg[0] ; vga_sync:vga_unit|h_count_reg[9] ; clk_divider:clk_unit|clk_25M ; clk_divider:clk_unit|clk_25M ; 1.000        ; 0.000      ; 1.184      ;
; -0.142 ; vga_sync:vga_unit|h_count_reg[2] ; vga_sync:vga_unit|v_count_reg[5] ; clk_divider:clk_unit|clk_25M ; clk_divider:clk_unit|clk_25M ; 1.000        ; 0.000      ; 1.174      ;
; -0.142 ; vga_sync:vga_unit|h_count_reg[2] ; vga_sync:vga_unit|v_count_reg[6] ; clk_divider:clk_unit|clk_25M ; clk_divider:clk_unit|clk_25M ; 1.000        ; 0.000      ; 1.174      ;
; -0.142 ; vga_sync:vga_unit|h_count_reg[2] ; vga_sync:vga_unit|v_count_reg[7] ; clk_divider:clk_unit|clk_25M ; clk_divider:clk_unit|clk_25M ; 1.000        ; 0.000      ; 1.174      ;
; -0.142 ; vga_sync:vga_unit|h_count_reg[2] ; vga_sync:vga_unit|v_count_reg[8] ; clk_divider:clk_unit|clk_25M ; clk_divider:clk_unit|clk_25M ; 1.000        ; 0.000      ; 1.174      ;
; -0.142 ; vga_sync:vga_unit|h_count_reg[2] ; vga_sync:vga_unit|v_count_reg[9] ; clk_divider:clk_unit|clk_25M ; clk_divider:clk_unit|clk_25M ; 1.000        ; 0.000      ; 1.174      ;
; -0.142 ; vga_sync:vga_unit|h_count_reg[2] ; vga_sync:vga_unit|v_count_reg[3] ; clk_divider:clk_unit|clk_25M ; clk_divider:clk_unit|clk_25M ; 1.000        ; 0.000      ; 1.174      ;
; -0.142 ; vga_sync:vga_unit|h_count_reg[2] ; vga_sync:vga_unit|v_count_reg[1] ; clk_divider:clk_unit|clk_25M ; clk_divider:clk_unit|clk_25M ; 1.000        ; 0.000      ; 1.174      ;
; -0.142 ; vga_sync:vga_unit|h_count_reg[2] ; vga_sync:vga_unit|v_count_reg[2] ; clk_divider:clk_unit|clk_25M ; clk_divider:clk_unit|clk_25M ; 1.000        ; 0.000      ; 1.174      ;
; -0.142 ; vga_sync:vga_unit|h_count_reg[2] ; vga_sync:vga_unit|v_count_reg[0] ; clk_divider:clk_unit|clk_25M ; clk_divider:clk_unit|clk_25M ; 1.000        ; 0.000      ; 1.174      ;
; -0.142 ; vga_sync:vga_unit|h_count_reg[2] ; vga_sync:vga_unit|v_count_reg[4] ; clk_divider:clk_unit|clk_25M ; clk_divider:clk_unit|clk_25M ; 1.000        ; 0.000      ; 1.174      ;
; -0.141 ; vga_sync:vga_unit|h_count_reg[6] ; vga_sync:vga_unit|v_count_reg[5] ; clk_divider:clk_unit|clk_25M ; clk_divider:clk_unit|clk_25M ; 1.000        ; 0.000      ; 1.173      ;
; -0.141 ; vga_sync:vga_unit|h_count_reg[6] ; vga_sync:vga_unit|v_count_reg[6] ; clk_divider:clk_unit|clk_25M ; clk_divider:clk_unit|clk_25M ; 1.000        ; 0.000      ; 1.173      ;
; -0.141 ; vga_sync:vga_unit|h_count_reg[6] ; vga_sync:vga_unit|v_count_reg[7] ; clk_divider:clk_unit|clk_25M ; clk_divider:clk_unit|clk_25M ; 1.000        ; 0.000      ; 1.173      ;
; -0.141 ; vga_sync:vga_unit|h_count_reg[6] ; vga_sync:vga_unit|v_count_reg[8] ; clk_divider:clk_unit|clk_25M ; clk_divider:clk_unit|clk_25M ; 1.000        ; 0.000      ; 1.173      ;
; -0.141 ; vga_sync:vga_unit|h_count_reg[6] ; vga_sync:vga_unit|v_count_reg[9] ; clk_divider:clk_unit|clk_25M ; clk_divider:clk_unit|clk_25M ; 1.000        ; 0.000      ; 1.173      ;
; -0.141 ; vga_sync:vga_unit|h_count_reg[6] ; vga_sync:vga_unit|v_count_reg[3] ; clk_divider:clk_unit|clk_25M ; clk_divider:clk_unit|clk_25M ; 1.000        ; 0.000      ; 1.173      ;
; -0.141 ; vga_sync:vga_unit|h_count_reg[6] ; vga_sync:vga_unit|v_count_reg[1] ; clk_divider:clk_unit|clk_25M ; clk_divider:clk_unit|clk_25M ; 1.000        ; 0.000      ; 1.173      ;
; -0.141 ; vga_sync:vga_unit|h_count_reg[6] ; vga_sync:vga_unit|v_count_reg[2] ; clk_divider:clk_unit|clk_25M ; clk_divider:clk_unit|clk_25M ; 1.000        ; 0.000      ; 1.173      ;
; -0.141 ; vga_sync:vga_unit|h_count_reg[6] ; vga_sync:vga_unit|v_count_reg[0] ; clk_divider:clk_unit|clk_25M ; clk_divider:clk_unit|clk_25M ; 1.000        ; 0.000      ; 1.173      ;
; -0.141 ; vga_sync:vga_unit|h_count_reg[6] ; vga_sync:vga_unit|v_count_reg[4] ; clk_divider:clk_unit|clk_25M ; clk_divider:clk_unit|clk_25M ; 1.000        ; 0.000      ; 1.173      ;
; -0.138 ; vga_sync:vga_unit|v_count_reg[0] ; vga_sync:vga_unit|v_count_reg[9] ; clk_divider:clk_unit|clk_25M ; clk_divider:clk_unit|clk_25M ; 1.000        ; 0.000      ; 1.170      ;
; -0.118 ; vga_sync:vga_unit|h_count_reg[0] ; vga_sync:vga_unit|h_count_reg[8] ; clk_divider:clk_unit|clk_25M ; clk_divider:clk_unit|clk_25M ; 1.000        ; 0.000      ; 1.150      ;
; -0.117 ; vga_sync:vga_unit|h_count_reg[1] ; vga_sync:vga_unit|h_count_reg[9] ; clk_divider:clk_unit|clk_25M ; clk_divider:clk_unit|clk_25M ; 1.000        ; 0.000      ; 1.149      ;
; -0.112 ; vga_sync:vga_unit|v_count_reg[1] ; vga_sync:vga_unit|v_count_reg[9] ; clk_divider:clk_unit|clk_25M ; clk_divider:clk_unit|clk_25M ; 1.000        ; 0.000      ; 1.144      ;
; -0.091 ; vga_sync:vga_unit|h_count_reg[0] ; vga_sync:vga_unit|h_count_reg[5] ; clk_divider:clk_unit|clk_25M ; clk_divider:clk_unit|clk_25M ; 1.000        ; 0.000      ; 1.123      ;
; -0.083 ; vga_sync:vga_unit|h_count_reg[1] ; vga_sync:vga_unit|h_count_reg[8] ; clk_divider:clk_unit|clk_25M ; clk_divider:clk_unit|clk_25M ; 1.000        ; 0.000      ; 1.115      ;
; -0.069 ; vga_sync:vga_unit|h_count_reg[1] ; vga_sync:vga_unit|v_count_reg[5] ; clk_divider:clk_unit|clk_25M ; clk_divider:clk_unit|clk_25M ; 1.000        ; 0.000      ; 1.101      ;
; -0.069 ; vga_sync:vga_unit|h_count_reg[1] ; vga_sync:vga_unit|v_count_reg[6] ; clk_divider:clk_unit|clk_25M ; clk_divider:clk_unit|clk_25M ; 1.000        ; 0.000      ; 1.101      ;
; -0.069 ; vga_sync:vga_unit|h_count_reg[1] ; vga_sync:vga_unit|v_count_reg[7] ; clk_divider:clk_unit|clk_25M ; clk_divider:clk_unit|clk_25M ; 1.000        ; 0.000      ; 1.101      ;
; -0.069 ; vga_sync:vga_unit|h_count_reg[1] ; vga_sync:vga_unit|v_count_reg[8] ; clk_divider:clk_unit|clk_25M ; clk_divider:clk_unit|clk_25M ; 1.000        ; 0.000      ; 1.101      ;
; -0.069 ; vga_sync:vga_unit|h_count_reg[1] ; vga_sync:vga_unit|v_count_reg[9] ; clk_divider:clk_unit|clk_25M ; clk_divider:clk_unit|clk_25M ; 1.000        ; 0.000      ; 1.101      ;
; -0.069 ; vga_sync:vga_unit|h_count_reg[1] ; vga_sync:vga_unit|v_count_reg[3] ; clk_divider:clk_unit|clk_25M ; clk_divider:clk_unit|clk_25M ; 1.000        ; 0.000      ; 1.101      ;
; -0.069 ; vga_sync:vga_unit|h_count_reg[1] ; vga_sync:vga_unit|v_count_reg[1] ; clk_divider:clk_unit|clk_25M ; clk_divider:clk_unit|clk_25M ; 1.000        ; 0.000      ; 1.101      ;
; -0.069 ; vga_sync:vga_unit|h_count_reg[1] ; vga_sync:vga_unit|v_count_reg[2] ; clk_divider:clk_unit|clk_25M ; clk_divider:clk_unit|clk_25M ; 1.000        ; 0.000      ; 1.101      ;
; -0.069 ; vga_sync:vga_unit|h_count_reg[1] ; vga_sync:vga_unit|v_count_reg[0] ; clk_divider:clk_unit|clk_25M ; clk_divider:clk_unit|clk_25M ; 1.000        ; 0.000      ; 1.101      ;
; -0.069 ; vga_sync:vga_unit|h_count_reg[1] ; vga_sync:vga_unit|v_count_reg[4] ; clk_divider:clk_unit|clk_25M ; clk_divider:clk_unit|clk_25M ; 1.000        ; 0.000      ; 1.101      ;
; -0.064 ; vga_sync:vga_unit|h_count_reg[2] ; vga_sync:vga_unit|h_count_reg[9] ; clk_divider:clk_unit|clk_25M ; clk_divider:clk_unit|clk_25M ; 1.000        ; 0.000      ; 1.096      ;
; -0.059 ; vga_sync:vga_unit|v_count_reg[2] ; vga_sync:vga_unit|v_count_reg[9] ; clk_divider:clk_unit|clk_25M ; clk_divider:clk_unit|clk_25M ; 1.000        ; 0.000      ; 1.091      ;
; -0.056 ; vga_sync:vga_unit|h_count_reg[1] ; vga_sync:vga_unit|h_count_reg[5] ; clk_divider:clk_unit|clk_25M ; clk_divider:clk_unit|clk_25M ; 1.000        ; 0.000      ; 1.088      ;
; -0.051 ; vga_sync:vga_unit|h_count_reg[9] ; vga_sync:vga_unit|h_count_reg[9] ; clk_divider:clk_unit|clk_25M ; clk_divider:clk_unit|clk_25M ; 1.000        ; 0.000      ; 1.083      ;
; -0.051 ; vga_sync:vga_unit|h_count_reg[9] ; vga_sync:vga_unit|h_count_reg[8] ; clk_divider:clk_unit|clk_25M ; clk_divider:clk_unit|clk_25M ; 1.000        ; 0.000      ; 1.083      ;
; -0.036 ; vga_sync:vga_unit|h_count_reg[5] ; vga_sync:vga_unit|h_count_reg[9] ; clk_divider:clk_unit|clk_25M ; clk_divider:clk_unit|clk_25M ; 1.000        ; 0.000      ; 1.068      ;
; -0.036 ; vga_sync:vga_unit|h_count_reg[5] ; vga_sync:vga_unit|h_count_reg[8] ; clk_divider:clk_unit|clk_25M ; clk_divider:clk_unit|clk_25M ; 1.000        ; 0.000      ; 1.068      ;
; -0.033 ; vga_sync:vga_unit|v_count_reg[3] ; vga_sync:vga_unit|v_count_reg[9] ; clk_divider:clk_unit|clk_25M ; clk_divider:clk_unit|clk_25M ; 1.000        ; 0.000      ; 1.065      ;
; -0.030 ; vga_sync:vga_unit|h_count_reg[2] ; vga_sync:vga_unit|h_count_reg[8] ; clk_divider:clk_unit|clk_25M ; clk_divider:clk_unit|clk_25M ; 1.000        ; 0.000      ; 1.062      ;
; -0.029 ; vga_sync:vga_unit|h_count_reg[0] ; vga_sync:vga_unit|v_count_reg[5] ; clk_divider:clk_unit|clk_25M ; clk_divider:clk_unit|clk_25M ; 1.000        ; 0.000      ; 1.061      ;
; -0.029 ; vga_sync:vga_unit|h_count_reg[0] ; vga_sync:vga_unit|v_count_reg[6] ; clk_divider:clk_unit|clk_25M ; clk_divider:clk_unit|clk_25M ; 1.000        ; 0.000      ; 1.061      ;
; -0.029 ; vga_sync:vga_unit|h_count_reg[0] ; vga_sync:vga_unit|v_count_reg[7] ; clk_divider:clk_unit|clk_25M ; clk_divider:clk_unit|clk_25M ; 1.000        ; 0.000      ; 1.061      ;
; -0.029 ; vga_sync:vga_unit|h_count_reg[0] ; vga_sync:vga_unit|v_count_reg[8] ; clk_divider:clk_unit|clk_25M ; clk_divider:clk_unit|clk_25M ; 1.000        ; 0.000      ; 1.061      ;
+--------+----------------------------------+----------------------------------+------------------------------+------------------------------+--------------+------------+------------+


+-------------------------------------------------------------------------------------------------------------------------------------------------------------------------------+
; Fast Model Hold: 'CLOCK_50'                                                                                                                                                   ;
+--------+---------------------------------------+---------------------------------------+-------------------------------+-------------+--------------+------------+------------+
; Slack  ; From Node                             ; To Node                               ; Launch Clock                  ; Latch Clock ; Relationship ; Clock Skew ; Data Delay ;
+--------+---------------------------------------+---------------------------------------+-------------------------------+-------------+--------------+------------+------------+
; -1.581 ; clk_divider:clk_unit|clk_25M          ; clk_divider:clk_unit|clk_25M          ; clk_divider:clk_unit|clk_25M  ; CLOCK_50    ; 0.000        ; 1.655      ; 0.367      ;
; -1.581 ; clk_divider:clk_unit|clk_60Hz         ; clk_divider:clk_unit|clk_60Hz         ; clk_divider:clk_unit|clk_60Hz ; CLOCK_50    ; 0.000        ; 1.655      ; 0.367      ;
; -1.081 ; clk_divider:clk_unit|clk_25M          ; clk_divider:clk_unit|clk_25M          ; clk_divider:clk_unit|clk_25M  ; CLOCK_50    ; -0.500       ; 1.655      ; 0.367      ;
; -1.081 ; clk_divider:clk_unit|clk_60Hz         ; clk_divider:clk_unit|clk_60Hz         ; clk_divider:clk_unit|clk_60Hz ; CLOCK_50    ; -0.500       ; 1.655      ; 0.367      ;
; 0.251  ; clk_divider:clk_unit|counter_60Hz[19] ; clk_divider:clk_unit|counter_60Hz[19] ; CLOCK_50                      ; CLOCK_50    ; 0.000        ; 0.000      ; 0.403      ;
; 0.355  ; clk_divider:clk_unit|counter_60Hz[10] ; clk_divider:clk_unit|counter_60Hz[10] ; CLOCK_50                      ; CLOCK_50    ; 0.000        ; 0.000      ; 0.507      ;
; 0.360  ; clk_divider:clk_unit|counter_60Hz[5]  ; clk_divider:clk_unit|counter_60Hz[5]  ; CLOCK_50                      ; CLOCK_50    ; 0.000        ; 0.000      ; 0.512      ;
; 0.370  ; clk_divider:clk_unit|counter_60Hz[2]  ; clk_divider:clk_unit|counter_60Hz[2]  ; CLOCK_50                      ; CLOCK_50    ; 0.000        ; 0.000      ; 0.522      ;
; 0.371  ; clk_divider:clk_unit|counter_60Hz[6]  ; clk_divider:clk_unit|counter_60Hz[6]  ; CLOCK_50                      ; CLOCK_50    ; 0.000        ; 0.000      ; 0.523      ;
; 0.371  ; clk_divider:clk_unit|counter_60Hz[13] ; clk_divider:clk_unit|counter_60Hz[13] ; CLOCK_50                      ; CLOCK_50    ; 0.000        ; 0.000      ; 0.523      ;
; 0.372  ; clk_divider:clk_unit|counter_60Hz[15] ; clk_divider:clk_unit|counter_60Hz[15] ; CLOCK_50                      ; CLOCK_50    ; 0.000        ; 0.000      ; 0.524      ;
; 0.372  ; clk_divider:clk_unit|counter_60Hz[16] ; clk_divider:clk_unit|counter_60Hz[16] ; CLOCK_50                      ; CLOCK_50    ; 0.000        ; 0.000      ; 0.524      ;
; 0.498  ; clk_divider:clk_unit|counter_60Hz[5]  ; clk_divider:clk_unit|counter_60Hz[6]  ; CLOCK_50                      ; CLOCK_50    ; 0.000        ; 0.000      ; 0.650      ;
; 0.500  ; clk_divider:clk_unit|counter_60Hz[12] ; clk_divider:clk_unit|counter_60Hz[13] ; CLOCK_50                      ; CLOCK_50    ; 0.000        ; 0.000      ; 0.652      ;
; 0.501  ; clk_divider:clk_unit|counter_60Hz[14] ; clk_divider:clk_unit|counter_60Hz[15] ; CLOCK_50                      ; CLOCK_50    ; 0.000        ; 0.000      ; 0.653      ;
; 0.511  ; clk_divider:clk_unit|counter_60Hz[18] ; clk_divider:clk_unit|counter_60Hz[19] ; CLOCK_50                      ; CLOCK_50    ; 0.000        ; 0.000      ; 0.663      ;
; 0.512  ; clk_divider:clk_unit|counter_60Hz[15] ; clk_divider:clk_unit|counter_60Hz[16] ; CLOCK_50                      ; CLOCK_50    ; 0.000        ; 0.000      ; 0.664      ;
; 0.515  ; clk_divider:clk_unit|counter_60Hz[4]  ; clk_divider:clk_unit|counter_60Hz[5]  ; CLOCK_50                      ; CLOCK_50    ; 0.000        ; 0.000      ; 0.667      ;
; 0.527  ; clk_divider:clk_unit|counter_60Hz[0]  ; clk_divider:clk_unit|counter_60Hz[0]  ; CLOCK_50                      ; CLOCK_50    ; 0.000        ; 0.000      ; 0.679      ;
; 0.527  ; clk_divider:clk_unit|counter_60Hz[8]  ; clk_divider:clk_unit|counter_60Hz[8]  ; CLOCK_50                      ; CLOCK_50    ; 0.000        ; 0.000      ; 0.679      ;
; 0.529  ; clk_divider:clk_unit|counter_60Hz[3]  ; clk_divider:clk_unit|counter_60Hz[3]  ; CLOCK_50                      ; CLOCK_50    ; 0.000        ; 0.000      ; 0.681      ;
; 0.532  ; clk_divider:clk_unit|counter_60Hz[3]  ; clk_divider:clk_unit|counter_60Hz[5]  ; CLOCK_50                      ; CLOCK_50    ; 0.000        ; 0.000      ; 0.684      ;
; 0.536  ; clk_divider:clk_unit|counter_60Hz[14] ; clk_divider:clk_unit|counter_60Hz[16] ; CLOCK_50                      ; CLOCK_50    ; 0.000        ; 0.000      ; 0.688      ;
; 0.537  ; clk_divider:clk_unit|counter_60Hz[9]  ; clk_divider:clk_unit|counter_60Hz[9]  ; CLOCK_50                      ; CLOCK_50    ; 0.000        ; 0.000      ; 0.689      ;
; 0.546  ; clk_divider:clk_unit|counter_60Hz[13] ; clk_divider:clk_unit|counter_60Hz[15] ; CLOCK_50                      ; CLOCK_50    ; 0.000        ; 0.000      ; 0.698      ;
; 0.548  ; clk_divider:clk_unit|counter_60Hz[9]  ; clk_divider:clk_unit|counter_60Hz[10] ; CLOCK_50                      ; CLOCK_50    ; 0.000        ; 0.010      ; 0.710      ;
; 0.550  ; clk_divider:clk_unit|counter_60Hz[4]  ; clk_divider:clk_unit|counter_60Hz[6]  ; CLOCK_50                      ; CLOCK_50    ; 0.000        ; 0.000      ; 0.702      ;
; 0.550  ; clk_divider:clk_unit|counter_60Hz[11] ; clk_divider:clk_unit|counter_60Hz[13] ; CLOCK_50                      ; CLOCK_50    ; 0.000        ; 0.000      ; 0.702      ;
; 0.554  ; clk_divider:clk_unit|counter_60Hz[11] ; clk_divider:clk_unit|counter_60Hz[11] ; CLOCK_50                      ; CLOCK_50    ; 0.000        ; 0.000      ; 0.706      ;
; 0.555  ; clk_divider:clk_unit|counter_60Hz[1]  ; clk_divider:clk_unit|counter_60Hz[2]  ; CLOCK_50                      ; CLOCK_50    ; 0.000        ; 0.000      ; 0.707      ;
; 0.563  ; clk_divider:clk_unit|counter_60Hz[10] ; clk_divider:clk_unit|counter_60Hz[13] ; CLOCK_50                      ; CLOCK_50    ; 0.000        ; 0.000      ; 0.715      ;
; 0.567  ; clk_divider:clk_unit|counter_60Hz[3]  ; clk_divider:clk_unit|counter_60Hz[6]  ; CLOCK_50                      ; CLOCK_50    ; 0.000        ; 0.000      ; 0.719      ;
; 0.570  ; clk_divider:clk_unit|counter_60Hz[12] ; clk_divider:clk_unit|counter_60Hz[15] ; CLOCK_50                      ; CLOCK_50    ; 0.000        ; 0.000      ; 0.722      ;
; 0.578  ; clk_divider:clk_unit|counter_60Hz[8]  ; clk_divider:clk_unit|counter_60Hz[10] ; CLOCK_50                      ; CLOCK_50    ; 0.000        ; 0.010      ; 0.740      ;
; 0.580  ; clk_divider:clk_unit|counter_60Hz[2]  ; clk_divider:clk_unit|counter_60Hz[5]  ; CLOCK_50                      ; CLOCK_50    ; 0.000        ; 0.000      ; 0.732      ;
; 0.581  ; clk_divider:clk_unit|counter_60Hz[13] ; clk_divider:clk_unit|counter_60Hz[16] ; CLOCK_50                      ; CLOCK_50    ; 0.000        ; 0.000      ; 0.733      ;
; 0.590  ; clk_divider:clk_unit|counter_60Hz[17] ; clk_divider:clk_unit|counter_60Hz[19] ; CLOCK_50                      ; CLOCK_50    ; 0.000        ; 0.000      ; 0.742      ;
; 0.594  ; clk_divider:clk_unit|counter_60Hz[0]  ; clk_divider:clk_unit|counter_60Hz[2]  ; CLOCK_50                      ; CLOCK_50    ; 0.000        ; 0.000      ; 0.746      ;
; 0.604  ; clk_divider:clk_unit|counter_60Hz[1]  ; clk_divider:clk_unit|counter_60Hz[1]  ; CLOCK_50                      ; CLOCK_50    ; 0.000        ; 0.000      ; 0.756      ;
; 0.604  ; clk_divider:clk_unit|counter_60Hz[17] ; clk_divider:clk_unit|counter_60Hz[17] ; CLOCK_50                      ; CLOCK_50    ; 0.000        ; 0.000      ; 0.756      ;
; 0.605  ; clk_divider:clk_unit|counter_60Hz[12] ; clk_divider:clk_unit|counter_60Hz[12] ; CLOCK_50                      ; CLOCK_50    ; 0.000        ; 0.000      ; 0.757      ;
; 0.605  ; clk_divider:clk_unit|counter_60Hz[12] ; clk_divider:clk_unit|counter_60Hz[16] ; CLOCK_50                      ; CLOCK_50    ; 0.000        ; 0.000      ; 0.757      ;
; 0.606  ; clk_divider:clk_unit|counter_60Hz[14] ; clk_divider:clk_unit|counter_60Hz[14] ; CLOCK_50                      ; CLOCK_50    ; 0.000        ; 0.000      ; 0.758      ;
; 0.611  ; clk_divider:clk_unit|counter_60Hz[2]  ; clk_divider:clk_unit|counter_60Hz[7]  ; CLOCK_50                      ; CLOCK_50    ; 0.000        ; 0.000      ; 0.763      ;
; 0.612  ; clk_divider:clk_unit|counter_60Hz[18] ; clk_divider:clk_unit|counter_60Hz[18] ; CLOCK_50                      ; CLOCK_50    ; 0.000        ; 0.000      ; 0.764      ;
; 0.615  ; clk_divider:clk_unit|counter_60Hz[2]  ; clk_divider:clk_unit|counter_60Hz[6]  ; CLOCK_50                      ; CLOCK_50    ; 0.000        ; 0.000      ; 0.767      ;
; 0.619  ; clk_divider:clk_unit|counter_60Hz[4]  ; clk_divider:clk_unit|counter_60Hz[4]  ; CLOCK_50                      ; CLOCK_50    ; 0.000        ; 0.000      ; 0.771      ;
; 0.620  ; clk_divider:clk_unit|counter_60Hz[11] ; clk_divider:clk_unit|counter_60Hz[15] ; CLOCK_50                      ; CLOCK_50    ; 0.000        ; 0.000      ; 0.772      ;
; 0.633  ; clk_divider:clk_unit|counter_60Hz[10] ; clk_divider:clk_unit|counter_60Hz[15] ; CLOCK_50                      ; CLOCK_50    ; 0.000        ; 0.000      ; 0.785      ;
; 0.641  ; clk_divider:clk_unit|counter_60Hz[16] ; clk_divider:clk_unit|counter_60Hz[19] ; CLOCK_50                      ; CLOCK_50    ; 0.000        ; 0.000      ; 0.793      ;
; 0.653  ; clk_divider:clk_unit|counter_60Hz[9]  ; clk_divider:clk_unit|counter_60Hz[13] ; CLOCK_50                      ; CLOCK_50    ; 0.000        ; 0.010      ; 0.815      ;
; 0.655  ; clk_divider:clk_unit|counter_60Hz[11] ; clk_divider:clk_unit|counter_60Hz[16] ; CLOCK_50                      ; CLOCK_50    ; 0.000        ; 0.000      ; 0.807      ;
; 0.658  ; clk_divider:clk_unit|counter_60Hz[6]  ; clk_divider:clk_unit|counter_60Hz[10] ; CLOCK_50                      ; CLOCK_50    ; 0.000        ; 0.010      ; 0.820      ;
; 0.660  ; clk_divider:clk_unit|counter_60Hz[1]  ; clk_divider:clk_unit|counter_60Hz[5]  ; CLOCK_50                      ; CLOCK_50    ; 0.000        ; 0.000      ; 0.812      ;
; 0.665  ; clk_divider:clk_unit|counter_60Hz[8]  ; clk_divider:clk_unit|counter_60Hz[9]  ; CLOCK_50                      ; CLOCK_50    ; 0.000        ; 0.000      ; 0.817      ;
; 0.668  ; clk_divider:clk_unit|counter_60Hz[10] ; clk_divider:clk_unit|counter_60Hz[16] ; CLOCK_50                      ; CLOCK_50    ; 0.000        ; 0.000      ; 0.820      ;
; 0.672  ; clk_divider:clk_unit|counter_60Hz[10] ; clk_divider:clk_unit|counter_60Hz[11] ; CLOCK_50                      ; CLOCK_50    ; 0.000        ; 0.000      ; 0.824      ;
; 0.676  ; clk_divider:clk_unit|counter_60Hz[15] ; clk_divider:clk_unit|counter_60Hz[19] ; CLOCK_50                      ; CLOCK_50    ; 0.000        ; 0.000      ; 0.828      ;
; 0.680  ; clk_divider:clk_unit|counter_60Hz[2]  ; clk_divider:clk_unit|counter_60Hz[3]  ; CLOCK_50                      ; CLOCK_50    ; 0.000        ; 0.000      ; 0.832      ;
; 0.680  ; clk_divider:clk_unit|counter_60Hz[5]  ; clk_divider:clk_unit|counter_60Hz[10] ; CLOCK_50                      ; CLOCK_50    ; 0.000        ; 0.010      ; 0.842      ;
; 0.683  ; clk_divider:clk_unit|counter_60Hz[8]  ; clk_divider:clk_unit|counter_60Hz[13] ; CLOCK_50                      ; CLOCK_50    ; 0.000        ; 0.010      ; 0.845      ;
; 0.688  ; clk_divider:clk_unit|counter_60Hz[3]  ; clk_divider:clk_unit|counter_60Hz[7]  ; CLOCK_50                      ; CLOCK_50    ; 0.000        ; 0.000      ; 0.840      ;
; 0.695  ; clk_divider:clk_unit|counter_60Hz[1]  ; clk_divider:clk_unit|counter_60Hz[6]  ; CLOCK_50                      ; CLOCK_50    ; 0.000        ; 0.000      ; 0.847      ;
; 0.699  ; clk_divider:clk_unit|counter_60Hz[0]  ; clk_divider:clk_unit|counter_60Hz[5]  ; CLOCK_50                      ; CLOCK_50    ; 0.000        ; 0.000      ; 0.851      ;
; 0.700  ; clk_divider:clk_unit|counter_60Hz[14] ; clk_divider:clk_unit|counter_60Hz[19] ; CLOCK_50                      ; CLOCK_50    ; 0.000        ; 0.000      ; 0.852      ;
; 0.702  ; clk_divider:clk_unit|counter_60Hz[7]  ; clk_divider:clk_unit|counter_60Hz[10] ; CLOCK_50                      ; CLOCK_50    ; 0.000        ; 0.010      ; 0.864      ;
; 0.710  ; clk_divider:clk_unit|counter_60Hz[6]  ; clk_divider:clk_unit|counter_60Hz[8]  ; CLOCK_50                      ; CLOCK_50    ; 0.000        ; 0.000      ; 0.862      ;
; 0.723  ; clk_divider:clk_unit|counter_60Hz[9]  ; clk_divider:clk_unit|counter_60Hz[15] ; CLOCK_50                      ; CLOCK_50    ; 0.000        ; 0.010      ; 0.885      ;
; 0.732  ; clk_divider:clk_unit|counter_60Hz[4]  ; clk_divider:clk_unit|counter_60Hz[10] ; CLOCK_50                      ; CLOCK_50    ; 0.000        ; 0.010      ; 0.894      ;
; 0.732  ; clk_divider:clk_unit|counter_60Hz[5]  ; clk_divider:clk_unit|counter_60Hz[8]  ; CLOCK_50                      ; CLOCK_50    ; 0.000        ; 0.000      ; 0.884      ;
; 0.734  ; clk_divider:clk_unit|counter_60Hz[0]  ; clk_divider:clk_unit|counter_60Hz[6]  ; CLOCK_50                      ; CLOCK_50    ; 0.000        ; 0.000      ; 0.886      ;
; 0.735  ; clk_divider:clk_unit|counter_60Hz[0]  ; clk_divider:clk_unit|counter_60Hz[7]  ; CLOCK_50                      ; CLOCK_50    ; 0.000        ; 0.000      ; 0.887      ;
; 0.741  ; clk_divider:clk_unit|counter_60Hz[3]  ; clk_divider:clk_unit|counter_60Hz[4]  ; CLOCK_50                      ; CLOCK_50    ; 0.000        ; 0.000      ; 0.893      ;
; 0.742  ; clk_divider:clk_unit|counter_60Hz[2]  ; clk_divider:clk_unit|counter_60Hz[8]  ; CLOCK_50                      ; CLOCK_50    ; 0.000        ; 0.000      ; 0.894      ;
; 0.742  ; clk_divider:clk_unit|counter_60Hz[2]  ; clk_divider:clk_unit|counter_60Hz[9]  ; CLOCK_50                      ; CLOCK_50    ; 0.000        ; 0.000      ; 0.894      ;
; 0.742  ; clk_divider:clk_unit|counter_60Hz[0]  ; clk_divider:clk_unit|counter_60Hz[1]  ; CLOCK_50                      ; CLOCK_50    ; 0.000        ; 0.000      ; 0.894      ;
; 0.744  ; clk_divider:clk_unit|counter_60Hz[2]  ; clk_divider:clk_unit|counter_60Hz[0]  ; CLOCK_50                      ; CLOCK_50    ; 0.000        ; 0.000      ; 0.896      ;
; 0.744  ; clk_divider:clk_unit|counter_60Hz[2]  ; clk_divider:clk_unit|counter_60Hz[1]  ; CLOCK_50                      ; CLOCK_50    ; 0.000        ; 0.000      ; 0.896      ;
; 0.744  ; clk_divider:clk_unit|counter_60Hz[2]  ; clk_divider:clk_unit|counter_60Hz[4]  ; CLOCK_50                      ; CLOCK_50    ; 0.000        ; 0.000      ; 0.896      ;
; 0.745  ; clk_divider:clk_unit|counter_60Hz[6]  ; clk_divider:clk_unit|counter_60Hz[9]  ; CLOCK_50                      ; CLOCK_50    ; 0.000        ; 0.000      ; 0.897      ;
; 0.745  ; clk_divider:clk_unit|counter_60Hz[13] ; clk_divider:clk_unit|counter_60Hz[19] ; CLOCK_50                      ; CLOCK_50    ; 0.000        ; 0.000      ; 0.897      ;
; 0.747  ; clk_divider:clk_unit|counter_60Hz[1]  ; clk_divider:clk_unit|counter_60Hz[7]  ; CLOCK_50                      ; CLOCK_50    ; 0.000        ; 0.000      ; 0.899      ;
; 0.749  ; clk_divider:clk_unit|counter_60Hz[3]  ; clk_divider:clk_unit|counter_60Hz[10] ; CLOCK_50                      ; CLOCK_50    ; 0.000        ; 0.010      ; 0.911      ;
; 0.753  ; clk_divider:clk_unit|counter_60Hz[8]  ; clk_divider:clk_unit|counter_60Hz[15] ; CLOCK_50                      ; CLOCK_50    ; 0.000        ; 0.010      ; 0.915      ;
; 0.754  ; clk_divider:clk_unit|counter_60Hz[16] ; clk_divider:clk_unit|counter_60Hz[17] ; CLOCK_50                      ; CLOCK_50    ; 0.000        ; 0.000      ; 0.906      ;
; 0.754  ; clk_divider:clk_unit|counter_60Hz[13] ; clk_divider:clk_unit|counter_60Hz[14] ; CLOCK_50                      ; CLOCK_50    ; 0.000        ; 0.000      ; 0.906      ;
; 0.754  ; clk_divider:clk_unit|counter_60Hz[7]  ; clk_divider:clk_unit|counter_60Hz[8]  ; CLOCK_50                      ; CLOCK_50    ; 0.000        ; 0.000      ; 0.906      ;
; 0.758  ; clk_divider:clk_unit|counter_60Hz[11] ; clk_divider:clk_unit|counter_60Hz[12] ; CLOCK_50                      ; CLOCK_50    ; 0.000        ; 0.000      ; 0.910      ;
; 0.758  ; clk_divider:clk_unit|counter_60Hz[9]  ; clk_divider:clk_unit|counter_60Hz[16] ; CLOCK_50                      ; CLOCK_50    ; 0.000        ; 0.010      ; 0.920      ;
; 0.760  ; clk_divider:clk_unit|counter_60Hz[1]  ; clk_divider:clk_unit|counter_60Hz[3]  ; CLOCK_50                      ; CLOCK_50    ; 0.000        ; 0.000      ; 0.912      ;
; 0.762  ; clk_divider:clk_unit|counter_60Hz[9]  ; clk_divider:clk_unit|counter_60Hz[11] ; CLOCK_50                      ; CLOCK_50    ; 0.000        ; 0.010      ; 0.924      ;
; 0.763  ; clk_divider:clk_unit|counter_60Hz[6]  ; clk_divider:clk_unit|counter_60Hz[13] ; CLOCK_50                      ; CLOCK_50    ; 0.000        ; 0.010      ; 0.925      ;
; 0.767  ; clk_divider:clk_unit|counter_60Hz[5]  ; clk_divider:clk_unit|counter_60Hz[9]  ; CLOCK_50                      ; CLOCK_50    ; 0.000        ; 0.000      ; 0.919      ;
; 0.769  ; clk_divider:clk_unit|counter_60Hz[12] ; clk_divider:clk_unit|counter_60Hz[19] ; CLOCK_50                      ; CLOCK_50    ; 0.000        ; 0.000      ; 0.921      ;
; 0.771  ; clk_divider:clk_unit|counter_60Hz[10] ; clk_divider:clk_unit|counter_60Hz[12] ; CLOCK_50                      ; CLOCK_50    ; 0.000        ; 0.000      ; 0.923      ;
; 0.778  ; clk_divider:clk_unit|counter_60Hz[12] ; clk_divider:clk_unit|counter_60Hz[14] ; CLOCK_50                      ; CLOCK_50    ; 0.000        ; 0.000      ; 0.930      ;
; 0.784  ; clk_divider:clk_unit|counter_60Hz[4]  ; clk_divider:clk_unit|counter_60Hz[8]  ; CLOCK_50                      ; CLOCK_50    ; 0.000        ; 0.000      ; 0.936      ;
; 0.785  ; clk_divider:clk_unit|counter_60Hz[5]  ; clk_divider:clk_unit|counter_60Hz[13] ; CLOCK_50                      ; CLOCK_50    ; 0.000        ; 0.010      ; 0.947      ;
; 0.788  ; clk_divider:clk_unit|counter_60Hz[8]  ; clk_divider:clk_unit|counter_60Hz[16] ; CLOCK_50                      ; CLOCK_50    ; 0.000        ; 0.010      ; 0.950      ;
; 0.789  ; clk_divider:clk_unit|counter_60Hz[7]  ; clk_divider:clk_unit|counter_60Hz[9]  ; CLOCK_50                      ; CLOCK_50    ; 0.000        ; 0.000      ; 0.941      ;
+--------+---------------------------------------+---------------------------------------+-------------------------------+-------------+--------------+------------+------------+


+--------------------------------------------------------------------------------------------------------------------------------------------------------------------------------------+
; Fast Model Hold: 'clk_divider:clk_unit|clk_60Hz'                                                                                                                                     ;
+-------+----------------------------------+----------------------------------+-------------------------------+-------------------------------+--------------+------------+------------+
; Slack ; From Node                        ; To Node                          ; Launch Clock                  ; Latch Clock                   ; Relationship ; Clock Skew ; Data Delay ;
+-------+----------------------------------+----------------------------------+-------------------------------+-------------------------------+--------------+------------+------------+
; 0.215 ; game_logic:game_unit|hit_wait[0] ; game_logic:game_unit|hit_wait[0] ; clk_divider:clk_unit|clk_60Hz ; clk_divider:clk_unit|clk_60Hz ; 0.000        ; 0.000      ; 0.367      ;
; 0.215 ; game_logic:game_unit|hit_wait[1] ; game_logic:game_unit|hit_wait[1] ; clk_divider:clk_unit|clk_60Hz ; clk_divider:clk_unit|clk_60Hz ; 0.000        ; 0.000      ; 0.367      ;
; 0.215 ; game_logic:game_unit|dir_x       ; game_logic:game_unit|dir_x       ; clk_divider:clk_unit|clk_60Hz ; clk_divider:clk_unit|clk_60Hz ; 0.000        ; 0.000      ; 0.367      ;
; 0.215 ; game_logic:game_unit|dir_y       ; game_logic:game_unit|dir_y       ; clk_divider:clk_unit|clk_60Hz ; clk_divider:clk_unit|clk_60Hz ; 0.000        ; 0.000      ; 0.367      ;
; 0.215 ; game_logic:game_unit|bricks[9]   ; game_logic:game_unit|bricks[9]   ; clk_divider:clk_unit|clk_60Hz ; clk_divider:clk_unit|clk_60Hz ; 0.000        ; 0.000      ; 0.367      ;
; 0.215 ; game_logic:game_unit|bricks[41]  ; game_logic:game_unit|bricks[41]  ; clk_divider:clk_unit|clk_60Hz ; clk_divider:clk_unit|clk_60Hz ; 0.000        ; 0.000      ; 0.367      ;
; 0.215 ; game_logic:game_unit|bricks[57]  ; game_logic:game_unit|bricks[57]  ; clk_divider:clk_unit|clk_60Hz ; clk_divider:clk_unit|clk_60Hz ; 0.000        ; 0.000      ; 0.367      ;
; 0.215 ; game_logic:game_unit|bricks[8]   ; game_logic:game_unit|bricks[8]   ; clk_divider:clk_unit|clk_60Hz ; clk_divider:clk_unit|clk_60Hz ; 0.000        ; 0.000      ; 0.367      ;
; 0.215 ; game_logic:game_unit|bricks[40]  ; game_logic:game_unit|bricks[40]  ; clk_divider:clk_unit|clk_60Hz ; clk_divider:clk_unit|clk_60Hz ; 0.000        ; 0.000      ; 0.367      ;
; 0.215 ; game_logic:game_unit|bricks[56]  ; game_logic:game_unit|bricks[56]  ; clk_divider:clk_unit|clk_60Hz ; clk_divider:clk_unit|clk_60Hz ; 0.000        ; 0.000      ; 0.367      ;
; 0.215 ; game_logic:game_unit|bricks[24]  ; game_logic:game_unit|bricks[24]  ; clk_divider:clk_unit|clk_60Hz ; clk_divider:clk_unit|clk_60Hz ; 0.000        ; 0.000      ; 0.367      ;
; 0.215 ; game_logic:game_unit|bricks[10]  ; game_logic:game_unit|bricks[10]  ; clk_divider:clk_unit|clk_60Hz ; clk_divider:clk_unit|clk_60Hz ; 0.000        ; 0.000      ; 0.367      ;
; 0.215 ; game_logic:game_unit|bricks[42]  ; game_logic:game_unit|bricks[42]  ; clk_divider:clk_unit|clk_60Hz ; clk_divider:clk_unit|clk_60Hz ; 0.000        ; 0.000      ; 0.367      ;
; 0.215 ; game_logic:game_unit|bricks[26]  ; game_logic:game_unit|bricks[26]  ; clk_divider:clk_unit|clk_60Hz ; clk_divider:clk_unit|clk_60Hz ; 0.000        ; 0.000      ; 0.367      ;
; 0.215 ; game_logic:game_unit|bricks[11]  ; game_logic:game_unit|bricks[11]  ; clk_divider:clk_unit|clk_60Hz ; clk_divider:clk_unit|clk_60Hz ; 0.000        ; 0.000      ; 0.367      ;
; 0.215 ; game_logic:game_unit|bricks[27]  ; game_logic:game_unit|bricks[27]  ; clk_divider:clk_unit|clk_60Hz ; clk_divider:clk_unit|clk_60Hz ; 0.000        ; 0.000      ; 0.367      ;
; 0.215 ; game_logic:game_unit|bricks[59]  ; game_logic:game_unit|bricks[59]  ; clk_divider:clk_unit|clk_60Hz ; clk_divider:clk_unit|clk_60Hz ; 0.000        ; 0.000      ; 0.367      ;
; 0.215 ; game_logic:game_unit|bricks[43]  ; game_logic:game_unit|bricks[43]  ; clk_divider:clk_unit|clk_60Hz ; clk_divider:clk_unit|clk_60Hz ; 0.000        ; 0.000      ; 0.367      ;
; 0.215 ; game_logic:game_unit|bricks[32]  ; game_logic:game_unit|bricks[32]  ; clk_divider:clk_unit|clk_60Hz ; clk_divider:clk_unit|clk_60Hz ; 0.000        ; 0.000      ; 0.367      ;
; 0.215 ; game_logic:game_unit|bricks[0]   ; game_logic:game_unit|bricks[0]   ; clk_divider:clk_unit|clk_60Hz ; clk_divider:clk_unit|clk_60Hz ; 0.000        ; 0.000      ; 0.367      ;
; 0.215 ; game_logic:game_unit|bricks[48]  ; game_logic:game_unit|bricks[48]  ; clk_divider:clk_unit|clk_60Hz ; clk_divider:clk_unit|clk_60Hz ; 0.000        ; 0.000      ; 0.367      ;
; 0.215 ; game_logic:game_unit|bricks[16]  ; game_logic:game_unit|bricks[16]  ; clk_divider:clk_unit|clk_60Hz ; clk_divider:clk_unit|clk_60Hz ; 0.000        ; 0.000      ; 0.367      ;
; 0.215 ; game_logic:game_unit|bricks[17]  ; game_logic:game_unit|bricks[17]  ; clk_divider:clk_unit|clk_60Hz ; clk_divider:clk_unit|clk_60Hz ; 0.000        ; 0.000      ; 0.367      ;
; 0.215 ; game_logic:game_unit|bricks[1]   ; game_logic:game_unit|bricks[1]   ; clk_divider:clk_unit|clk_60Hz ; clk_divider:clk_unit|clk_60Hz ; 0.000        ; 0.000      ; 0.367      ;
; 0.215 ; game_logic:game_unit|bricks[49]  ; game_logic:game_unit|bricks[49]  ; clk_divider:clk_unit|clk_60Hz ; clk_divider:clk_unit|clk_60Hz ; 0.000        ; 0.000      ; 0.367      ;
; 0.215 ; game_logic:game_unit|bricks[33]  ; game_logic:game_unit|bricks[33]  ; clk_divider:clk_unit|clk_60Hz ; clk_divider:clk_unit|clk_60Hz ; 0.000        ; 0.000      ; 0.367      ;
; 0.215 ; game_logic:game_unit|bricks[19]  ; game_logic:game_unit|bricks[19]  ; clk_divider:clk_unit|clk_60Hz ; clk_divider:clk_unit|clk_60Hz ; 0.000        ; 0.000      ; 0.367      ;
; 0.215 ; game_logic:game_unit|bricks[3]   ; game_logic:game_unit|bricks[3]   ; clk_divider:clk_unit|clk_60Hz ; clk_divider:clk_unit|clk_60Hz ; 0.000        ; 0.000      ; 0.367      ;
; 0.215 ; game_logic:game_unit|bricks[35]  ; game_logic:game_unit|bricks[35]  ; clk_divider:clk_unit|clk_60Hz ; clk_divider:clk_unit|clk_60Hz ; 0.000        ; 0.000      ; 0.367      ;
; 0.215 ; game_logic:game_unit|bricks[51]  ; game_logic:game_unit|bricks[51]  ; clk_divider:clk_unit|clk_60Hz ; clk_divider:clk_unit|clk_60Hz ; 0.000        ; 0.000      ; 0.367      ;
; 0.215 ; game_logic:game_unit|bricks[34]  ; game_logic:game_unit|bricks[34]  ; clk_divider:clk_unit|clk_60Hz ; clk_divider:clk_unit|clk_60Hz ; 0.000        ; 0.000      ; 0.367      ;
; 0.215 ; game_logic:game_unit|bricks[2]   ; game_logic:game_unit|bricks[2]   ; clk_divider:clk_unit|clk_60Hz ; clk_divider:clk_unit|clk_60Hz ; 0.000        ; 0.000      ; 0.367      ;
; 0.215 ; game_logic:game_unit|bricks[50]  ; game_logic:game_unit|bricks[50]  ; clk_divider:clk_unit|clk_60Hz ; clk_divider:clk_unit|clk_60Hz ; 0.000        ; 0.000      ; 0.367      ;
; 0.215 ; game_logic:game_unit|bricks[18]  ; game_logic:game_unit|bricks[18]  ; clk_divider:clk_unit|clk_60Hz ; clk_divider:clk_unit|clk_60Hz ; 0.000        ; 0.000      ; 0.367      ;
; 0.215 ; game_logic:game_unit|bricks[14]  ; game_logic:game_unit|bricks[14]  ; clk_divider:clk_unit|clk_60Hz ; clk_divider:clk_unit|clk_60Hz ; 0.000        ; 0.000      ; 0.367      ;
; 0.215 ; game_logic:game_unit|bricks[46]  ; game_logic:game_unit|bricks[46]  ; clk_divider:clk_unit|clk_60Hz ; clk_divider:clk_unit|clk_60Hz ; 0.000        ; 0.000      ; 0.367      ;
; 0.215 ; game_logic:game_unit|bricks[62]  ; game_logic:game_unit|bricks[62]  ; clk_divider:clk_unit|clk_60Hz ; clk_divider:clk_unit|clk_60Hz ; 0.000        ; 0.000      ; 0.367      ;
; 0.215 ; game_logic:game_unit|bricks[30]  ; game_logic:game_unit|bricks[30]  ; clk_divider:clk_unit|clk_60Hz ; clk_divider:clk_unit|clk_60Hz ; 0.000        ; 0.000      ; 0.367      ;
; 0.215 ; game_logic:game_unit|bricks[44]  ; game_logic:game_unit|bricks[44]  ; clk_divider:clk_unit|clk_60Hz ; clk_divider:clk_unit|clk_60Hz ; 0.000        ; 0.000      ; 0.367      ;
; 0.215 ; game_logic:game_unit|bricks[12]  ; game_logic:game_unit|bricks[12]  ; clk_divider:clk_unit|clk_60Hz ; clk_divider:clk_unit|clk_60Hz ; 0.000        ; 0.000      ; 0.367      ;
; 0.215 ; game_logic:game_unit|bricks[28]  ; game_logic:game_unit|bricks[28]  ; clk_divider:clk_unit|clk_60Hz ; clk_divider:clk_unit|clk_60Hz ; 0.000        ; 0.000      ; 0.367      ;
; 0.215 ; game_logic:game_unit|bricks[60]  ; game_logic:game_unit|bricks[60]  ; clk_divider:clk_unit|clk_60Hz ; clk_divider:clk_unit|clk_60Hz ; 0.000        ; 0.000      ; 0.367      ;
; 0.215 ; game_logic:game_unit|bricks[31]  ; game_logic:game_unit|bricks[31]  ; clk_divider:clk_unit|clk_60Hz ; clk_divider:clk_unit|clk_60Hz ; 0.000        ; 0.000      ; 0.367      ;
; 0.215 ; game_logic:game_unit|bricks[15]  ; game_logic:game_unit|bricks[15]  ; clk_divider:clk_unit|clk_60Hz ; clk_divider:clk_unit|clk_60Hz ; 0.000        ; 0.000      ; 0.367      ;
; 0.215 ; game_logic:game_unit|bricks[47]  ; game_logic:game_unit|bricks[47]  ; clk_divider:clk_unit|clk_60Hz ; clk_divider:clk_unit|clk_60Hz ; 0.000        ; 0.000      ; 0.367      ;
; 0.215 ; game_logic:game_unit|bricks[63]  ; game_logic:game_unit|bricks[63]  ; clk_divider:clk_unit|clk_60Hz ; clk_divider:clk_unit|clk_60Hz ; 0.000        ; 0.000      ; 0.367      ;
; 0.215 ; game_logic:game_unit|bricks[29]  ; game_logic:game_unit|bricks[29]  ; clk_divider:clk_unit|clk_60Hz ; clk_divider:clk_unit|clk_60Hz ; 0.000        ; 0.000      ; 0.367      ;
; 0.215 ; game_logic:game_unit|bricks[13]  ; game_logic:game_unit|bricks[13]  ; clk_divider:clk_unit|clk_60Hz ; clk_divider:clk_unit|clk_60Hz ; 0.000        ; 0.000      ; 0.367      ;
; 0.215 ; game_logic:game_unit|bricks[45]  ; game_logic:game_unit|bricks[45]  ; clk_divider:clk_unit|clk_60Hz ; clk_divider:clk_unit|clk_60Hz ; 0.000        ; 0.000      ; 0.367      ;
; 0.215 ; game_logic:game_unit|bricks[61]  ; game_logic:game_unit|bricks[61]  ; clk_divider:clk_unit|clk_60Hz ; clk_divider:clk_unit|clk_60Hz ; 0.000        ; 0.000      ; 0.367      ;
; 0.215 ; game_logic:game_unit|bricks[23]  ; game_logic:game_unit|bricks[23]  ; clk_divider:clk_unit|clk_60Hz ; clk_divider:clk_unit|clk_60Hz ; 0.000        ; 0.000      ; 0.367      ;
; 0.215 ; game_logic:game_unit|bricks[7]   ; game_logic:game_unit|bricks[7]   ; clk_divider:clk_unit|clk_60Hz ; clk_divider:clk_unit|clk_60Hz ; 0.000        ; 0.000      ; 0.367      ;
; 0.215 ; game_logic:game_unit|bricks[55]  ; game_logic:game_unit|bricks[55]  ; clk_divider:clk_unit|clk_60Hz ; clk_divider:clk_unit|clk_60Hz ; 0.000        ; 0.000      ; 0.367      ;
; 0.215 ; game_logic:game_unit|bricks[39]  ; game_logic:game_unit|bricks[39]  ; clk_divider:clk_unit|clk_60Hz ; clk_divider:clk_unit|clk_60Hz ; 0.000        ; 0.000      ; 0.367      ;
; 0.215 ; game_logic:game_unit|bricks[6]   ; game_logic:game_unit|bricks[6]   ; clk_divider:clk_unit|clk_60Hz ; clk_divider:clk_unit|clk_60Hz ; 0.000        ; 0.000      ; 0.367      ;
; 0.215 ; game_logic:game_unit|bricks[38]  ; game_logic:game_unit|bricks[38]  ; clk_divider:clk_unit|clk_60Hz ; clk_divider:clk_unit|clk_60Hz ; 0.000        ; 0.000      ; 0.367      ;
; 0.215 ; game_logic:game_unit|bricks[54]  ; game_logic:game_unit|bricks[54]  ; clk_divider:clk_unit|clk_60Hz ; clk_divider:clk_unit|clk_60Hz ; 0.000        ; 0.000      ; 0.367      ;
; 0.215 ; game_logic:game_unit|bricks[22]  ; game_logic:game_unit|bricks[22]  ; clk_divider:clk_unit|clk_60Hz ; clk_divider:clk_unit|clk_60Hz ; 0.000        ; 0.000      ; 0.367      ;
; 0.215 ; game_logic:game_unit|bricks[36]  ; game_logic:game_unit|bricks[36]  ; clk_divider:clk_unit|clk_60Hz ; clk_divider:clk_unit|clk_60Hz ; 0.000        ; 0.000      ; 0.367      ;
; 0.215 ; game_logic:game_unit|bricks[4]   ; game_logic:game_unit|bricks[4]   ; clk_divider:clk_unit|clk_60Hz ; clk_divider:clk_unit|clk_60Hz ; 0.000        ; 0.000      ; 0.367      ;
; 0.215 ; game_logic:game_unit|bricks[52]  ; game_logic:game_unit|bricks[52]  ; clk_divider:clk_unit|clk_60Hz ; clk_divider:clk_unit|clk_60Hz ; 0.000        ; 0.000      ; 0.367      ;
; 0.215 ; game_logic:game_unit|bricks[20]  ; game_logic:game_unit|bricks[20]  ; clk_divider:clk_unit|clk_60Hz ; clk_divider:clk_unit|clk_60Hz ; 0.000        ; 0.000      ; 0.367      ;
; 0.215 ; game_logic:game_unit|bricks[21]  ; game_logic:game_unit|bricks[21]  ; clk_divider:clk_unit|clk_60Hz ; clk_divider:clk_unit|clk_60Hz ; 0.000        ; 0.000      ; 0.367      ;
; 0.215 ; game_logic:game_unit|bricks[5]   ; game_logic:game_unit|bricks[5]   ; clk_divider:clk_unit|clk_60Hz ; clk_divider:clk_unit|clk_60Hz ; 0.000        ; 0.000      ; 0.367      ;
; 0.215 ; game_logic:game_unit|bricks[53]  ; game_logic:game_unit|bricks[53]  ; clk_divider:clk_unit|clk_60Hz ; clk_divider:clk_unit|clk_60Hz ; 0.000        ; 0.000      ; 0.367      ;
; 0.215 ; game_logic:game_unit|bricks[37]  ; game_logic:game_unit|bricks[37]  ; clk_divider:clk_unit|clk_60Hz ; clk_divider:clk_unit|clk_60Hz ; 0.000        ; 0.000      ; 0.367      ;
; 0.215 ; game_logic:game_unit|bricks[66]  ; game_logic:game_unit|bricks[66]  ; clk_divider:clk_unit|clk_60Hz ; clk_divider:clk_unit|clk_60Hz ; 0.000        ; 0.000      ; 0.367      ;
; 0.215 ; game_logic:game_unit|bricks[70]  ; game_logic:game_unit|bricks[70]  ; clk_divider:clk_unit|clk_60Hz ; clk_divider:clk_unit|clk_60Hz ; 0.000        ; 0.000      ; 0.367      ;
; 0.215 ; game_logic:game_unit|bricks[78]  ; game_logic:game_unit|bricks[78]  ; clk_divider:clk_unit|clk_60Hz ; clk_divider:clk_unit|clk_60Hz ; 0.000        ; 0.000      ; 0.367      ;
; 0.215 ; game_logic:game_unit|bricks[74]  ; game_logic:game_unit|bricks[74]  ; clk_divider:clk_unit|clk_60Hz ; clk_divider:clk_unit|clk_60Hz ; 0.000        ; 0.000      ; 0.367      ;
; 0.215 ; game_logic:game_unit|bricks[73]  ; game_logic:game_unit|bricks[73]  ; clk_divider:clk_unit|clk_60Hz ; clk_divider:clk_unit|clk_60Hz ; 0.000        ; 0.000      ; 0.367      ;
; 0.215 ; game_logic:game_unit|bricks[65]  ; game_logic:game_unit|bricks[65]  ; clk_divider:clk_unit|clk_60Hz ; clk_divider:clk_unit|clk_60Hz ; 0.000        ; 0.000      ; 0.367      ;
; 0.215 ; game_logic:game_unit|bricks[69]  ; game_logic:game_unit|bricks[69]  ; clk_divider:clk_unit|clk_60Hz ; clk_divider:clk_unit|clk_60Hz ; 0.000        ; 0.000      ; 0.367      ;
; 0.215 ; game_logic:game_unit|bricks[77]  ; game_logic:game_unit|bricks[77]  ; clk_divider:clk_unit|clk_60Hz ; clk_divider:clk_unit|clk_60Hz ; 0.000        ; 0.000      ; 0.367      ;
; 0.215 ; game_logic:game_unit|bricks[64]  ; game_logic:game_unit|bricks[64]  ; clk_divider:clk_unit|clk_60Hz ; clk_divider:clk_unit|clk_60Hz ; 0.000        ; 0.000      ; 0.367      ;
; 0.215 ; game_logic:game_unit|bricks[68]  ; game_logic:game_unit|bricks[68]  ; clk_divider:clk_unit|clk_60Hz ; clk_divider:clk_unit|clk_60Hz ; 0.000        ; 0.000      ; 0.367      ;
; 0.215 ; game_logic:game_unit|bricks[72]  ; game_logic:game_unit|bricks[72]  ; clk_divider:clk_unit|clk_60Hz ; clk_divider:clk_unit|clk_60Hz ; 0.000        ; 0.000      ; 0.367      ;
; 0.215 ; game_logic:game_unit|bricks[76]  ; game_logic:game_unit|bricks[76]  ; clk_divider:clk_unit|clk_60Hz ; clk_divider:clk_unit|clk_60Hz ; 0.000        ; 0.000      ; 0.367      ;
; 0.215 ; game_logic:game_unit|bricks[75]  ; game_logic:game_unit|bricks[75]  ; clk_divider:clk_unit|clk_60Hz ; clk_divider:clk_unit|clk_60Hz ; 0.000        ; 0.000      ; 0.367      ;
; 0.215 ; game_logic:game_unit|bricks[67]  ; game_logic:game_unit|bricks[67]  ; clk_divider:clk_unit|clk_60Hz ; clk_divider:clk_unit|clk_60Hz ; 0.000        ; 0.000      ; 0.367      ;
; 0.215 ; game_logic:game_unit|bricks[79]  ; game_logic:game_unit|bricks[79]  ; clk_divider:clk_unit|clk_60Hz ; clk_divider:clk_unit|clk_60Hz ; 0.000        ; 0.000      ; 0.367      ;
; 0.215 ; game_logic:game_unit|bricks[71]  ; game_logic:game_unit|bricks[71]  ; clk_divider:clk_unit|clk_60Hz ; clk_divider:clk_unit|clk_60Hz ; 0.000        ; 0.000      ; 0.367      ;
; 0.215 ; game_logic:game_unit|bricks[87]  ; game_logic:game_unit|bricks[87]  ; clk_divider:clk_unit|clk_60Hz ; clk_divider:clk_unit|clk_60Hz ; 0.000        ; 0.000      ; 0.367      ;
; 0.215 ; game_logic:game_unit|bricks[84]  ; game_logic:game_unit|bricks[84]  ; clk_divider:clk_unit|clk_60Hz ; clk_divider:clk_unit|clk_60Hz ; 0.000        ; 0.000      ; 0.367      ;
; 0.215 ; game_logic:game_unit|bricks[85]  ; game_logic:game_unit|bricks[85]  ; clk_divider:clk_unit|clk_60Hz ; clk_divider:clk_unit|clk_60Hz ; 0.000        ; 0.000      ; 0.367      ;
; 0.215 ; game_logic:game_unit|bricks[86]  ; game_logic:game_unit|bricks[86]  ; clk_divider:clk_unit|clk_60Hz ; clk_divider:clk_unit|clk_60Hz ; 0.000        ; 0.000      ; 0.367      ;
; 0.215 ; game_logic:game_unit|bricks[80]  ; game_logic:game_unit|bricks[80]  ; clk_divider:clk_unit|clk_60Hz ; clk_divider:clk_unit|clk_60Hz ; 0.000        ; 0.000      ; 0.367      ;
; 0.215 ; game_logic:game_unit|bricks[82]  ; game_logic:game_unit|bricks[82]  ; clk_divider:clk_unit|clk_60Hz ; clk_divider:clk_unit|clk_60Hz ; 0.000        ; 0.000      ; 0.367      ;
; 0.215 ; game_logic:game_unit|bricks[81]  ; game_logic:game_unit|bricks[81]  ; clk_divider:clk_unit|clk_60Hz ; clk_divider:clk_unit|clk_60Hz ; 0.000        ; 0.000      ; 0.367      ;
; 0.215 ; game_logic:game_unit|bricks[83]  ; game_logic:game_unit|bricks[83]  ; clk_divider:clk_unit|clk_60Hz ; clk_divider:clk_unit|clk_60Hz ; 0.000        ; 0.000      ; 0.367      ;
; 0.215 ; game_logic:game_unit|bricks[91]  ; game_logic:game_unit|bricks[91]  ; clk_divider:clk_unit|clk_60Hz ; clk_divider:clk_unit|clk_60Hz ; 0.000        ; 0.000      ; 0.367      ;
; 0.215 ; game_logic:game_unit|bricks[90]  ; game_logic:game_unit|bricks[90]  ; clk_divider:clk_unit|clk_60Hz ; clk_divider:clk_unit|clk_60Hz ; 0.000        ; 0.000      ; 0.367      ;
; 0.215 ; game_logic:game_unit|bricks[88]  ; game_logic:game_unit|bricks[88]  ; clk_divider:clk_unit|clk_60Hz ; clk_divider:clk_unit|clk_60Hz ; 0.000        ; 0.000      ; 0.367      ;
; 0.215 ; game_logic:game_unit|bricks[89]  ; game_logic:game_unit|bricks[89]  ; clk_divider:clk_unit|clk_60Hz ; clk_divider:clk_unit|clk_60Hz ; 0.000        ; 0.000      ; 0.367      ;
; 0.215 ; game_logic:game_unit|bricks[95]  ; game_logic:game_unit|bricks[95]  ; clk_divider:clk_unit|clk_60Hz ; clk_divider:clk_unit|clk_60Hz ; 0.000        ; 0.000      ; 0.367      ;
; 0.215 ; game_logic:game_unit|bricks[94]  ; game_logic:game_unit|bricks[94]  ; clk_divider:clk_unit|clk_60Hz ; clk_divider:clk_unit|clk_60Hz ; 0.000        ; 0.000      ; 0.367      ;
; 0.215 ; game_logic:game_unit|bricks[92]  ; game_logic:game_unit|bricks[92]  ; clk_divider:clk_unit|clk_60Hz ; clk_divider:clk_unit|clk_60Hz ; 0.000        ; 0.000      ; 0.367      ;
; 0.215 ; game_logic:game_unit|bricks[93]  ; game_logic:game_unit|bricks[93]  ; clk_divider:clk_unit|clk_60Hz ; clk_divider:clk_unit|clk_60Hz ; 0.000        ; 0.000      ; 0.367      ;
; 0.215 ; game_logic:game_unit|bricks[101] ; game_logic:game_unit|bricks[101] ; clk_divider:clk_unit|clk_60Hz ; clk_divider:clk_unit|clk_60Hz ; 0.000        ; 0.000      ; 0.367      ;
; 0.215 ; game_logic:game_unit|bricks[97]  ; game_logic:game_unit|bricks[97]  ; clk_divider:clk_unit|clk_60Hz ; clk_divider:clk_unit|clk_60Hz ; 0.000        ; 0.000      ; 0.367      ;
+-------+----------------------------------+----------------------------------+-------------------------------+-------------------------------+--------------+------------+------------+


+------------------------------------------------------------------------------------------------------------------------------------------------------------------------------------+
; Fast Model Hold: 'clk_divider:clk_unit|clk_25M'                                                                                                                                    ;
+-------+----------------------------------+----------------------------------+------------------------------+------------------------------+--------------+------------+------------+
; Slack ; From Node                        ; To Node                          ; Launch Clock                 ; Latch Clock                  ; Relationship ; Clock Skew ; Data Delay ;
+-------+----------------------------------+----------------------------------+------------------------------+------------------------------+--------------+------------+------------+
; 0.365 ; vga_sync:vga_unit|v_count_reg[5] ; vga_sync:vga_unit|v_count_reg[5] ; clk_divider:clk_unit|clk_25M ; clk_divider:clk_unit|clk_25M ; 0.000        ; 0.000      ; 0.517      ;
; 0.366 ; vga_sync:vga_unit|h_count_reg[4] ; vga_sync:vga_unit|h_count_reg[4] ; clk_divider:clk_unit|clk_25M ; clk_divider:clk_unit|clk_25M ; 0.000        ; 0.000      ; 0.518      ;
; 0.366 ; vga_sync:vga_unit|h_count_reg[6] ; vga_sync:vga_unit|h_count_reg[6] ; clk_divider:clk_unit|clk_25M ; clk_divider:clk_unit|clk_25M ; 0.000        ; 0.000      ; 0.518      ;
; 0.368 ; vga_sync:vga_unit|h_count_reg[2] ; vga_sync:vga_unit|h_count_reg[2] ; clk_divider:clk_unit|clk_25M ; clk_divider:clk_unit|clk_25M ; 0.000        ; 0.000      ; 0.520      ;
; 0.371 ; vga_sync:vga_unit|v_count_reg[7] ; vga_sync:vga_unit|v_count_reg[7] ; clk_divider:clk_unit|clk_25M ; clk_divider:clk_unit|clk_25M ; 0.000        ; 0.000      ; 0.523      ;
; 0.373 ; vga_sync:vga_unit|v_count_reg[1] ; vga_sync:vga_unit|v_count_reg[1] ; clk_divider:clk_unit|clk_25M ; clk_divider:clk_unit|clk_25M ; 0.000        ; 0.000      ; 0.525      ;
; 0.376 ; vga_sync:vga_unit|h_count_reg[3] ; vga_sync:vga_unit|h_count_reg[3] ; clk_divider:clk_unit|clk_25M ; clk_divider:clk_unit|clk_25M ; 0.000        ; 0.000      ; 0.528      ;
; 0.376 ; vga_sync:vga_unit|v_count_reg[4] ; vga_sync:vga_unit|v_count_reg[4] ; clk_divider:clk_unit|clk_25M ; clk_divider:clk_unit|clk_25M ; 0.000        ; 0.000      ; 0.528      ;
; 0.378 ; vga_sync:vga_unit|h_count_reg[7] ; vga_sync:vga_unit|h_count_reg[7] ; clk_divider:clk_unit|clk_25M ; clk_divider:clk_unit|clk_25M ; 0.000        ; 0.000      ; 0.530      ;
; 0.380 ; vga_sync:vga_unit|h_count_reg[0] ; vga_sync:vga_unit|h_count_reg[0] ; clk_divider:clk_unit|clk_25M ; clk_divider:clk_unit|clk_25M ; 0.000        ; 0.000      ; 0.532      ;
; 0.380 ; vga_sync:vga_unit|h_count_reg[1] ; vga_sync:vga_unit|h_count_reg[1] ; clk_divider:clk_unit|clk_25M ; clk_divider:clk_unit|clk_25M ; 0.000        ; 0.000      ; 0.532      ;
; 0.380 ; vga_sync:vga_unit|v_count_reg[8] ; vga_sync:vga_unit|v_count_reg[8] ; clk_divider:clk_unit|clk_25M ; clk_divider:clk_unit|clk_25M ; 0.000        ; 0.000      ; 0.532      ;
; 0.382 ; vga_sync:vga_unit|v_count_reg[6] ; vga_sync:vga_unit|v_count_reg[6] ; clk_divider:clk_unit|clk_25M ; clk_divider:clk_unit|clk_25M ; 0.000        ; 0.000      ; 0.534      ;
; 0.420 ; vga_sync:vga_unit|v_count_reg[9] ; vga_sync:vga_unit|v_count_reg[9] ; clk_divider:clk_unit|clk_25M ; clk_divider:clk_unit|clk_25M ; 0.000        ; 0.000      ; 0.572      ;
; 0.428 ; vga_sync:vga_unit|h_count_reg[9] ; vga_sync:vga_unit|h_count_reg[9] ; clk_divider:clk_unit|clk_25M ; clk_divider:clk_unit|clk_25M ; 0.000        ; 0.000      ; 0.580      ;
; 0.434 ; vga_sync:vga_unit|v_count_reg[3] ; vga_sync:vga_unit|v_count_reg[0] ; clk_divider:clk_unit|clk_25M ; clk_divider:clk_unit|clk_25M ; 0.000        ; 0.000      ; 0.586      ;
; 0.489 ; vga_sync:vga_unit|v_count_reg[7] ; vga_sync:vga_unit|v_count_reg[9] ; clk_divider:clk_unit|clk_25M ; clk_divider:clk_unit|clk_25M ; 0.000        ; 0.000      ; 0.641      ;
; 0.489 ; vga_sync:vga_unit|v_count_reg[7] ; vga_sync:vga_unit|v_count_reg[0] ; clk_divider:clk_unit|clk_25M ; clk_divider:clk_unit|clk_25M ; 0.000        ; 0.000      ; 0.641      ;
; 0.491 ; vga_sync:vga_unit|v_count_reg[7] ; vga_sync:vga_unit|v_count_reg[3] ; clk_divider:clk_unit|clk_25M ; clk_divider:clk_unit|clk_25M ; 0.000        ; 0.000      ; 0.643      ;
; 0.504 ; vga_sync:vga_unit|v_count_reg[0] ; vga_sync:vga_unit|v_count_reg[1] ; clk_divider:clk_unit|clk_25M ; clk_divider:clk_unit|clk_25M ; 0.000        ; 0.000      ; 0.656      ;
; 0.504 ; vga_sync:vga_unit|v_count_reg[3] ; vga_sync:vga_unit|v_count_reg[4] ; clk_divider:clk_unit|clk_25M ; clk_divider:clk_unit|clk_25M ; 0.000        ; 0.000      ; 0.656      ;
; 0.504 ; vga_sync:vga_unit|h_count_reg[6] ; vga_sync:vga_unit|h_count_reg[7] ; clk_divider:clk_unit|clk_25M ; clk_divider:clk_unit|clk_25M ; 0.000        ; 0.000      ; 0.656      ;
; 0.508 ; vga_sync:vga_unit|h_count_reg[5] ; vga_sync:vga_unit|h_count_reg[6] ; clk_divider:clk_unit|clk_25M ; clk_divider:clk_unit|clk_25M ; 0.000        ; 0.000      ; 0.660      ;
; 0.509 ; vga_sync:vga_unit|v_count_reg[7] ; vga_sync:vga_unit|v_count_reg[8] ; clk_divider:clk_unit|clk_25M ; clk_divider:clk_unit|clk_25M ; 0.000        ; 0.000      ; 0.661      ;
; 0.516 ; vga_sync:vga_unit|v_count_reg[4] ; vga_sync:vga_unit|v_count_reg[5] ; clk_divider:clk_unit|clk_25M ; clk_divider:clk_unit|clk_25M ; 0.000        ; 0.000      ; 0.668      ;
; 0.516 ; vga_sync:vga_unit|h_count_reg[3] ; vga_sync:vga_unit|h_count_reg[4] ; clk_divider:clk_unit|clk_25M ; clk_divider:clk_unit|clk_25M ; 0.000        ; 0.000      ; 0.668      ;
; 0.520 ; vga_sync:vga_unit|h_count_reg[1] ; vga_sync:vga_unit|h_count_reg[2] ; clk_divider:clk_unit|clk_25M ; clk_divider:clk_unit|clk_25M ; 0.000        ; 0.000      ; 0.672      ;
; 0.520 ; vga_sync:vga_unit|h_count_reg[0] ; vga_sync:vga_unit|h_count_reg[1] ; clk_divider:clk_unit|clk_25M ; clk_divider:clk_unit|clk_25M ; 0.000        ; 0.000      ; 0.672      ;
; 0.522 ; vga_sync:vga_unit|v_count_reg[6] ; vga_sync:vga_unit|v_count_reg[7] ; clk_divider:clk_unit|clk_25M ; clk_divider:clk_unit|clk_25M ; 0.000        ; 0.000      ; 0.674      ;
; 0.530 ; vga_sync:vga_unit|v_count_reg[2] ; vga_sync:vga_unit|v_count_reg[4] ; clk_divider:clk_unit|clk_25M ; clk_divider:clk_unit|clk_25M ; 0.000        ; 0.000      ; 0.682      ;
; 0.535 ; vga_sync:vga_unit|v_count_reg[3] ; vga_sync:vga_unit|v_count_reg[3] ; clk_divider:clk_unit|clk_25M ; clk_divider:clk_unit|clk_25M ; 0.000        ; 0.000      ; 0.687      ;
; 0.537 ; vga_sync:vga_unit|h_count_reg[8] ; vga_sync:vga_unit|h_count_reg[8] ; clk_divider:clk_unit|clk_25M ; clk_divider:clk_unit|clk_25M ; 0.000        ; 0.000      ; 0.689      ;
; 0.539 ; vga_sync:vga_unit|h_count_reg[4] ; vga_sync:vga_unit|h_count_reg[6] ; clk_divider:clk_unit|clk_25M ; clk_divider:clk_unit|clk_25M ; 0.000        ; 0.000      ; 0.691      ;
; 0.539 ; vga_sync:vga_unit|v_count_reg[3] ; vga_sync:vga_unit|v_count_reg[5] ; clk_divider:clk_unit|clk_25M ; clk_divider:clk_unit|clk_25M ; 0.000        ; 0.000      ; 0.691      ;
; 0.542 ; vga_sync:vga_unit|v_count_reg[3] ; vga_sync:vga_unit|v_count_reg[2] ; clk_divider:clk_unit|clk_25M ; clk_divider:clk_unit|clk_25M ; 0.000        ; 0.000      ; 0.694      ;
; 0.543 ; vga_sync:vga_unit|v_count_reg[6] ; vga_sync:vga_unit|v_count_reg[9] ; clk_divider:clk_unit|clk_25M ; clk_divider:clk_unit|clk_25M ; 0.000        ; 0.000      ; 0.695      ;
; 0.543 ; vga_sync:vga_unit|v_count_reg[6] ; vga_sync:vga_unit|v_count_reg[0] ; clk_divider:clk_unit|clk_25M ; clk_divider:clk_unit|clk_25M ; 0.000        ; 0.000      ; 0.695      ;
; 0.543 ; vga_sync:vga_unit|h_count_reg[5] ; vga_sync:vga_unit|h_count_reg[7] ; clk_divider:clk_unit|clk_25M ; clk_divider:clk_unit|clk_25M ; 0.000        ; 0.000      ; 0.695      ;
; 0.544 ; vga_sync:vga_unit|h_count_reg[8] ; vga_sync:vga_unit|h_count_reg[5] ; clk_divider:clk_unit|clk_25M ; clk_divider:clk_unit|clk_25M ; 0.000        ; 0.000      ; 0.696      ;
; 0.545 ; vga_sync:vga_unit|v_count_reg[6] ; vga_sync:vga_unit|v_count_reg[3] ; clk_divider:clk_unit|clk_25M ; clk_divider:clk_unit|clk_25M ; 0.000        ; 0.000      ; 0.697      ;
; 0.551 ; vga_sync:vga_unit|v_count_reg[3] ; vga_sync:vga_unit|v_count_reg[9] ; clk_divider:clk_unit|clk_25M ; clk_divider:clk_unit|clk_25M ; 0.000        ; 0.000      ; 0.703      ;
; 0.555 ; vga_sync:vga_unit|h_count_reg[0] ; vga_sync:vga_unit|h_count_reg[2] ; clk_divider:clk_unit|clk_25M ; clk_divider:clk_unit|clk_25M ; 0.000        ; 0.000      ; 0.707      ;
; 0.557 ; vga_sync:vga_unit|v_count_reg[6] ; vga_sync:vga_unit|v_count_reg[8] ; clk_divider:clk_unit|clk_25M ; clk_divider:clk_unit|clk_25M ; 0.000        ; 0.000      ; 0.709      ;
; 0.558 ; vga_sync:vga_unit|v_count_reg[5] ; vga_sync:vga_unit|v_count_reg[6] ; clk_divider:clk_unit|clk_25M ; clk_divider:clk_unit|clk_25M ; 0.000        ; 0.000      ; 0.710      ;
; 0.561 ; vga_sync:vga_unit|h_count_reg[2] ; vga_sync:vga_unit|h_count_reg[3] ; clk_divider:clk_unit|clk_25M ; clk_divider:clk_unit|clk_25M ; 0.000        ; 0.000      ; 0.713      ;
; 0.564 ; vga_sync:vga_unit|v_count_reg[0] ; vga_sync:vga_unit|v_count_reg[0] ; clk_divider:clk_unit|clk_25M ; clk_divider:clk_unit|clk_25M ; 0.000        ; 0.000      ; 0.716      ;
; 0.565 ; vga_sync:vga_unit|v_count_reg[2] ; vga_sync:vga_unit|v_count_reg[5] ; clk_divider:clk_unit|clk_25M ; clk_divider:clk_unit|clk_25M ; 0.000        ; 0.000      ; 0.717      ;
; 0.566 ; vga_sync:vga_unit|h_count_reg[0] ; vga_sync:vga_unit|h_count_reg[5] ; clk_divider:clk_unit|clk_25M ; clk_divider:clk_unit|clk_25M ; 0.000        ; 0.000      ; 0.718      ;
; 0.572 ; vga_sync:vga_unit|v_count_reg[7] ; vga_sync:vga_unit|v_count_reg[2] ; clk_divider:clk_unit|clk_25M ; clk_divider:clk_unit|clk_25M ; 0.000        ; 0.000      ; 0.724      ;
; 0.574 ; vga_sync:vga_unit|h_count_reg[4] ; vga_sync:vga_unit|h_count_reg[7] ; clk_divider:clk_unit|clk_25M ; clk_divider:clk_unit|clk_25M ; 0.000        ; 0.000      ; 0.726      ;
; 0.583 ; vga_sync:vga_unit|v_count_reg[1] ; vga_sync:vga_unit|v_count_reg[4] ; clk_divider:clk_unit|clk_25M ; clk_divider:clk_unit|clk_25M ; 0.000        ; 0.000      ; 0.735      ;
; 0.586 ; vga_sync:vga_unit|h_count_reg[3] ; vga_sync:vga_unit|h_count_reg[6] ; clk_divider:clk_unit|clk_25M ; clk_divider:clk_unit|clk_25M ; 0.000        ; 0.000      ; 0.738      ;
; 0.593 ; vga_sync:vga_unit|v_count_reg[5] ; vga_sync:vga_unit|v_count_reg[7] ; clk_divider:clk_unit|clk_25M ; clk_divider:clk_unit|clk_25M ; 0.000        ; 0.000      ; 0.745      ;
; 0.596 ; vga_sync:vga_unit|h_count_reg[2] ; vga_sync:vga_unit|h_count_reg[4] ; clk_divider:clk_unit|clk_25M ; clk_divider:clk_unit|clk_25M ; 0.000        ; 0.000      ; 0.748      ;
; 0.600 ; vga_sync:vga_unit|v_count_reg[2] ; vga_sync:vga_unit|v_count_reg[2] ; clk_divider:clk_unit|clk_25M ; clk_divider:clk_unit|clk_25M ; 0.000        ; 0.000      ; 0.752      ;
; 0.606 ; vga_sync:vga_unit|v_count_reg[5] ; vga_sync:vga_unit|v_count_reg[9] ; clk_divider:clk_unit|clk_25M ; clk_divider:clk_unit|clk_25M ; 0.000        ; 0.000      ; 0.758      ;
; 0.606 ; vga_sync:vga_unit|v_count_reg[5] ; vga_sync:vga_unit|v_count_reg[0] ; clk_divider:clk_unit|clk_25M ; clk_divider:clk_unit|clk_25M ; 0.000        ; 0.000      ; 0.758      ;
; 0.606 ; vga_sync:vga_unit|h_count_reg[1] ; vga_sync:vga_unit|h_count_reg[5] ; clk_divider:clk_unit|clk_25M ; clk_divider:clk_unit|clk_25M ; 0.000        ; 0.000      ; 0.758      ;
; 0.608 ; vga_sync:vga_unit|v_count_reg[5] ; vga_sync:vga_unit|v_count_reg[3] ; clk_divider:clk_unit|clk_25M ; clk_divider:clk_unit|clk_25M ; 0.000        ; 0.000      ; 0.760      ;
; 0.609 ; vga_sync:vga_unit|v_count_reg[0] ; vga_sync:vga_unit|v_count_reg[4] ; clk_divider:clk_unit|clk_25M ; clk_divider:clk_unit|clk_25M ; 0.000        ; 0.000      ; 0.761      ;
; 0.610 ; vga_sync:vga_unit|v_count_reg[4] ; vga_sync:vga_unit|v_count_reg[6] ; clk_divider:clk_unit|clk_25M ; clk_divider:clk_unit|clk_25M ; 0.000        ; 0.000      ; 0.762      ;
; 0.612 ; vga_sync:vga_unit|v_count_reg[8] ; vga_sync:vga_unit|v_count_reg[2] ; clk_divider:clk_unit|clk_25M ; clk_divider:clk_unit|clk_25M ; 0.000        ; 0.000      ; 0.764      ;
; 0.614 ; vga_sync:vga_unit|h_count_reg[1] ; vga_sync:vga_unit|h_count_reg[3] ; clk_divider:clk_unit|clk_25M ; clk_divider:clk_unit|clk_25M ; 0.000        ; 0.000      ; 0.766      ;
; 0.618 ; vga_sync:vga_unit|v_count_reg[1] ; vga_sync:vga_unit|v_count_reg[5] ; clk_divider:clk_unit|clk_25M ; clk_divider:clk_unit|clk_25M ; 0.000        ; 0.000      ; 0.770      ;
; 0.619 ; vga_sync:vga_unit|v_count_reg[4] ; vga_sync:vga_unit|v_count_reg[9] ; clk_divider:clk_unit|clk_25M ; clk_divider:clk_unit|clk_25M ; 0.000        ; 0.000      ; 0.771      ;
; 0.619 ; vga_sync:vga_unit|v_count_reg[4] ; vga_sync:vga_unit|v_count_reg[0] ; clk_divider:clk_unit|clk_25M ; clk_divider:clk_unit|clk_25M ; 0.000        ; 0.000      ; 0.771      ;
; 0.621 ; vga_sync:vga_unit|v_count_reg[4] ; vga_sync:vga_unit|v_count_reg[3] ; clk_divider:clk_unit|clk_25M ; clk_divider:clk_unit|clk_25M ; 0.000        ; 0.000      ; 0.773      ;
; 0.621 ; vga_sync:vga_unit|h_count_reg[3] ; vga_sync:vga_unit|h_count_reg[7] ; clk_divider:clk_unit|clk_25M ; clk_divider:clk_unit|clk_25M ; 0.000        ; 0.000      ; 0.773      ;
; 0.622 ; vga_sync:vga_unit|h_count_reg[5] ; vga_sync:vga_unit|h_count_reg[5] ; clk_divider:clk_unit|clk_25M ; clk_divider:clk_unit|clk_25M ; 0.000        ; 0.000      ; 0.774      ;
; 0.626 ; vga_sync:vga_unit|v_count_reg[6] ; vga_sync:vga_unit|v_count_reg[2] ; clk_divider:clk_unit|clk_25M ; clk_divider:clk_unit|clk_25M ; 0.000        ; 0.000      ; 0.778      ;
; 0.628 ; vga_sync:vga_unit|v_count_reg[5] ; vga_sync:vga_unit|v_count_reg[8] ; clk_divider:clk_unit|clk_25M ; clk_divider:clk_unit|clk_25M ; 0.000        ; 0.000      ; 0.780      ;
; 0.633 ; vga_sync:vga_unit|v_count_reg[3] ; vga_sync:vga_unit|v_count_reg[6] ; clk_divider:clk_unit|clk_25M ; clk_divider:clk_unit|clk_25M ; 0.000        ; 0.000      ; 0.785      ;
; 0.644 ; vga_sync:vga_unit|v_count_reg[0] ; vga_sync:vga_unit|v_count_reg[5] ; clk_divider:clk_unit|clk_25M ; clk_divider:clk_unit|clk_25M ; 0.000        ; 0.000      ; 0.796      ;
; 0.645 ; vga_sync:vga_unit|v_count_reg[4] ; vga_sync:vga_unit|v_count_reg[7] ; clk_divider:clk_unit|clk_25M ; clk_divider:clk_unit|clk_25M ; 0.000        ; 0.000      ; 0.797      ;
; 0.647 ; vga_sync:vga_unit|v_count_reg[2] ; vga_sync:vga_unit|v_count_reg[0] ; clk_divider:clk_unit|clk_25M ; clk_divider:clk_unit|clk_25M ; 0.000        ; 0.000      ; 0.799      ;
; 0.649 ; vga_sync:vga_unit|h_count_reg[1] ; vga_sync:vga_unit|h_count_reg[4] ; clk_divider:clk_unit|clk_25M ; clk_divider:clk_unit|clk_25M ; 0.000        ; 0.000      ; 0.801      ;
; 0.649 ; vga_sync:vga_unit|h_count_reg[0] ; vga_sync:vga_unit|h_count_reg[3] ; clk_divider:clk_unit|clk_25M ; clk_divider:clk_unit|clk_25M ; 0.000        ; 0.000      ; 0.801      ;
; 0.659 ; vga_sync:vga_unit|v_count_reg[2] ; vga_sync:vga_unit|v_count_reg[6] ; clk_divider:clk_unit|clk_25M ; clk_divider:clk_unit|clk_25M ; 0.000        ; 0.000      ; 0.811      ;
; 0.663 ; vga_sync:vga_unit|h_count_reg[8] ; vga_sync:vga_unit|h_count_reg[9] ; clk_divider:clk_unit|clk_25M ; clk_divider:clk_unit|clk_25M ; 0.000        ; 0.000      ; 0.815      ;
; 0.664 ; vga_sync:vga_unit|v_count_reg[2] ; vga_sync:vga_unit|v_count_reg[3] ; clk_divider:clk_unit|clk_25M ; clk_divider:clk_unit|clk_25M ; 0.000        ; 0.000      ; 0.816      ;
; 0.666 ; vga_sync:vga_unit|h_count_reg[2] ; vga_sync:vga_unit|h_count_reg[6] ; clk_divider:clk_unit|clk_25M ; clk_divider:clk_unit|clk_25M ; 0.000        ; 0.000      ; 0.818      ;
; 0.668 ; vga_sync:vga_unit|v_count_reg[3] ; vga_sync:vga_unit|v_count_reg[7] ; clk_divider:clk_unit|clk_25M ; clk_divider:clk_unit|clk_25M ; 0.000        ; 0.000      ; 0.820      ;
; 0.672 ; vga_sync:vga_unit|v_count_reg[0] ; vga_sync:vga_unit|v_count_reg[2] ; clk_divider:clk_unit|clk_25M ; clk_divider:clk_unit|clk_25M ; 0.000        ; 0.000      ; 0.824      ;
; 0.678 ; vga_sync:vga_unit|h_count_reg[6] ; vga_sync:vga_unit|h_count_reg[5] ; clk_divider:clk_unit|clk_25M ; clk_divider:clk_unit|clk_25M ; 0.000        ; 0.000      ; 0.830      ;
; 0.679 ; vga_sync:vga_unit|h_count_reg[2] ; vga_sync:vga_unit|h_count_reg[5] ; clk_divider:clk_unit|clk_25M ; clk_divider:clk_unit|clk_25M ; 0.000        ; 0.000      ; 0.831      ;
; 0.680 ; vga_sync:vga_unit|v_count_reg[0] ; vga_sync:vga_unit|v_count_reg[3] ; clk_divider:clk_unit|clk_25M ; clk_divider:clk_unit|clk_25M ; 0.000        ; 0.000      ; 0.832      ;
; 0.680 ; vga_sync:vga_unit|v_count_reg[4] ; vga_sync:vga_unit|v_count_reg[8] ; clk_divider:clk_unit|clk_25M ; clk_divider:clk_unit|clk_25M ; 0.000        ; 0.000      ; 0.832      ;
; 0.681 ; vga_sync:vga_unit|v_count_reg[0] ; vga_sync:vga_unit|v_count_reg[9] ; clk_divider:clk_unit|clk_25M ; clk_divider:clk_unit|clk_25M ; 0.000        ; 0.000      ; 0.833      ;
; 0.684 ; vga_sync:vga_unit|h_count_reg[0] ; vga_sync:vga_unit|h_count_reg[4] ; clk_divider:clk_unit|clk_25M ; clk_divider:clk_unit|clk_25M ; 0.000        ; 0.000      ; 0.836      ;
; 0.685 ; vga_sync:vga_unit|h_count_reg[0] ; vga_sync:vga_unit|h_count_reg[9] ; clk_divider:clk_unit|clk_25M ; clk_divider:clk_unit|clk_25M ; 0.000        ; 0.000      ; 0.837      ;
; 0.685 ; vga_sync:vga_unit|h_count_reg[0] ; vga_sync:vga_unit|h_count_reg[8] ; clk_divider:clk_unit|clk_25M ; clk_divider:clk_unit|clk_25M ; 0.000        ; 0.000      ; 0.837      ;
; 0.689 ; vga_sync:vga_unit|v_count_reg[5] ; vga_sync:vga_unit|v_count_reg[2] ; clk_divider:clk_unit|clk_25M ; clk_divider:clk_unit|clk_25M ; 0.000        ; 0.000      ; 0.841      ;
; 0.692 ; vga_sync:vga_unit|h_count_reg[7] ; vga_sync:vga_unit|h_count_reg[8] ; clk_divider:clk_unit|clk_25M ; clk_divider:clk_unit|clk_25M ; 0.000        ; 0.000      ; 0.844      ;
; 0.694 ; vga_sync:vga_unit|v_count_reg[2] ; vga_sync:vga_unit|v_count_reg[7] ; clk_divider:clk_unit|clk_25M ; clk_divider:clk_unit|clk_25M ; 0.000        ; 0.000      ; 0.846      ;
; 0.695 ; vga_sync:vga_unit|v_count_reg[8] ; vga_sync:vga_unit|v_count_reg[9] ; clk_divider:clk_unit|clk_25M ; clk_divider:clk_unit|clk_25M ; 0.000        ; 0.000      ; 0.847      ;
; 0.701 ; vga_sync:vga_unit|v_count_reg[9] ; vga_sync:vga_unit|v_count_reg[2] ; clk_divider:clk_unit|clk_25M ; clk_divider:clk_unit|clk_25M ; 0.000        ; 0.000      ; 0.853      ;
; 0.701 ; vga_sync:vga_unit|h_count_reg[2] ; vga_sync:vga_unit|h_count_reg[7] ; clk_divider:clk_unit|clk_25M ; clk_divider:clk_unit|clk_25M ; 0.000        ; 0.000      ; 0.853      ;
; 0.702 ; vga_sync:vga_unit|v_count_reg[4] ; vga_sync:vga_unit|v_count_reg[2] ; clk_divider:clk_unit|clk_25M ; clk_divider:clk_unit|clk_25M ; 0.000        ; 0.000      ; 0.854      ;
; 0.703 ; vga_sync:vga_unit|v_count_reg[3] ; vga_sync:vga_unit|v_count_reg[8] ; clk_divider:clk_unit|clk_25M ; clk_divider:clk_unit|clk_25M ; 0.000        ; 0.000      ; 0.855      ;
; 0.712 ; vga_sync:vga_unit|v_count_reg[1] ; vga_sync:vga_unit|v_count_reg[6] ; clk_divider:clk_unit|clk_25M ; clk_divider:clk_unit|clk_25M ; 0.000        ; 0.000      ; 0.864      ;
+-------+----------------------------------+----------------------------------+------------------------------+------------------------------+--------------+------------+------------+


+---------------------------------------------------------------------------------------------------------------------------+
; Fast Model Minimum Pulse Width: 'CLOCK_50'                                                                                ;
+--------+--------------+----------------+------------------+----------+------------+---------------------------------------+
; Slack  ; Actual Width ; Required Width ; Type             ; Clock    ; Clock Edge ; Target                                ;
+--------+--------------+----------------+------------------+----------+------------+---------------------------------------+
; -1.380 ; 1.000        ; 2.380          ; Port Rate        ; CLOCK_50 ; Rise       ; CLOCK_50                              ;
; -0.500 ; 0.500        ; 1.000          ; High Pulse Width ; CLOCK_50 ; Rise       ; clk_divider:clk_unit|clk_25M          ;
; -0.500 ; 0.500        ; 1.000          ; Low Pulse Width  ; CLOCK_50 ; Rise       ; clk_divider:clk_unit|clk_25M          ;
; -0.500 ; 0.500        ; 1.000          ; High Pulse Width ; CLOCK_50 ; Rise       ; clk_divider:clk_unit|clk_60Hz         ;
; -0.500 ; 0.500        ; 1.000          ; Low Pulse Width  ; CLOCK_50 ; Rise       ; clk_divider:clk_unit|clk_60Hz         ;
; -0.500 ; 0.500        ; 1.000          ; High Pulse Width ; CLOCK_50 ; Rise       ; clk_divider:clk_unit|counter_60Hz[0]  ;
; -0.500 ; 0.500        ; 1.000          ; Low Pulse Width  ; CLOCK_50 ; Rise       ; clk_divider:clk_unit|counter_60Hz[0]  ;
; -0.500 ; 0.500        ; 1.000          ; High Pulse Width ; CLOCK_50 ; Rise       ; clk_divider:clk_unit|counter_60Hz[10] ;
; -0.500 ; 0.500        ; 1.000          ; Low Pulse Width  ; CLOCK_50 ; Rise       ; clk_divider:clk_unit|counter_60Hz[10] ;
; -0.500 ; 0.500        ; 1.000          ; High Pulse Width ; CLOCK_50 ; Rise       ; clk_divider:clk_unit|counter_60Hz[11] ;
; -0.500 ; 0.500        ; 1.000          ; Low Pulse Width  ; CLOCK_50 ; Rise       ; clk_divider:clk_unit|counter_60Hz[11] ;
; -0.500 ; 0.500        ; 1.000          ; High Pulse Width ; CLOCK_50 ; Rise       ; clk_divider:clk_unit|counter_60Hz[12] ;
; -0.500 ; 0.500        ; 1.000          ; Low Pulse Width  ; CLOCK_50 ; Rise       ; clk_divider:clk_unit|counter_60Hz[12] ;
; -0.500 ; 0.500        ; 1.000          ; High Pulse Width ; CLOCK_50 ; Rise       ; clk_divider:clk_unit|counter_60Hz[13] ;
; -0.500 ; 0.500        ; 1.000          ; Low Pulse Width  ; CLOCK_50 ; Rise       ; clk_divider:clk_unit|counter_60Hz[13] ;
; -0.500 ; 0.500        ; 1.000          ; High Pulse Width ; CLOCK_50 ; Rise       ; clk_divider:clk_unit|counter_60Hz[14] ;
; -0.500 ; 0.500        ; 1.000          ; Low Pulse Width  ; CLOCK_50 ; Rise       ; clk_divider:clk_unit|counter_60Hz[14] ;
; -0.500 ; 0.500        ; 1.000          ; High Pulse Width ; CLOCK_50 ; Rise       ; clk_divider:clk_unit|counter_60Hz[15] ;
; -0.500 ; 0.500        ; 1.000          ; Low Pulse Width  ; CLOCK_50 ; Rise       ; clk_divider:clk_unit|counter_60Hz[15] ;
; -0.500 ; 0.500        ; 1.000          ; High Pulse Width ; CLOCK_50 ; Rise       ; clk_divider:clk_unit|counter_60Hz[16] ;
; -0.500 ; 0.500        ; 1.000          ; Low Pulse Width  ; CLOCK_50 ; Rise       ; clk_divider:clk_unit|counter_60Hz[16] ;
; -0.500 ; 0.500        ; 1.000          ; High Pulse Width ; CLOCK_50 ; Rise       ; clk_divider:clk_unit|counter_60Hz[17] ;
; -0.500 ; 0.500        ; 1.000          ; Low Pulse Width  ; CLOCK_50 ; Rise       ; clk_divider:clk_unit|counter_60Hz[17] ;
; -0.500 ; 0.500        ; 1.000          ; High Pulse Width ; CLOCK_50 ; Rise       ; clk_divider:clk_unit|counter_60Hz[18] ;
; -0.500 ; 0.500        ; 1.000          ; Low Pulse Width  ; CLOCK_50 ; Rise       ; clk_divider:clk_unit|counter_60Hz[18] ;
; -0.500 ; 0.500        ; 1.000          ; High Pulse Width ; CLOCK_50 ; Rise       ; clk_divider:clk_unit|counter_60Hz[19] ;
; -0.500 ; 0.500        ; 1.000          ; Low Pulse Width  ; CLOCK_50 ; Rise       ; clk_divider:clk_unit|counter_60Hz[19] ;
; -0.500 ; 0.500        ; 1.000          ; High Pulse Width ; CLOCK_50 ; Rise       ; clk_divider:clk_unit|counter_60Hz[1]  ;
; -0.500 ; 0.500        ; 1.000          ; Low Pulse Width  ; CLOCK_50 ; Rise       ; clk_divider:clk_unit|counter_60Hz[1]  ;
; -0.500 ; 0.500        ; 1.000          ; High Pulse Width ; CLOCK_50 ; Rise       ; clk_divider:clk_unit|counter_60Hz[2]  ;
; -0.500 ; 0.500        ; 1.000          ; Low Pulse Width  ; CLOCK_50 ; Rise       ; clk_divider:clk_unit|counter_60Hz[2]  ;
; -0.500 ; 0.500        ; 1.000          ; High Pulse Width ; CLOCK_50 ; Rise       ; clk_divider:clk_unit|counter_60Hz[3]  ;
; -0.500 ; 0.500        ; 1.000          ; Low Pulse Width  ; CLOCK_50 ; Rise       ; clk_divider:clk_unit|counter_60Hz[3]  ;
; -0.500 ; 0.500        ; 1.000          ; High Pulse Width ; CLOCK_50 ; Rise       ; clk_divider:clk_unit|counter_60Hz[4]  ;
; -0.500 ; 0.500        ; 1.000          ; Low Pulse Width  ; CLOCK_50 ; Rise       ; clk_divider:clk_unit|counter_60Hz[4]  ;
; -0.500 ; 0.500        ; 1.000          ; High Pulse Width ; CLOCK_50 ; Rise       ; clk_divider:clk_unit|counter_60Hz[5]  ;
; -0.500 ; 0.500        ; 1.000          ; Low Pulse Width  ; CLOCK_50 ; Rise       ; clk_divider:clk_unit|counter_60Hz[5]  ;
; -0.500 ; 0.500        ; 1.000          ; High Pulse Width ; CLOCK_50 ; Rise       ; clk_divider:clk_unit|counter_60Hz[6]  ;
; -0.500 ; 0.500        ; 1.000          ; Low Pulse Width  ; CLOCK_50 ; Rise       ; clk_divider:clk_unit|counter_60Hz[6]  ;
; -0.500 ; 0.500        ; 1.000          ; High Pulse Width ; CLOCK_50 ; Rise       ; clk_divider:clk_unit|counter_60Hz[7]  ;
; -0.500 ; 0.500        ; 1.000          ; Low Pulse Width  ; CLOCK_50 ; Rise       ; clk_divider:clk_unit|counter_60Hz[7]  ;
; -0.500 ; 0.500        ; 1.000          ; High Pulse Width ; CLOCK_50 ; Rise       ; clk_divider:clk_unit|counter_60Hz[8]  ;
; -0.500 ; 0.500        ; 1.000          ; Low Pulse Width  ; CLOCK_50 ; Rise       ; clk_divider:clk_unit|counter_60Hz[8]  ;
; -0.500 ; 0.500        ; 1.000          ; High Pulse Width ; CLOCK_50 ; Rise       ; clk_divider:clk_unit|counter_60Hz[9]  ;
; -0.500 ; 0.500        ; 1.000          ; Low Pulse Width  ; CLOCK_50 ; Rise       ; clk_divider:clk_unit|counter_60Hz[9]  ;
; 0.500  ; 0.500        ; 0.000          ; High Pulse Width ; CLOCK_50 ; Rise       ; CLOCK_50|combout                      ;
; 0.500  ; 0.500        ; 0.000          ; Low Pulse Width  ; CLOCK_50 ; Rise       ; CLOCK_50|combout                      ;
; 0.500  ; 0.500        ; 0.000          ; High Pulse Width ; CLOCK_50 ; Rise       ; CLOCK_50~clkctrl|inclk[0]             ;
; 0.500  ; 0.500        ; 0.000          ; Low Pulse Width  ; CLOCK_50 ; Rise       ; CLOCK_50~clkctrl|inclk[0]             ;
; 0.500  ; 0.500        ; 0.000          ; High Pulse Width ; CLOCK_50 ; Rise       ; CLOCK_50~clkctrl|outclk               ;
; 0.500  ; 0.500        ; 0.000          ; Low Pulse Width  ; CLOCK_50 ; Rise       ; CLOCK_50~clkctrl|outclk               ;
; 0.500  ; 0.500        ; 0.000          ; High Pulse Width ; CLOCK_50 ; Rise       ; clk_unit|clk_25M|clk                  ;
; 0.500  ; 0.500        ; 0.000          ; Low Pulse Width  ; CLOCK_50 ; Rise       ; clk_unit|clk_25M|clk                  ;
; 0.500  ; 0.500        ; 0.000          ; High Pulse Width ; CLOCK_50 ; Rise       ; clk_unit|clk_60Hz|clk                 ;
; 0.500  ; 0.500        ; 0.000          ; Low Pulse Width  ; CLOCK_50 ; Rise       ; clk_unit|clk_60Hz|clk                 ;
; 0.500  ; 0.500        ; 0.000          ; High Pulse Width ; CLOCK_50 ; Rise       ; clk_unit|counter_60Hz[0]|clk          ;
; 0.500  ; 0.500        ; 0.000          ; Low Pulse Width  ; CLOCK_50 ; Rise       ; clk_unit|counter_60Hz[0]|clk          ;
; 0.500  ; 0.500        ; 0.000          ; High Pulse Width ; CLOCK_50 ; Rise       ; clk_unit|counter_60Hz[10]|clk         ;
; 0.500  ; 0.500        ; 0.000          ; Low Pulse Width  ; CLOCK_50 ; Rise       ; clk_unit|counter_60Hz[10]|clk         ;
; 0.500  ; 0.500        ; 0.000          ; High Pulse Width ; CLOCK_50 ; Rise       ; clk_unit|counter_60Hz[11]|clk         ;
; 0.500  ; 0.500        ; 0.000          ; Low Pulse Width  ; CLOCK_50 ; Rise       ; clk_unit|counter_60Hz[11]|clk         ;
; 0.500  ; 0.500        ; 0.000          ; High Pulse Width ; CLOCK_50 ; Rise       ; clk_unit|counter_60Hz[12]|clk         ;
; 0.500  ; 0.500        ; 0.000          ; Low Pulse Width  ; CLOCK_50 ; Rise       ; clk_unit|counter_60Hz[12]|clk         ;
; 0.500  ; 0.500        ; 0.000          ; High Pulse Width ; CLOCK_50 ; Rise       ; clk_unit|counter_60Hz[13]|clk         ;
; 0.500  ; 0.500        ; 0.000          ; Low Pulse Width  ; CLOCK_50 ; Rise       ; clk_unit|counter_60Hz[13]|clk         ;
; 0.500  ; 0.500        ; 0.000          ; High Pulse Width ; CLOCK_50 ; Rise       ; clk_unit|counter_60Hz[14]|clk         ;
; 0.500  ; 0.500        ; 0.000          ; Low Pulse Width  ; CLOCK_50 ; Rise       ; clk_unit|counter_60Hz[14]|clk         ;
; 0.500  ; 0.500        ; 0.000          ; High Pulse Width ; CLOCK_50 ; Rise       ; clk_unit|counter_60Hz[15]|clk         ;
; 0.500  ; 0.500        ; 0.000          ; Low Pulse Width  ; CLOCK_50 ; Rise       ; clk_unit|counter_60Hz[15]|clk         ;
; 0.500  ; 0.500        ; 0.000          ; High Pulse Width ; CLOCK_50 ; Rise       ; clk_unit|counter_60Hz[16]|clk         ;
; 0.500  ; 0.500        ; 0.000          ; Low Pulse Width  ; CLOCK_50 ; Rise       ; clk_unit|counter_60Hz[16]|clk         ;
; 0.500  ; 0.500        ; 0.000          ; High Pulse Width ; CLOCK_50 ; Rise       ; clk_unit|counter_60Hz[17]|clk         ;
; 0.500  ; 0.500        ; 0.000          ; Low Pulse Width  ; CLOCK_50 ; Rise       ; clk_unit|counter_60Hz[17]|clk         ;
; 0.500  ; 0.500        ; 0.000          ; High Pulse Width ; CLOCK_50 ; Rise       ; clk_unit|counter_60Hz[18]|clk         ;
; 0.500  ; 0.500        ; 0.000          ; Low Pulse Width  ; CLOCK_50 ; Rise       ; clk_unit|counter_60Hz[18]|clk         ;
; 0.500  ; 0.500        ; 0.000          ; High Pulse Width ; CLOCK_50 ; Rise       ; clk_unit|counter_60Hz[19]|clk         ;
; 0.500  ; 0.500        ; 0.000          ; Low Pulse Width  ; CLOCK_50 ; Rise       ; clk_unit|counter_60Hz[19]|clk         ;
; 0.500  ; 0.500        ; 0.000          ; High Pulse Width ; CLOCK_50 ; Rise       ; clk_unit|counter_60Hz[1]|clk          ;
; 0.500  ; 0.500        ; 0.000          ; Low Pulse Width  ; CLOCK_50 ; Rise       ; clk_unit|counter_60Hz[1]|clk          ;
; 0.500  ; 0.500        ; 0.000          ; High Pulse Width ; CLOCK_50 ; Rise       ; clk_unit|counter_60Hz[2]|clk          ;
; 0.500  ; 0.500        ; 0.000          ; Low Pulse Width  ; CLOCK_50 ; Rise       ; clk_unit|counter_60Hz[2]|clk          ;
; 0.500  ; 0.500        ; 0.000          ; High Pulse Width ; CLOCK_50 ; Rise       ; clk_unit|counter_60Hz[3]|clk          ;
; 0.500  ; 0.500        ; 0.000          ; Low Pulse Width  ; CLOCK_50 ; Rise       ; clk_unit|counter_60Hz[3]|clk          ;
; 0.500  ; 0.500        ; 0.000          ; High Pulse Width ; CLOCK_50 ; Rise       ; clk_unit|counter_60Hz[4]|clk          ;
; 0.500  ; 0.500        ; 0.000          ; Low Pulse Width  ; CLOCK_50 ; Rise       ; clk_unit|counter_60Hz[4]|clk          ;
; 0.500  ; 0.500        ; 0.000          ; High Pulse Width ; CLOCK_50 ; Rise       ; clk_unit|counter_60Hz[5]|clk          ;
; 0.500  ; 0.500        ; 0.000          ; Low Pulse Width  ; CLOCK_50 ; Rise       ; clk_unit|counter_60Hz[5]|clk          ;
; 0.500  ; 0.500        ; 0.000          ; High Pulse Width ; CLOCK_50 ; Rise       ; clk_unit|counter_60Hz[6]|clk          ;
; 0.500  ; 0.500        ; 0.000          ; Low Pulse Width  ; CLOCK_50 ; Rise       ; clk_unit|counter_60Hz[6]|clk          ;
; 0.500  ; 0.500        ; 0.000          ; High Pulse Width ; CLOCK_50 ; Rise       ; clk_unit|counter_60Hz[7]|clk          ;
; 0.500  ; 0.500        ; 0.000          ; Low Pulse Width  ; CLOCK_50 ; Rise       ; clk_unit|counter_60Hz[7]|clk          ;
; 0.500  ; 0.500        ; 0.000          ; High Pulse Width ; CLOCK_50 ; Rise       ; clk_unit|counter_60Hz[8]|clk          ;
; 0.500  ; 0.500        ; 0.000          ; Low Pulse Width  ; CLOCK_50 ; Rise       ; clk_unit|counter_60Hz[8]|clk          ;
; 0.500  ; 0.500        ; 0.000          ; High Pulse Width ; CLOCK_50 ; Rise       ; clk_unit|counter_60Hz[9]|clk          ;
; 0.500  ; 0.500        ; 0.000          ; Low Pulse Width  ; CLOCK_50 ; Rise       ; clk_unit|counter_60Hz[9]|clk          ;
+--------+--------------+----------------+------------------+----------+------------+---------------------------------------+


+-------------------------------------------------------------------------------------------------------------------------------------------+
; Fast Model Minimum Pulse Width: 'clk_divider:clk_unit|clk_60Hz'                                                                           ;
+--------+--------------+----------------+------------------+-------------------------------+------------+----------------------------------+
; Slack  ; Actual Width ; Required Width ; Type             ; Clock                         ; Clock Edge ; Target                           ;
+--------+--------------+----------------+------------------+-------------------------------+------------+----------------------------------+
; -0.500 ; 0.500        ; 1.000          ; High Pulse Width ; clk_divider:clk_unit|clk_60Hz ; Rise       ; game_logic:game_unit|ball_x[0]   ;
; -0.500 ; 0.500        ; 1.000          ; Low Pulse Width  ; clk_divider:clk_unit|clk_60Hz ; Rise       ; game_logic:game_unit|ball_x[0]   ;
; -0.500 ; 0.500        ; 1.000          ; High Pulse Width ; clk_divider:clk_unit|clk_60Hz ; Rise       ; game_logic:game_unit|ball_x[1]   ;
; -0.500 ; 0.500        ; 1.000          ; Low Pulse Width  ; clk_divider:clk_unit|clk_60Hz ; Rise       ; game_logic:game_unit|ball_x[1]   ;
; -0.500 ; 0.500        ; 1.000          ; High Pulse Width ; clk_divider:clk_unit|clk_60Hz ; Rise       ; game_logic:game_unit|ball_x[2]   ;
; -0.500 ; 0.500        ; 1.000          ; Low Pulse Width  ; clk_divider:clk_unit|clk_60Hz ; Rise       ; game_logic:game_unit|ball_x[2]   ;
; -0.500 ; 0.500        ; 1.000          ; High Pulse Width ; clk_divider:clk_unit|clk_60Hz ; Rise       ; game_logic:game_unit|ball_x[3]   ;
; -0.500 ; 0.500        ; 1.000          ; Low Pulse Width  ; clk_divider:clk_unit|clk_60Hz ; Rise       ; game_logic:game_unit|ball_x[3]   ;
; -0.500 ; 0.500        ; 1.000          ; High Pulse Width ; clk_divider:clk_unit|clk_60Hz ; Rise       ; game_logic:game_unit|ball_x[4]   ;
; -0.500 ; 0.500        ; 1.000          ; Low Pulse Width  ; clk_divider:clk_unit|clk_60Hz ; Rise       ; game_logic:game_unit|ball_x[4]   ;
; -0.500 ; 0.500        ; 1.000          ; High Pulse Width ; clk_divider:clk_unit|clk_60Hz ; Rise       ; game_logic:game_unit|ball_x[5]   ;
; -0.500 ; 0.500        ; 1.000          ; Low Pulse Width  ; clk_divider:clk_unit|clk_60Hz ; Rise       ; game_logic:game_unit|ball_x[5]   ;
; -0.500 ; 0.500        ; 1.000          ; High Pulse Width ; clk_divider:clk_unit|clk_60Hz ; Rise       ; game_logic:game_unit|ball_x[6]   ;
; -0.500 ; 0.500        ; 1.000          ; Low Pulse Width  ; clk_divider:clk_unit|clk_60Hz ; Rise       ; game_logic:game_unit|ball_x[6]   ;
; -0.500 ; 0.500        ; 1.000          ; High Pulse Width ; clk_divider:clk_unit|clk_60Hz ; Rise       ; game_logic:game_unit|ball_x[7]   ;
; -0.500 ; 0.500        ; 1.000          ; Low Pulse Width  ; clk_divider:clk_unit|clk_60Hz ; Rise       ; game_logic:game_unit|ball_x[7]   ;
; -0.500 ; 0.500        ; 1.000          ; High Pulse Width ; clk_divider:clk_unit|clk_60Hz ; Rise       ; game_logic:game_unit|ball_x[8]   ;
; -0.500 ; 0.500        ; 1.000          ; Low Pulse Width  ; clk_divider:clk_unit|clk_60Hz ; Rise       ; game_logic:game_unit|ball_x[8]   ;
; -0.500 ; 0.500        ; 1.000          ; High Pulse Width ; clk_divider:clk_unit|clk_60Hz ; Rise       ; game_logic:game_unit|ball_x[9]   ;
; -0.500 ; 0.500        ; 1.000          ; Low Pulse Width  ; clk_divider:clk_unit|clk_60Hz ; Rise       ; game_logic:game_unit|ball_x[9]   ;
; -0.500 ; 0.500        ; 1.000          ; High Pulse Width ; clk_divider:clk_unit|clk_60Hz ; Rise       ; game_logic:game_unit|ball_y[0]   ;
; -0.500 ; 0.500        ; 1.000          ; Low Pulse Width  ; clk_divider:clk_unit|clk_60Hz ; Rise       ; game_logic:game_unit|ball_y[0]   ;
; -0.500 ; 0.500        ; 1.000          ; High Pulse Width ; clk_divider:clk_unit|clk_60Hz ; Rise       ; game_logic:game_unit|ball_y[1]   ;
; -0.500 ; 0.500        ; 1.000          ; Low Pulse Width  ; clk_divider:clk_unit|clk_60Hz ; Rise       ; game_logic:game_unit|ball_y[1]   ;
; -0.500 ; 0.500        ; 1.000          ; High Pulse Width ; clk_divider:clk_unit|clk_60Hz ; Rise       ; game_logic:game_unit|ball_y[2]   ;
; -0.500 ; 0.500        ; 1.000          ; Low Pulse Width  ; clk_divider:clk_unit|clk_60Hz ; Rise       ; game_logic:game_unit|ball_y[2]   ;
; -0.500 ; 0.500        ; 1.000          ; High Pulse Width ; clk_divider:clk_unit|clk_60Hz ; Rise       ; game_logic:game_unit|ball_y[3]   ;
; -0.500 ; 0.500        ; 1.000          ; Low Pulse Width  ; clk_divider:clk_unit|clk_60Hz ; Rise       ; game_logic:game_unit|ball_y[3]   ;
; -0.500 ; 0.500        ; 1.000          ; High Pulse Width ; clk_divider:clk_unit|clk_60Hz ; Rise       ; game_logic:game_unit|ball_y[4]   ;
; -0.500 ; 0.500        ; 1.000          ; Low Pulse Width  ; clk_divider:clk_unit|clk_60Hz ; Rise       ; game_logic:game_unit|ball_y[4]   ;
; -0.500 ; 0.500        ; 1.000          ; High Pulse Width ; clk_divider:clk_unit|clk_60Hz ; Rise       ; game_logic:game_unit|ball_y[5]   ;
; -0.500 ; 0.500        ; 1.000          ; Low Pulse Width  ; clk_divider:clk_unit|clk_60Hz ; Rise       ; game_logic:game_unit|ball_y[5]   ;
; -0.500 ; 0.500        ; 1.000          ; High Pulse Width ; clk_divider:clk_unit|clk_60Hz ; Rise       ; game_logic:game_unit|ball_y[6]   ;
; -0.500 ; 0.500        ; 1.000          ; Low Pulse Width  ; clk_divider:clk_unit|clk_60Hz ; Rise       ; game_logic:game_unit|ball_y[6]   ;
; -0.500 ; 0.500        ; 1.000          ; High Pulse Width ; clk_divider:clk_unit|clk_60Hz ; Rise       ; game_logic:game_unit|ball_y[7]   ;
; -0.500 ; 0.500        ; 1.000          ; Low Pulse Width  ; clk_divider:clk_unit|clk_60Hz ; Rise       ; game_logic:game_unit|ball_y[7]   ;
; -0.500 ; 0.500        ; 1.000          ; High Pulse Width ; clk_divider:clk_unit|clk_60Hz ; Rise       ; game_logic:game_unit|ball_y[8]   ;
; -0.500 ; 0.500        ; 1.000          ; Low Pulse Width  ; clk_divider:clk_unit|clk_60Hz ; Rise       ; game_logic:game_unit|ball_y[8]   ;
; -0.500 ; 0.500        ; 1.000          ; High Pulse Width ; clk_divider:clk_unit|clk_60Hz ; Rise       ; game_logic:game_unit|ball_y[9]   ;
; -0.500 ; 0.500        ; 1.000          ; Low Pulse Width  ; clk_divider:clk_unit|clk_60Hz ; Rise       ; game_logic:game_unit|ball_y[9]   ;
; -0.500 ; 0.500        ; 1.000          ; High Pulse Width ; clk_divider:clk_unit|clk_60Hz ; Rise       ; game_logic:game_unit|bricks[0]   ;
; -0.500 ; 0.500        ; 1.000          ; Low Pulse Width  ; clk_divider:clk_unit|clk_60Hz ; Rise       ; game_logic:game_unit|bricks[0]   ;
; -0.500 ; 0.500        ; 1.000          ; High Pulse Width ; clk_divider:clk_unit|clk_60Hz ; Rise       ; game_logic:game_unit|bricks[100] ;
; -0.500 ; 0.500        ; 1.000          ; Low Pulse Width  ; clk_divider:clk_unit|clk_60Hz ; Rise       ; game_logic:game_unit|bricks[100] ;
; -0.500 ; 0.500        ; 1.000          ; High Pulse Width ; clk_divider:clk_unit|clk_60Hz ; Rise       ; game_logic:game_unit|bricks[101] ;
; -0.500 ; 0.500        ; 1.000          ; Low Pulse Width  ; clk_divider:clk_unit|clk_60Hz ; Rise       ; game_logic:game_unit|bricks[101] ;
; -0.500 ; 0.500        ; 1.000          ; High Pulse Width ; clk_divider:clk_unit|clk_60Hz ; Rise       ; game_logic:game_unit|bricks[102] ;
; -0.500 ; 0.500        ; 1.000          ; Low Pulse Width  ; clk_divider:clk_unit|clk_60Hz ; Rise       ; game_logic:game_unit|bricks[102] ;
; -0.500 ; 0.500        ; 1.000          ; High Pulse Width ; clk_divider:clk_unit|clk_60Hz ; Rise       ; game_logic:game_unit|bricks[103] ;
; -0.500 ; 0.500        ; 1.000          ; Low Pulse Width  ; clk_divider:clk_unit|clk_60Hz ; Rise       ; game_logic:game_unit|bricks[103] ;
; -0.500 ; 0.500        ; 1.000          ; High Pulse Width ; clk_divider:clk_unit|clk_60Hz ; Rise       ; game_logic:game_unit|bricks[104] ;
; -0.500 ; 0.500        ; 1.000          ; Low Pulse Width  ; clk_divider:clk_unit|clk_60Hz ; Rise       ; game_logic:game_unit|bricks[104] ;
; -0.500 ; 0.500        ; 1.000          ; High Pulse Width ; clk_divider:clk_unit|clk_60Hz ; Rise       ; game_logic:game_unit|bricks[105] ;
; -0.500 ; 0.500        ; 1.000          ; Low Pulse Width  ; clk_divider:clk_unit|clk_60Hz ; Rise       ; game_logic:game_unit|bricks[105] ;
; -0.500 ; 0.500        ; 1.000          ; High Pulse Width ; clk_divider:clk_unit|clk_60Hz ; Rise       ; game_logic:game_unit|bricks[106] ;
; -0.500 ; 0.500        ; 1.000          ; Low Pulse Width  ; clk_divider:clk_unit|clk_60Hz ; Rise       ; game_logic:game_unit|bricks[106] ;
; -0.500 ; 0.500        ; 1.000          ; High Pulse Width ; clk_divider:clk_unit|clk_60Hz ; Rise       ; game_logic:game_unit|bricks[107] ;
; -0.500 ; 0.500        ; 1.000          ; Low Pulse Width  ; clk_divider:clk_unit|clk_60Hz ; Rise       ; game_logic:game_unit|bricks[107] ;
; -0.500 ; 0.500        ; 1.000          ; High Pulse Width ; clk_divider:clk_unit|clk_60Hz ; Rise       ; game_logic:game_unit|bricks[108] ;
; -0.500 ; 0.500        ; 1.000          ; Low Pulse Width  ; clk_divider:clk_unit|clk_60Hz ; Rise       ; game_logic:game_unit|bricks[108] ;
; -0.500 ; 0.500        ; 1.000          ; High Pulse Width ; clk_divider:clk_unit|clk_60Hz ; Rise       ; game_logic:game_unit|bricks[109] ;
; -0.500 ; 0.500        ; 1.000          ; Low Pulse Width  ; clk_divider:clk_unit|clk_60Hz ; Rise       ; game_logic:game_unit|bricks[109] ;
; -0.500 ; 0.500        ; 1.000          ; High Pulse Width ; clk_divider:clk_unit|clk_60Hz ; Rise       ; game_logic:game_unit|bricks[10]  ;
; -0.500 ; 0.500        ; 1.000          ; Low Pulse Width  ; clk_divider:clk_unit|clk_60Hz ; Rise       ; game_logic:game_unit|bricks[10]  ;
; -0.500 ; 0.500        ; 1.000          ; High Pulse Width ; clk_divider:clk_unit|clk_60Hz ; Rise       ; game_logic:game_unit|bricks[110] ;
; -0.500 ; 0.500        ; 1.000          ; Low Pulse Width  ; clk_divider:clk_unit|clk_60Hz ; Rise       ; game_logic:game_unit|bricks[110] ;
; -0.500 ; 0.500        ; 1.000          ; High Pulse Width ; clk_divider:clk_unit|clk_60Hz ; Rise       ; game_logic:game_unit|bricks[111] ;
; -0.500 ; 0.500        ; 1.000          ; Low Pulse Width  ; clk_divider:clk_unit|clk_60Hz ; Rise       ; game_logic:game_unit|bricks[111] ;
; -0.500 ; 0.500        ; 1.000          ; High Pulse Width ; clk_divider:clk_unit|clk_60Hz ; Rise       ; game_logic:game_unit|bricks[112] ;
; -0.500 ; 0.500        ; 1.000          ; Low Pulse Width  ; clk_divider:clk_unit|clk_60Hz ; Rise       ; game_logic:game_unit|bricks[112] ;
; -0.500 ; 0.500        ; 1.000          ; High Pulse Width ; clk_divider:clk_unit|clk_60Hz ; Rise       ; game_logic:game_unit|bricks[113] ;
; -0.500 ; 0.500        ; 1.000          ; Low Pulse Width  ; clk_divider:clk_unit|clk_60Hz ; Rise       ; game_logic:game_unit|bricks[113] ;
; -0.500 ; 0.500        ; 1.000          ; High Pulse Width ; clk_divider:clk_unit|clk_60Hz ; Rise       ; game_logic:game_unit|bricks[114] ;
; -0.500 ; 0.500        ; 1.000          ; Low Pulse Width  ; clk_divider:clk_unit|clk_60Hz ; Rise       ; game_logic:game_unit|bricks[114] ;
; -0.500 ; 0.500        ; 1.000          ; High Pulse Width ; clk_divider:clk_unit|clk_60Hz ; Rise       ; game_logic:game_unit|bricks[115] ;
; -0.500 ; 0.500        ; 1.000          ; Low Pulse Width  ; clk_divider:clk_unit|clk_60Hz ; Rise       ; game_logic:game_unit|bricks[115] ;
; -0.500 ; 0.500        ; 1.000          ; High Pulse Width ; clk_divider:clk_unit|clk_60Hz ; Rise       ; game_logic:game_unit|bricks[116] ;
; -0.500 ; 0.500        ; 1.000          ; Low Pulse Width  ; clk_divider:clk_unit|clk_60Hz ; Rise       ; game_logic:game_unit|bricks[116] ;
; -0.500 ; 0.500        ; 1.000          ; High Pulse Width ; clk_divider:clk_unit|clk_60Hz ; Rise       ; game_logic:game_unit|bricks[117] ;
; -0.500 ; 0.500        ; 1.000          ; Low Pulse Width  ; clk_divider:clk_unit|clk_60Hz ; Rise       ; game_logic:game_unit|bricks[117] ;
; -0.500 ; 0.500        ; 1.000          ; High Pulse Width ; clk_divider:clk_unit|clk_60Hz ; Rise       ; game_logic:game_unit|bricks[118] ;
; -0.500 ; 0.500        ; 1.000          ; Low Pulse Width  ; clk_divider:clk_unit|clk_60Hz ; Rise       ; game_logic:game_unit|bricks[118] ;
; -0.500 ; 0.500        ; 1.000          ; High Pulse Width ; clk_divider:clk_unit|clk_60Hz ; Rise       ; game_logic:game_unit|bricks[119] ;
; -0.500 ; 0.500        ; 1.000          ; Low Pulse Width  ; clk_divider:clk_unit|clk_60Hz ; Rise       ; game_logic:game_unit|bricks[119] ;
; -0.500 ; 0.500        ; 1.000          ; High Pulse Width ; clk_divider:clk_unit|clk_60Hz ; Rise       ; game_logic:game_unit|bricks[11]  ;
; -0.500 ; 0.500        ; 1.000          ; Low Pulse Width  ; clk_divider:clk_unit|clk_60Hz ; Rise       ; game_logic:game_unit|bricks[11]  ;
; -0.500 ; 0.500        ; 1.000          ; High Pulse Width ; clk_divider:clk_unit|clk_60Hz ; Rise       ; game_logic:game_unit|bricks[12]  ;
; -0.500 ; 0.500        ; 1.000          ; Low Pulse Width  ; clk_divider:clk_unit|clk_60Hz ; Rise       ; game_logic:game_unit|bricks[12]  ;
; -0.500 ; 0.500        ; 1.000          ; High Pulse Width ; clk_divider:clk_unit|clk_60Hz ; Rise       ; game_logic:game_unit|bricks[13]  ;
; -0.500 ; 0.500        ; 1.000          ; Low Pulse Width  ; clk_divider:clk_unit|clk_60Hz ; Rise       ; game_logic:game_unit|bricks[13]  ;
; -0.500 ; 0.500        ; 1.000          ; High Pulse Width ; clk_divider:clk_unit|clk_60Hz ; Rise       ; game_logic:game_unit|bricks[14]  ;
; -0.500 ; 0.500        ; 1.000          ; Low Pulse Width  ; clk_divider:clk_unit|clk_60Hz ; Rise       ; game_logic:game_unit|bricks[14]  ;
; -0.500 ; 0.500        ; 1.000          ; High Pulse Width ; clk_divider:clk_unit|clk_60Hz ; Rise       ; game_logic:game_unit|bricks[15]  ;
; -0.500 ; 0.500        ; 1.000          ; Low Pulse Width  ; clk_divider:clk_unit|clk_60Hz ; Rise       ; game_logic:game_unit|bricks[15]  ;
; -0.500 ; 0.500        ; 1.000          ; High Pulse Width ; clk_divider:clk_unit|clk_60Hz ; Rise       ; game_logic:game_unit|bricks[16]  ;
; -0.500 ; 0.500        ; 1.000          ; Low Pulse Width  ; clk_divider:clk_unit|clk_60Hz ; Rise       ; game_logic:game_unit|bricks[16]  ;
; -0.500 ; 0.500        ; 1.000          ; High Pulse Width ; clk_divider:clk_unit|clk_60Hz ; Rise       ; game_logic:game_unit|bricks[17]  ;
; -0.500 ; 0.500        ; 1.000          ; Low Pulse Width  ; clk_divider:clk_unit|clk_60Hz ; Rise       ; game_logic:game_unit|bricks[17]  ;
; -0.500 ; 0.500        ; 1.000          ; High Pulse Width ; clk_divider:clk_unit|clk_60Hz ; Rise       ; game_logic:game_unit|bricks[18]  ;
; -0.500 ; 0.500        ; 1.000          ; Low Pulse Width  ; clk_divider:clk_unit|clk_60Hz ; Rise       ; game_logic:game_unit|bricks[18]  ;
+--------+--------------+----------------+------------------+-------------------------------+------------+----------------------------------+


+-------------------------------------------------------------------------------------------------------------------------------------------+
; Fast Model Minimum Pulse Width: 'clk_divider:clk_unit|clk_25M'                                                                            ;
+--------+--------------+----------------+------------------+------------------------------+------------+-----------------------------------+
; Slack  ; Actual Width ; Required Width ; Type             ; Clock                        ; Clock Edge ; Target                            ;
+--------+--------------+----------------+------------------+------------------------------+------------+-----------------------------------+
; -0.500 ; 0.500        ; 1.000          ; High Pulse Width ; clk_divider:clk_unit|clk_25M ; Rise       ; vga_sync:vga_unit|h_count_reg[0]  ;
; -0.500 ; 0.500        ; 1.000          ; Low Pulse Width  ; clk_divider:clk_unit|clk_25M ; Rise       ; vga_sync:vga_unit|h_count_reg[0]  ;
; -0.500 ; 0.500        ; 1.000          ; High Pulse Width ; clk_divider:clk_unit|clk_25M ; Rise       ; vga_sync:vga_unit|h_count_reg[1]  ;
; -0.500 ; 0.500        ; 1.000          ; Low Pulse Width  ; clk_divider:clk_unit|clk_25M ; Rise       ; vga_sync:vga_unit|h_count_reg[1]  ;
; -0.500 ; 0.500        ; 1.000          ; High Pulse Width ; clk_divider:clk_unit|clk_25M ; Rise       ; vga_sync:vga_unit|h_count_reg[2]  ;
; -0.500 ; 0.500        ; 1.000          ; Low Pulse Width  ; clk_divider:clk_unit|clk_25M ; Rise       ; vga_sync:vga_unit|h_count_reg[2]  ;
; -0.500 ; 0.500        ; 1.000          ; High Pulse Width ; clk_divider:clk_unit|clk_25M ; Rise       ; vga_sync:vga_unit|h_count_reg[3]  ;
; -0.500 ; 0.500        ; 1.000          ; Low Pulse Width  ; clk_divider:clk_unit|clk_25M ; Rise       ; vga_sync:vga_unit|h_count_reg[3]  ;
; -0.500 ; 0.500        ; 1.000          ; High Pulse Width ; clk_divider:clk_unit|clk_25M ; Rise       ; vga_sync:vga_unit|h_count_reg[4]  ;
; -0.500 ; 0.500        ; 1.000          ; Low Pulse Width  ; clk_divider:clk_unit|clk_25M ; Rise       ; vga_sync:vga_unit|h_count_reg[4]  ;
; -0.500 ; 0.500        ; 1.000          ; High Pulse Width ; clk_divider:clk_unit|clk_25M ; Rise       ; vga_sync:vga_unit|h_count_reg[5]  ;
; -0.500 ; 0.500        ; 1.000          ; Low Pulse Width  ; clk_divider:clk_unit|clk_25M ; Rise       ; vga_sync:vga_unit|h_count_reg[5]  ;
; -0.500 ; 0.500        ; 1.000          ; High Pulse Width ; clk_divider:clk_unit|clk_25M ; Rise       ; vga_sync:vga_unit|h_count_reg[6]  ;
; -0.500 ; 0.500        ; 1.000          ; Low Pulse Width  ; clk_divider:clk_unit|clk_25M ; Rise       ; vga_sync:vga_unit|h_count_reg[6]  ;
; -0.500 ; 0.500        ; 1.000          ; High Pulse Width ; clk_divider:clk_unit|clk_25M ; Rise       ; vga_sync:vga_unit|h_count_reg[7]  ;
; -0.500 ; 0.500        ; 1.000          ; Low Pulse Width  ; clk_divider:clk_unit|clk_25M ; Rise       ; vga_sync:vga_unit|h_count_reg[7]  ;
; -0.500 ; 0.500        ; 1.000          ; High Pulse Width ; clk_divider:clk_unit|clk_25M ; Rise       ; vga_sync:vga_unit|h_count_reg[8]  ;
; -0.500 ; 0.500        ; 1.000          ; Low Pulse Width  ; clk_divider:clk_unit|clk_25M ; Rise       ; vga_sync:vga_unit|h_count_reg[8]  ;
; -0.500 ; 0.500        ; 1.000          ; High Pulse Width ; clk_divider:clk_unit|clk_25M ; Rise       ; vga_sync:vga_unit|h_count_reg[9]  ;
; -0.500 ; 0.500        ; 1.000          ; Low Pulse Width  ; clk_divider:clk_unit|clk_25M ; Rise       ; vga_sync:vga_unit|h_count_reg[9]  ;
; -0.500 ; 0.500        ; 1.000          ; High Pulse Width ; clk_divider:clk_unit|clk_25M ; Rise       ; vga_sync:vga_unit|v_count_reg[0]  ;
; -0.500 ; 0.500        ; 1.000          ; Low Pulse Width  ; clk_divider:clk_unit|clk_25M ; Rise       ; vga_sync:vga_unit|v_count_reg[0]  ;
; -0.500 ; 0.500        ; 1.000          ; High Pulse Width ; clk_divider:clk_unit|clk_25M ; Rise       ; vga_sync:vga_unit|v_count_reg[1]  ;
; -0.500 ; 0.500        ; 1.000          ; Low Pulse Width  ; clk_divider:clk_unit|clk_25M ; Rise       ; vga_sync:vga_unit|v_count_reg[1]  ;
; -0.500 ; 0.500        ; 1.000          ; High Pulse Width ; clk_divider:clk_unit|clk_25M ; Rise       ; vga_sync:vga_unit|v_count_reg[2]  ;
; -0.500 ; 0.500        ; 1.000          ; Low Pulse Width  ; clk_divider:clk_unit|clk_25M ; Rise       ; vga_sync:vga_unit|v_count_reg[2]  ;
; -0.500 ; 0.500        ; 1.000          ; High Pulse Width ; clk_divider:clk_unit|clk_25M ; Rise       ; vga_sync:vga_unit|v_count_reg[3]  ;
; -0.500 ; 0.500        ; 1.000          ; Low Pulse Width  ; clk_divider:clk_unit|clk_25M ; Rise       ; vga_sync:vga_unit|v_count_reg[3]  ;
; -0.500 ; 0.500        ; 1.000          ; High Pulse Width ; clk_divider:clk_unit|clk_25M ; Rise       ; vga_sync:vga_unit|v_count_reg[4]  ;
; -0.500 ; 0.500        ; 1.000          ; Low Pulse Width  ; clk_divider:clk_unit|clk_25M ; Rise       ; vga_sync:vga_unit|v_count_reg[4]  ;
; -0.500 ; 0.500        ; 1.000          ; High Pulse Width ; clk_divider:clk_unit|clk_25M ; Rise       ; vga_sync:vga_unit|v_count_reg[5]  ;
; -0.500 ; 0.500        ; 1.000          ; Low Pulse Width  ; clk_divider:clk_unit|clk_25M ; Rise       ; vga_sync:vga_unit|v_count_reg[5]  ;
; -0.500 ; 0.500        ; 1.000          ; High Pulse Width ; clk_divider:clk_unit|clk_25M ; Rise       ; vga_sync:vga_unit|v_count_reg[6]  ;
; -0.500 ; 0.500        ; 1.000          ; Low Pulse Width  ; clk_divider:clk_unit|clk_25M ; Rise       ; vga_sync:vga_unit|v_count_reg[6]  ;
; -0.500 ; 0.500        ; 1.000          ; High Pulse Width ; clk_divider:clk_unit|clk_25M ; Rise       ; vga_sync:vga_unit|v_count_reg[7]  ;
; -0.500 ; 0.500        ; 1.000          ; Low Pulse Width  ; clk_divider:clk_unit|clk_25M ; Rise       ; vga_sync:vga_unit|v_count_reg[7]  ;
; -0.500 ; 0.500        ; 1.000          ; High Pulse Width ; clk_divider:clk_unit|clk_25M ; Rise       ; vga_sync:vga_unit|v_count_reg[8]  ;
; -0.500 ; 0.500        ; 1.000          ; Low Pulse Width  ; clk_divider:clk_unit|clk_25M ; Rise       ; vga_sync:vga_unit|v_count_reg[8]  ;
; -0.500 ; 0.500        ; 1.000          ; High Pulse Width ; clk_divider:clk_unit|clk_25M ; Rise       ; vga_sync:vga_unit|v_count_reg[9]  ;
; -0.500 ; 0.500        ; 1.000          ; Low Pulse Width  ; clk_divider:clk_unit|clk_25M ; Rise       ; vga_sync:vga_unit|v_count_reg[9]  ;
; 0.500  ; 0.500        ; 0.000          ; High Pulse Width ; clk_divider:clk_unit|clk_25M ; Rise       ; clk_unit|clk_25M|regout           ;
; 0.500  ; 0.500        ; 0.000          ; Low Pulse Width  ; clk_divider:clk_unit|clk_25M ; Rise       ; clk_unit|clk_25M|regout           ;
; 0.500  ; 0.500        ; 0.000          ; High Pulse Width ; clk_divider:clk_unit|clk_25M ; Rise       ; clk_unit|clk_25M~clkctrl|inclk[0] ;
; 0.500  ; 0.500        ; 0.000          ; Low Pulse Width  ; clk_divider:clk_unit|clk_25M ; Rise       ; clk_unit|clk_25M~clkctrl|inclk[0] ;
; 0.500  ; 0.500        ; 0.000          ; High Pulse Width ; clk_divider:clk_unit|clk_25M ; Rise       ; clk_unit|clk_25M~clkctrl|outclk   ;
; 0.500  ; 0.500        ; 0.000          ; Low Pulse Width  ; clk_divider:clk_unit|clk_25M ; Rise       ; clk_unit|clk_25M~clkctrl|outclk   ;
; 0.500  ; 0.500        ; 0.000          ; High Pulse Width ; clk_divider:clk_unit|clk_25M ; Rise       ; vga_unit|h_count_reg[0]|clk       ;
; 0.500  ; 0.500        ; 0.000          ; Low Pulse Width  ; clk_divider:clk_unit|clk_25M ; Rise       ; vga_unit|h_count_reg[0]|clk       ;
; 0.500  ; 0.500        ; 0.000          ; High Pulse Width ; clk_divider:clk_unit|clk_25M ; Rise       ; vga_unit|h_count_reg[1]|clk       ;
; 0.500  ; 0.500        ; 0.000          ; Low Pulse Width  ; clk_divider:clk_unit|clk_25M ; Rise       ; vga_unit|h_count_reg[1]|clk       ;
; 0.500  ; 0.500        ; 0.000          ; High Pulse Width ; clk_divider:clk_unit|clk_25M ; Rise       ; vga_unit|h_count_reg[2]|clk       ;
; 0.500  ; 0.500        ; 0.000          ; Low Pulse Width  ; clk_divider:clk_unit|clk_25M ; Rise       ; vga_unit|h_count_reg[2]|clk       ;
; 0.500  ; 0.500        ; 0.000          ; High Pulse Width ; clk_divider:clk_unit|clk_25M ; Rise       ; vga_unit|h_count_reg[3]|clk       ;
; 0.500  ; 0.500        ; 0.000          ; Low Pulse Width  ; clk_divider:clk_unit|clk_25M ; Rise       ; vga_unit|h_count_reg[3]|clk       ;
; 0.500  ; 0.500        ; 0.000          ; High Pulse Width ; clk_divider:clk_unit|clk_25M ; Rise       ; vga_unit|h_count_reg[4]|clk       ;
; 0.500  ; 0.500        ; 0.000          ; Low Pulse Width  ; clk_divider:clk_unit|clk_25M ; Rise       ; vga_unit|h_count_reg[4]|clk       ;
; 0.500  ; 0.500        ; 0.000          ; High Pulse Width ; clk_divider:clk_unit|clk_25M ; Rise       ; vga_unit|h_count_reg[5]|clk       ;
; 0.500  ; 0.500        ; 0.000          ; Low Pulse Width  ; clk_divider:clk_unit|clk_25M ; Rise       ; vga_unit|h_count_reg[5]|clk       ;
; 0.500  ; 0.500        ; 0.000          ; High Pulse Width ; clk_divider:clk_unit|clk_25M ; Rise       ; vga_unit|h_count_reg[6]|clk       ;
; 0.500  ; 0.500        ; 0.000          ; Low Pulse Width  ; clk_divider:clk_unit|clk_25M ; Rise       ; vga_unit|h_count_reg[6]|clk       ;
; 0.500  ; 0.500        ; 0.000          ; High Pulse Width ; clk_divider:clk_unit|clk_25M ; Rise       ; vga_unit|h_count_reg[7]|clk       ;
; 0.500  ; 0.500        ; 0.000          ; Low Pulse Width  ; clk_divider:clk_unit|clk_25M ; Rise       ; vga_unit|h_count_reg[7]|clk       ;
; 0.500  ; 0.500        ; 0.000          ; High Pulse Width ; clk_divider:clk_unit|clk_25M ; Rise       ; vga_unit|h_count_reg[8]|clk       ;
; 0.500  ; 0.500        ; 0.000          ; Low Pulse Width  ; clk_divider:clk_unit|clk_25M ; Rise       ; vga_unit|h_count_reg[8]|clk       ;
; 0.500  ; 0.500        ; 0.000          ; High Pulse Width ; clk_divider:clk_unit|clk_25M ; Rise       ; vga_unit|h_count_reg[9]|clk       ;
; 0.500  ; 0.500        ; 0.000          ; Low Pulse Width  ; clk_divider:clk_unit|clk_25M ; Rise       ; vga_unit|h_count_reg[9]|clk       ;
; 0.500  ; 0.500        ; 0.000          ; High Pulse Width ; clk_divider:clk_unit|clk_25M ; Rise       ; vga_unit|v_count_reg[0]|clk       ;
; 0.500  ; 0.500        ; 0.000          ; Low Pulse Width  ; clk_divider:clk_unit|clk_25M ; Rise       ; vga_unit|v_count_reg[0]|clk       ;
; 0.500  ; 0.500        ; 0.000          ; High Pulse Width ; clk_divider:clk_unit|clk_25M ; Rise       ; vga_unit|v_count_reg[1]|clk       ;
; 0.500  ; 0.500        ; 0.000          ; Low Pulse Width  ; clk_divider:clk_unit|clk_25M ; Rise       ; vga_unit|v_count_reg[1]|clk       ;
; 0.500  ; 0.500        ; 0.000          ; High Pulse Width ; clk_divider:clk_unit|clk_25M ; Rise       ; vga_unit|v_count_reg[2]|clk       ;
; 0.500  ; 0.500        ; 0.000          ; Low Pulse Width  ; clk_divider:clk_unit|clk_25M ; Rise       ; vga_unit|v_count_reg[2]|clk       ;
; 0.500  ; 0.500        ; 0.000          ; High Pulse Width ; clk_divider:clk_unit|clk_25M ; Rise       ; vga_unit|v_count_reg[3]|clk       ;
; 0.500  ; 0.500        ; 0.000          ; Low Pulse Width  ; clk_divider:clk_unit|clk_25M ; Rise       ; vga_unit|v_count_reg[3]|clk       ;
; 0.500  ; 0.500        ; 0.000          ; High Pulse Width ; clk_divider:clk_unit|clk_25M ; Rise       ; vga_unit|v_count_reg[4]|clk       ;
; 0.500  ; 0.500        ; 0.000          ; Low Pulse Width  ; clk_divider:clk_unit|clk_25M ; Rise       ; vga_unit|v_count_reg[4]|clk       ;
; 0.500  ; 0.500        ; 0.000          ; High Pulse Width ; clk_divider:clk_unit|clk_25M ; Rise       ; vga_unit|v_count_reg[5]|clk       ;
; 0.500  ; 0.500        ; 0.000          ; Low Pulse Width  ; clk_divider:clk_unit|clk_25M ; Rise       ; vga_unit|v_count_reg[5]|clk       ;
; 0.500  ; 0.500        ; 0.000          ; High Pulse Width ; clk_divider:clk_unit|clk_25M ; Rise       ; vga_unit|v_count_reg[6]|clk       ;
; 0.500  ; 0.500        ; 0.000          ; Low Pulse Width  ; clk_divider:clk_unit|clk_25M ; Rise       ; vga_unit|v_count_reg[6]|clk       ;
; 0.500  ; 0.500        ; 0.000          ; High Pulse Width ; clk_divider:clk_unit|clk_25M ; Rise       ; vga_unit|v_count_reg[7]|clk       ;
; 0.500  ; 0.500        ; 0.000          ; Low Pulse Width  ; clk_divider:clk_unit|clk_25M ; Rise       ; vga_unit|v_count_reg[7]|clk       ;
; 0.500  ; 0.500        ; 0.000          ; High Pulse Width ; clk_divider:clk_unit|clk_25M ; Rise       ; vga_unit|v_count_reg[8]|clk       ;
; 0.500  ; 0.500        ; 0.000          ; Low Pulse Width  ; clk_divider:clk_unit|clk_25M ; Rise       ; vga_unit|v_count_reg[8]|clk       ;
; 0.500  ; 0.500        ; 0.000          ; High Pulse Width ; clk_divider:clk_unit|clk_25M ; Rise       ; vga_unit|v_count_reg[9]|clk       ;
; 0.500  ; 0.500        ; 0.000          ; Low Pulse Width  ; clk_divider:clk_unit|clk_25M ; Rise       ; vga_unit|v_count_reg[9]|clk       ;
+--------+--------------+----------------+------------------+------------------------------+------------+-----------------------------------+


+--------------------------------------------------------------------------------------------------------+
; Setup Times                                                                                            ;
+-----------+-------------------------------+-------+-------+------------+-------------------------------+
; Data Port ; Clock Port                    ; Rise  ; Fall  ; Clock Edge ; Clock Reference               ;
+-----------+-------------------------------+-------+-------+------------+-------------------------------+
; KEY[*]    ; clk_divider:clk_unit|clk_60Hz ; 3.575 ; 3.575 ; Rise       ; clk_divider:clk_unit|clk_60Hz ;
;  KEY[0]   ; clk_divider:clk_unit|clk_60Hz ; 3.548 ; 3.548 ; Rise       ; clk_divider:clk_unit|clk_60Hz ;
;  KEY[1]   ; clk_divider:clk_unit|clk_60Hz ; 3.222 ; 3.222 ; Rise       ; clk_divider:clk_unit|clk_60Hz ;
;  KEY[2]   ; clk_divider:clk_unit|clk_60Hz ; 2.717 ; 2.717 ; Rise       ; clk_divider:clk_unit|clk_60Hz ;
;  KEY[3]   ; clk_divider:clk_unit|clk_60Hz ; 3.575 ; 3.575 ; Rise       ; clk_divider:clk_unit|clk_60Hz ;
+-----------+-------------------------------+-------+-------+------------+-------------------------------+


+----------------------------------------------------------------------------------------------------------+
; Hold Times                                                                                               ;
+-----------+-------------------------------+--------+--------+------------+-------------------------------+
; Data Port ; Clock Port                    ; Rise   ; Fall   ; Clock Edge ; Clock Reference               ;
+-----------+-------------------------------+--------+--------+------------+-------------------------------+
; KEY[*]    ; clk_divider:clk_unit|clk_60Hz ; -1.953 ; -1.953 ; Rise       ; clk_divider:clk_unit|clk_60Hz ;
;  KEY[0]   ; clk_divider:clk_unit|clk_60Hz ; -2.875 ; -2.875 ; Rise       ; clk_divider:clk_unit|clk_60Hz ;
;  KEY[1]   ; clk_divider:clk_unit|clk_60Hz ; -1.953 ; -1.953 ; Rise       ; clk_divider:clk_unit|clk_60Hz ;
;  KEY[2]   ; clk_divider:clk_unit|clk_60Hz ; -2.510 ; -2.510 ; Rise       ; clk_divider:clk_unit|clk_60Hz ;
;  KEY[3]   ; clk_divider:clk_unit|clk_60Hz ; -2.942 ; -2.942 ; Rise       ; clk_divider:clk_unit|clk_60Hz ;
+-----------+-------------------------------+--------+--------+------------+-------------------------------+


+----------------------------------------------------------------------------------------------------------+
; Clock to Output Times                                                                                    ;
+-----------+-------------------------------+--------+--------+------------+-------------------------------+
; Data Port ; Clock Port                    ; Rise   ; Fall   ; Clock Edge ; Clock Reference               ;
+-----------+-------------------------------+--------+--------+------------+-------------------------------+
; VGA_B[*]  ; clk_divider:clk_unit|clk_25M  ; 9.671  ; 9.671  ; Rise       ; clk_divider:clk_unit|clk_25M  ;
;  VGA_B[0] ; clk_divider:clk_unit|clk_25M  ; 9.638  ; 9.638  ; Rise       ; clk_divider:clk_unit|clk_25M  ;
;  VGA_B[1] ; clk_divider:clk_unit|clk_25M  ; 9.638  ; 9.638  ; Rise       ; clk_divider:clk_unit|clk_25M  ;
;  VGA_B[2] ; clk_divider:clk_unit|clk_25M  ; 9.618  ; 9.618  ; Rise       ; clk_divider:clk_unit|clk_25M  ;
;  VGA_B[3] ; clk_divider:clk_unit|clk_25M  ; 9.608  ; 9.608  ; Rise       ; clk_divider:clk_unit|clk_25M  ;
;  VGA_B[4] ; clk_divider:clk_unit|clk_25M  ; 9.671  ; 9.671  ; Rise       ; clk_divider:clk_unit|clk_25M  ;
;  VGA_B[5] ; clk_divider:clk_unit|clk_25M  ; 9.661  ; 9.661  ; Rise       ; clk_divider:clk_unit|clk_25M  ;
;  VGA_B[6] ; clk_divider:clk_unit|clk_25M  ; 9.512  ; 9.512  ; Rise       ; clk_divider:clk_unit|clk_25M  ;
;  VGA_B[7] ; clk_divider:clk_unit|clk_25M  ; 9.512  ; 9.512  ; Rise       ; clk_divider:clk_unit|clk_25M  ;
;  VGA_B[8] ; clk_divider:clk_unit|clk_25M  ; 9.502  ; 9.502  ; Rise       ; clk_divider:clk_unit|clk_25M  ;
;  VGA_B[9] ; clk_divider:clk_unit|clk_25M  ; 9.488  ; 9.488  ; Rise       ; clk_divider:clk_unit|clk_25M  ;
; VGA_BLANK ; clk_divider:clk_unit|clk_25M  ; 6.008  ; 6.008  ; Rise       ; clk_divider:clk_unit|clk_25M  ;
; VGA_CLK   ; clk_divider:clk_unit|clk_25M  ; 2.874  ;        ; Rise       ; clk_divider:clk_unit|clk_25M  ;
; VGA_G[*]  ; clk_divider:clk_unit|clk_25M  ; 9.855  ; 9.855  ; Rise       ; clk_divider:clk_unit|clk_25M  ;
;  VGA_G[0] ; clk_divider:clk_unit|clk_25M  ; 9.855  ; 9.855  ; Rise       ; clk_divider:clk_unit|clk_25M  ;
;  VGA_G[1] ; clk_divider:clk_unit|clk_25M  ; 9.855  ; 9.855  ; Rise       ; clk_divider:clk_unit|clk_25M  ;
;  VGA_G[2] ; clk_divider:clk_unit|clk_25M  ; 9.845  ; 9.845  ; Rise       ; clk_divider:clk_unit|clk_25M  ;
;  VGA_G[3] ; clk_divider:clk_unit|clk_25M  ; 9.845  ; 9.845  ; Rise       ; clk_divider:clk_unit|clk_25M  ;
;  VGA_G[4] ; clk_divider:clk_unit|clk_25M  ; 9.845  ; 9.845  ; Rise       ; clk_divider:clk_unit|clk_25M  ;
;  VGA_G[5] ; clk_divider:clk_unit|clk_25M  ; 9.845  ; 9.845  ; Rise       ; clk_divider:clk_unit|clk_25M  ;
;  VGA_G[6] ; clk_divider:clk_unit|clk_25M  ; 9.825  ; 9.825  ; Rise       ; clk_divider:clk_unit|clk_25M  ;
;  VGA_G[7] ; clk_divider:clk_unit|clk_25M  ; 9.845  ; 9.845  ; Rise       ; clk_divider:clk_unit|clk_25M  ;
;  VGA_G[8] ; clk_divider:clk_unit|clk_25M  ; 9.766  ; 9.766  ; Rise       ; clk_divider:clk_unit|clk_25M  ;
;  VGA_G[9] ; clk_divider:clk_unit|clk_25M  ; 9.293  ; 9.293  ; Rise       ; clk_divider:clk_unit|clk_25M  ;
; VGA_HS    ; clk_divider:clk_unit|clk_25M  ; 5.935  ; 5.935  ; Rise       ; clk_divider:clk_unit|clk_25M  ;
; VGA_R[*]  ; clk_divider:clk_unit|clk_25M  ; 9.598  ; 9.598  ; Rise       ; clk_divider:clk_unit|clk_25M  ;
;  VGA_R[0] ; clk_divider:clk_unit|clk_25M  ; 9.598  ; 9.598  ; Rise       ; clk_divider:clk_unit|clk_25M  ;
;  VGA_R[1] ; clk_divider:clk_unit|clk_25M  ; 9.578  ; 9.578  ; Rise       ; clk_divider:clk_unit|clk_25M  ;
;  VGA_R[2] ; clk_divider:clk_unit|clk_25M  ; 9.578  ; 9.578  ; Rise       ; clk_divider:clk_unit|clk_25M  ;
;  VGA_R[3] ; clk_divider:clk_unit|clk_25M  ; 9.581  ; 9.581  ; Rise       ; clk_divider:clk_unit|clk_25M  ;
;  VGA_R[4] ; clk_divider:clk_unit|clk_25M  ; 9.581  ; 9.581  ; Rise       ; clk_divider:clk_unit|clk_25M  ;
;  VGA_R[5] ; clk_divider:clk_unit|clk_25M  ; 9.591  ; 9.591  ; Rise       ; clk_divider:clk_unit|clk_25M  ;
;  VGA_R[6] ; clk_divider:clk_unit|clk_25M  ; 9.449  ; 9.449  ; Rise       ; clk_divider:clk_unit|clk_25M  ;
;  VGA_R[7] ; clk_divider:clk_unit|clk_25M  ; 9.459  ; 9.459  ; Rise       ; clk_divider:clk_unit|clk_25M  ;
;  VGA_R[8] ; clk_divider:clk_unit|clk_25M  ; 9.496  ; 9.496  ; Rise       ; clk_divider:clk_unit|clk_25M  ;
;  VGA_R[9] ; clk_divider:clk_unit|clk_25M  ; 9.439  ; 9.439  ; Rise       ; clk_divider:clk_unit|clk_25M  ;
; VGA_VS    ; clk_divider:clk_unit|clk_25M  ; 5.962  ; 5.962  ; Rise       ; clk_divider:clk_unit|clk_25M  ;
; VGA_CLK   ; clk_divider:clk_unit|clk_25M  ;        ; 2.874  ; Fall       ; clk_divider:clk_unit|clk_25M  ;
; HEX0[*]   ; clk_divider:clk_unit|clk_60Hz ; 13.856 ; 13.856 ; Rise       ; clk_divider:clk_unit|clk_60Hz ;
;  HEX0[0]  ; clk_divider:clk_unit|clk_60Hz ; 13.856 ; 13.856 ; Rise       ; clk_divider:clk_unit|clk_60Hz ;
;  HEX0[1]  ; clk_divider:clk_unit|clk_60Hz ; 13.825 ; 13.825 ; Rise       ; clk_divider:clk_unit|clk_60Hz ;
;  HEX0[2]  ; clk_divider:clk_unit|clk_60Hz ; 13.841 ; 13.841 ; Rise       ; clk_divider:clk_unit|clk_60Hz ;
;  HEX0[3]  ; clk_divider:clk_unit|clk_60Hz ; 13.854 ; 13.854 ; Rise       ; clk_divider:clk_unit|clk_60Hz ;
;  HEX0[4]  ; clk_divider:clk_unit|clk_60Hz ; 13.854 ; 13.854 ; Rise       ; clk_divider:clk_unit|clk_60Hz ;
;  HEX0[5]  ; clk_divider:clk_unit|clk_60Hz ; 13.841 ; 13.841 ; Rise       ; clk_divider:clk_unit|clk_60Hz ;
;  HEX0[6]  ; clk_divider:clk_unit|clk_60Hz ; 13.738 ; 13.738 ; Rise       ; clk_divider:clk_unit|clk_60Hz ;
; HEX1[*]   ; clk_divider:clk_unit|clk_60Hz ; 14.509 ; 14.509 ; Rise       ; clk_divider:clk_unit|clk_60Hz ;
;  HEX1[0]  ; clk_divider:clk_unit|clk_60Hz ; 14.509 ; 14.509 ; Rise       ; clk_divider:clk_unit|clk_60Hz ;
;  HEX1[1]  ; clk_divider:clk_unit|clk_60Hz ; 14.509 ; 14.509 ; Rise       ; clk_divider:clk_unit|clk_60Hz ;
;  HEX1[2]  ; clk_divider:clk_unit|clk_60Hz ; 14.280 ; 14.280 ; Rise       ; clk_divider:clk_unit|clk_60Hz ;
;  HEX1[3]  ; clk_divider:clk_unit|clk_60Hz ; 14.255 ; 14.255 ; Rise       ; clk_divider:clk_unit|clk_60Hz ;
;  HEX1[4]  ; clk_divider:clk_unit|clk_60Hz ; 14.298 ; 14.298 ; Rise       ; clk_divider:clk_unit|clk_60Hz ;
;  HEX1[5]  ; clk_divider:clk_unit|clk_60Hz ; 14.391 ; 14.391 ; Rise       ; clk_divider:clk_unit|clk_60Hz ;
;  HEX1[6]  ; clk_divider:clk_unit|clk_60Hz ; 14.408 ; 14.408 ; Rise       ; clk_divider:clk_unit|clk_60Hz ;
; HEX2[*]   ; clk_divider:clk_unit|clk_60Hz ; 12.920 ; 12.920 ; Rise       ; clk_divider:clk_unit|clk_60Hz ;
;  HEX2[0]  ; clk_divider:clk_unit|clk_60Hz ; 12.920 ; 12.920 ; Rise       ; clk_divider:clk_unit|clk_60Hz ;
;  HEX2[1]  ; clk_divider:clk_unit|clk_60Hz ; 12.883 ; 12.883 ; Rise       ; clk_divider:clk_unit|clk_60Hz ;
;  HEX2[2]  ; clk_divider:clk_unit|clk_60Hz ; 12.900 ; 12.900 ; Rise       ; clk_divider:clk_unit|clk_60Hz ;
;  HEX2[3]  ; clk_divider:clk_unit|clk_60Hz ; 12.920 ; 12.920 ; Rise       ; clk_divider:clk_unit|clk_60Hz ;
;  HEX2[4]  ; clk_divider:clk_unit|clk_60Hz ; 12.786 ; 12.786 ; Rise       ; clk_divider:clk_unit|clk_60Hz ;
;  HEX2[5]  ; clk_divider:clk_unit|clk_60Hz ; 12.793 ; 12.793 ; Rise       ; clk_divider:clk_unit|clk_60Hz ;
;  HEX2[6]  ; clk_divider:clk_unit|clk_60Hz ; 12.783 ; 12.783 ; Rise       ; clk_divider:clk_unit|clk_60Hz ;
; HEX3[*]   ; clk_divider:clk_unit|clk_60Hz ; 8.756  ; 8.756  ; Rise       ; clk_divider:clk_unit|clk_60Hz ;
;  HEX3[0]  ; clk_divider:clk_unit|clk_60Hz ; 8.756  ; 8.756  ; Rise       ; clk_divider:clk_unit|clk_60Hz ;
;  HEX3[1]  ; clk_divider:clk_unit|clk_60Hz ; 8.631  ; 8.631  ; Rise       ; clk_divider:clk_unit|clk_60Hz ;
;  HEX3[2]  ; clk_divider:clk_unit|clk_60Hz ; 8.680  ; 8.680  ; Rise       ; clk_divider:clk_unit|clk_60Hz ;
;  HEX3[3]  ; clk_divider:clk_unit|clk_60Hz ; 8.633  ; 8.633  ; Rise       ; clk_divider:clk_unit|clk_60Hz ;
;  HEX3[4]  ; clk_divider:clk_unit|clk_60Hz ; 8.659  ; 8.659  ; Rise       ; clk_divider:clk_unit|clk_60Hz ;
;  HEX3[5]  ; clk_divider:clk_unit|clk_60Hz ; 8.728  ; 8.728  ; Rise       ; clk_divider:clk_unit|clk_60Hz ;
;  HEX3[6]  ; clk_divider:clk_unit|clk_60Hz ; 8.752  ; 8.752  ; Rise       ; clk_divider:clk_unit|clk_60Hz ;
; VGA_B[*]  ; clk_divider:clk_unit|clk_60Hz ; 8.022  ; 8.022  ; Rise       ; clk_divider:clk_unit|clk_60Hz ;
;  VGA_B[0] ; clk_divider:clk_unit|clk_60Hz ; 7.989  ; 7.989  ; Rise       ; clk_divider:clk_unit|clk_60Hz ;
;  VGA_B[1] ; clk_divider:clk_unit|clk_60Hz ; 7.989  ; 7.989  ; Rise       ; clk_divider:clk_unit|clk_60Hz ;
;  VGA_B[2] ; clk_divider:clk_unit|clk_60Hz ; 7.969  ; 7.969  ; Rise       ; clk_divider:clk_unit|clk_60Hz ;
;  VGA_B[3] ; clk_divider:clk_unit|clk_60Hz ; 7.959  ; 7.959  ; Rise       ; clk_divider:clk_unit|clk_60Hz ;
;  VGA_B[4] ; clk_divider:clk_unit|clk_60Hz ; 8.022  ; 8.022  ; Rise       ; clk_divider:clk_unit|clk_60Hz ;
;  VGA_B[5] ; clk_divider:clk_unit|clk_60Hz ; 8.012  ; 8.012  ; Rise       ; clk_divider:clk_unit|clk_60Hz ;
;  VGA_B[6] ; clk_divider:clk_unit|clk_60Hz ; 7.863  ; 7.863  ; Rise       ; clk_divider:clk_unit|clk_60Hz ;
;  VGA_B[7] ; clk_divider:clk_unit|clk_60Hz ; 7.863  ; 7.863  ; Rise       ; clk_divider:clk_unit|clk_60Hz ;
;  VGA_B[8] ; clk_divider:clk_unit|clk_60Hz ; 7.853  ; 7.853  ; Rise       ; clk_divider:clk_unit|clk_60Hz ;
;  VGA_B[9] ; clk_divider:clk_unit|clk_60Hz ; 7.839  ; 7.839  ; Rise       ; clk_divider:clk_unit|clk_60Hz ;
; VGA_G[*]  ; clk_divider:clk_unit|clk_60Hz ; 8.114  ; 8.114  ; Rise       ; clk_divider:clk_unit|clk_60Hz ;
;  VGA_G[0] ; clk_divider:clk_unit|clk_60Hz ; 8.114  ; 8.114  ; Rise       ; clk_divider:clk_unit|clk_60Hz ;
;  VGA_G[1] ; clk_divider:clk_unit|clk_60Hz ; 8.114  ; 8.114  ; Rise       ; clk_divider:clk_unit|clk_60Hz ;
;  VGA_G[2] ; clk_divider:clk_unit|clk_60Hz ; 8.104  ; 8.104  ; Rise       ; clk_divider:clk_unit|clk_60Hz ;
;  VGA_G[3] ; clk_divider:clk_unit|clk_60Hz ; 8.104  ; 8.104  ; Rise       ; clk_divider:clk_unit|clk_60Hz ;
;  VGA_G[4] ; clk_divider:clk_unit|clk_60Hz ; 8.104  ; 8.104  ; Rise       ; clk_divider:clk_unit|clk_60Hz ;
;  VGA_G[5] ; clk_divider:clk_unit|clk_60Hz ; 8.104  ; 8.104  ; Rise       ; clk_divider:clk_unit|clk_60Hz ;
;  VGA_G[6] ; clk_divider:clk_unit|clk_60Hz ; 8.084  ; 8.084  ; Rise       ; clk_divider:clk_unit|clk_60Hz ;
;  VGA_G[7] ; clk_divider:clk_unit|clk_60Hz ; 8.104  ; 8.104  ; Rise       ; clk_divider:clk_unit|clk_60Hz ;
;  VGA_G[8] ; clk_divider:clk_unit|clk_60Hz ; 8.025  ; 8.025  ; Rise       ; clk_divider:clk_unit|clk_60Hz ;
;  VGA_G[9] ; clk_divider:clk_unit|clk_60Hz ; 7.974  ; 7.974  ; Rise       ; clk_divider:clk_unit|clk_60Hz ;
; VGA_R[*]  ; clk_divider:clk_unit|clk_60Hz ; 8.266  ; 8.266  ; Rise       ; clk_divider:clk_unit|clk_60Hz ;
;  VGA_R[0] ; clk_divider:clk_unit|clk_60Hz ; 8.266  ; 8.266  ; Rise       ; clk_divider:clk_unit|clk_60Hz ;
;  VGA_R[1] ; clk_divider:clk_unit|clk_60Hz ; 8.246  ; 8.246  ; Rise       ; clk_divider:clk_unit|clk_60Hz ;
;  VGA_R[2] ; clk_divider:clk_unit|clk_60Hz ; 8.246  ; 8.246  ; Rise       ; clk_divider:clk_unit|clk_60Hz ;
;  VGA_R[3] ; clk_divider:clk_unit|clk_60Hz ; 8.249  ; 8.249  ; Rise       ; clk_divider:clk_unit|clk_60Hz ;
;  VGA_R[4] ; clk_divider:clk_unit|clk_60Hz ; 8.249  ; 8.249  ; Rise       ; clk_divider:clk_unit|clk_60Hz ;
;  VGA_R[5] ; clk_divider:clk_unit|clk_60Hz ; 8.259  ; 8.259  ; Rise       ; clk_divider:clk_unit|clk_60Hz ;
;  VGA_R[6] ; clk_divider:clk_unit|clk_60Hz ; 8.117  ; 8.117  ; Rise       ; clk_divider:clk_unit|clk_60Hz ;
;  VGA_R[7] ; clk_divider:clk_unit|clk_60Hz ; 8.127  ; 8.127  ; Rise       ; clk_divider:clk_unit|clk_60Hz ;
;  VGA_R[8] ; clk_divider:clk_unit|clk_60Hz ; 8.244  ; 8.244  ; Rise       ; clk_divider:clk_unit|clk_60Hz ;
;  VGA_R[9] ; clk_divider:clk_unit|clk_60Hz ; 8.107  ; 8.107  ; Rise       ; clk_divider:clk_unit|clk_60Hz ;
+-----------+-------------------------------+--------+--------+------------+-------------------------------+


+--------------------------------------------------------------------------------------------------------+
; Minimum Clock to Output Times                                                                          ;
+-----------+-------------------------------+-------+-------+------------+-------------------------------+
; Data Port ; Clock Port                    ; Rise  ; Fall  ; Clock Edge ; Clock Reference               ;
+-----------+-------------------------------+-------+-------+------------+-------------------------------+
; VGA_B[*]  ; clk_divider:clk_unit|clk_25M  ; 4.384 ; 4.384 ; Rise       ; clk_divider:clk_unit|clk_25M  ;
;  VGA_B[0] ; clk_divider:clk_unit|clk_25M  ; 4.712 ; 4.712 ; Rise       ; clk_divider:clk_unit|clk_25M  ;
;  VGA_B[1] ; clk_divider:clk_unit|clk_25M  ; 4.712 ; 4.712 ; Rise       ; clk_divider:clk_unit|clk_25M  ;
;  VGA_B[2] ; clk_divider:clk_unit|clk_25M  ; 4.692 ; 4.692 ; Rise       ; clk_divider:clk_unit|clk_25M  ;
;  VGA_B[3] ; clk_divider:clk_unit|clk_25M  ; 4.682 ; 4.682 ; Rise       ; clk_divider:clk_unit|clk_25M  ;
;  VGA_B[4] ; clk_divider:clk_unit|clk_25M  ; 4.745 ; 4.745 ; Rise       ; clk_divider:clk_unit|clk_25M  ;
;  VGA_B[5] ; clk_divider:clk_unit|clk_25M  ; 4.735 ; 4.735 ; Rise       ; clk_divider:clk_unit|clk_25M  ;
;  VGA_B[6] ; clk_divider:clk_unit|clk_25M  ; 4.586 ; 4.586 ; Rise       ; clk_divider:clk_unit|clk_25M  ;
;  VGA_B[7] ; clk_divider:clk_unit|clk_25M  ; 4.586 ; 4.586 ; Rise       ; clk_divider:clk_unit|clk_25M  ;
;  VGA_B[8] ; clk_divider:clk_unit|clk_25M  ; 4.576 ; 4.576 ; Rise       ; clk_divider:clk_unit|clk_25M  ;
;  VGA_B[9] ; clk_divider:clk_unit|clk_25M  ; 4.384 ; 4.384 ; Rise       ; clk_divider:clk_unit|clk_25M  ;
; VGA_BLANK ; clk_divider:clk_unit|clk_25M  ; 5.288 ; 5.288 ; Rise       ; clk_divider:clk_unit|clk_25M  ;
; VGA_CLK   ; clk_divider:clk_unit|clk_25M  ; 2.874 ;       ; Rise       ; clk_divider:clk_unit|clk_25M  ;
; VGA_G[*]  ; clk_divider:clk_unit|clk_25M  ; 4.706 ; 4.706 ; Rise       ; clk_divider:clk_unit|clk_25M  ;
;  VGA_G[0] ; clk_divider:clk_unit|clk_25M  ; 5.012 ; 5.012 ; Rise       ; clk_divider:clk_unit|clk_25M  ;
;  VGA_G[1] ; clk_divider:clk_unit|clk_25M  ; 5.012 ; 5.012 ; Rise       ; clk_divider:clk_unit|clk_25M  ;
;  VGA_G[2] ; clk_divider:clk_unit|clk_25M  ; 5.002 ; 5.002 ; Rise       ; clk_divider:clk_unit|clk_25M  ;
;  VGA_G[3] ; clk_divider:clk_unit|clk_25M  ; 5.002 ; 5.002 ; Rise       ; clk_divider:clk_unit|clk_25M  ;
;  VGA_G[4] ; clk_divider:clk_unit|clk_25M  ; 5.002 ; 5.002 ; Rise       ; clk_divider:clk_unit|clk_25M  ;
;  VGA_G[5] ; clk_divider:clk_unit|clk_25M  ; 5.002 ; 5.002 ; Rise       ; clk_divider:clk_unit|clk_25M  ;
;  VGA_G[6] ; clk_divider:clk_unit|clk_25M  ; 4.982 ; 4.982 ; Rise       ; clk_divider:clk_unit|clk_25M  ;
;  VGA_G[7] ; clk_divider:clk_unit|clk_25M  ; 5.002 ; 5.002 ; Rise       ; clk_divider:clk_unit|clk_25M  ;
;  VGA_G[8] ; clk_divider:clk_unit|clk_25M  ; 4.706 ; 4.706 ; Rise       ; clk_divider:clk_unit|clk_25M  ;
;  VGA_G[9] ; clk_divider:clk_unit|clk_25M  ; 4.847 ; 4.847 ; Rise       ; clk_divider:clk_unit|clk_25M  ;
; VGA_HS    ; clk_divider:clk_unit|clk_25M  ; 5.522 ; 5.522 ; Rise       ; clk_divider:clk_unit|clk_25M  ;
; VGA_R[*]  ; clk_divider:clk_unit|clk_25M  ; 4.737 ; 4.737 ; Rise       ; clk_divider:clk_unit|clk_25M  ;
;  VGA_R[0] ; clk_divider:clk_unit|clk_25M  ; 4.896 ; 4.896 ; Rise       ; clk_divider:clk_unit|clk_25M  ;
;  VGA_R[1] ; clk_divider:clk_unit|clk_25M  ; 4.876 ; 4.876 ; Rise       ; clk_divider:clk_unit|clk_25M  ;
;  VGA_R[2] ; clk_divider:clk_unit|clk_25M  ; 4.876 ; 4.876 ; Rise       ; clk_divider:clk_unit|clk_25M  ;
;  VGA_R[3] ; clk_divider:clk_unit|clk_25M  ; 4.879 ; 4.879 ; Rise       ; clk_divider:clk_unit|clk_25M  ;
;  VGA_R[4] ; clk_divider:clk_unit|clk_25M  ; 4.879 ; 4.879 ; Rise       ; clk_divider:clk_unit|clk_25M  ;
;  VGA_R[5] ; clk_divider:clk_unit|clk_25M  ; 4.889 ; 4.889 ; Rise       ; clk_divider:clk_unit|clk_25M  ;
;  VGA_R[6] ; clk_divider:clk_unit|clk_25M  ; 4.747 ; 4.747 ; Rise       ; clk_divider:clk_unit|clk_25M  ;
;  VGA_R[7] ; clk_divider:clk_unit|clk_25M  ; 4.757 ; 4.757 ; Rise       ; clk_divider:clk_unit|clk_25M  ;
;  VGA_R[8] ; clk_divider:clk_unit|clk_25M  ; 4.898 ; 4.898 ; Rise       ; clk_divider:clk_unit|clk_25M  ;
;  VGA_R[9] ; clk_divider:clk_unit|clk_25M  ; 4.737 ; 4.737 ; Rise       ; clk_divider:clk_unit|clk_25M  ;
; VGA_VS    ; clk_divider:clk_unit|clk_25M  ; 4.926 ; 4.926 ; Rise       ; clk_divider:clk_unit|clk_25M  ;
; VGA_CLK   ; clk_divider:clk_unit|clk_25M  ;       ; 2.874 ; Fall       ; clk_divider:clk_unit|clk_25M  ;
; HEX0[*]   ; clk_divider:clk_unit|clk_60Hz ; 5.437 ; 5.437 ; Rise       ; clk_divider:clk_unit|clk_60Hz ;
;  HEX0[0]  ; clk_divider:clk_unit|clk_60Hz ; 5.556 ; 5.556 ; Rise       ; clk_divider:clk_unit|clk_60Hz ;
;  HEX0[1]  ; clk_divider:clk_unit|clk_60Hz ; 5.517 ; 5.517 ; Rise       ; clk_divider:clk_unit|clk_60Hz ;
;  HEX0[2]  ; clk_divider:clk_unit|clk_60Hz ; 5.530 ; 5.530 ; Rise       ; clk_divider:clk_unit|clk_60Hz ;
;  HEX0[3]  ; clk_divider:clk_unit|clk_60Hz ; 5.554 ; 5.554 ; Rise       ; clk_divider:clk_unit|clk_60Hz ;
;  HEX0[4]  ; clk_divider:clk_unit|clk_60Hz ; 5.554 ; 5.554 ; Rise       ; clk_divider:clk_unit|clk_60Hz ;
;  HEX0[5]  ; clk_divider:clk_unit|clk_60Hz ; 5.530 ; 5.530 ; Rise       ; clk_divider:clk_unit|clk_60Hz ;
;  HEX0[6]  ; clk_divider:clk_unit|clk_60Hz ; 5.437 ; 5.437 ; Rise       ; clk_divider:clk_unit|clk_60Hz ;
; HEX1[*]   ; clk_divider:clk_unit|clk_60Hz ; 6.014 ; 6.014 ; Rise       ; clk_divider:clk_unit|clk_60Hz ;
;  HEX1[0]  ; clk_divider:clk_unit|clk_60Hz ; 6.270 ; 6.270 ; Rise       ; clk_divider:clk_unit|clk_60Hz ;
;  HEX1[1]  ; clk_divider:clk_unit|clk_60Hz ; 6.270 ; 6.270 ; Rise       ; clk_divider:clk_unit|clk_60Hz ;
;  HEX1[2]  ; clk_divider:clk_unit|clk_60Hz ; 6.041 ; 6.041 ; Rise       ; clk_divider:clk_unit|clk_60Hz ;
;  HEX1[3]  ; clk_divider:clk_unit|clk_60Hz ; 6.014 ; 6.014 ; Rise       ; clk_divider:clk_unit|clk_60Hz ;
;  HEX1[4]  ; clk_divider:clk_unit|clk_60Hz ; 6.056 ; 6.056 ; Rise       ; clk_divider:clk_unit|clk_60Hz ;
;  HEX1[5]  ; clk_divider:clk_unit|clk_60Hz ; 6.146 ; 6.146 ; Rise       ; clk_divider:clk_unit|clk_60Hz ;
;  HEX1[6]  ; clk_divider:clk_unit|clk_60Hz ; 6.170 ; 6.170 ; Rise       ; clk_divider:clk_unit|clk_60Hz ;
; HEX2[*]   ; clk_divider:clk_unit|clk_60Hz ; 6.618 ; 6.618 ; Rise       ; clk_divider:clk_unit|clk_60Hz ;
;  HEX2[0]  ; clk_divider:clk_unit|clk_60Hz ; 6.771 ; 6.771 ; Rise       ; clk_divider:clk_unit|clk_60Hz ;
;  HEX2[1]  ; clk_divider:clk_unit|clk_60Hz ; 6.731 ; 6.731 ; Rise       ; clk_divider:clk_unit|clk_60Hz ;
;  HEX2[2]  ; clk_divider:clk_unit|clk_60Hz ; 6.748 ; 6.748 ; Rise       ; clk_divider:clk_unit|clk_60Hz ;
;  HEX2[3]  ; clk_divider:clk_unit|clk_60Hz ; 6.769 ; 6.769 ; Rise       ; clk_divider:clk_unit|clk_60Hz ;
;  HEX2[4]  ; clk_divider:clk_unit|clk_60Hz ; 6.624 ; 6.624 ; Rise       ; clk_divider:clk_unit|clk_60Hz ;
;  HEX2[5]  ; clk_divider:clk_unit|clk_60Hz ; 6.629 ; 6.629 ; Rise       ; clk_divider:clk_unit|clk_60Hz ;
;  HEX2[6]  ; clk_divider:clk_unit|clk_60Hz ; 6.618 ; 6.618 ; Rise       ; clk_divider:clk_unit|clk_60Hz ;
; HEX3[*]   ; clk_divider:clk_unit|clk_60Hz ; 6.043 ; 6.043 ; Rise       ; clk_divider:clk_unit|clk_60Hz ;
;  HEX3[0]  ; clk_divider:clk_unit|clk_60Hz ; 6.177 ; 6.177 ; Rise       ; clk_divider:clk_unit|clk_60Hz ;
;  HEX3[1]  ; clk_divider:clk_unit|clk_60Hz ; 6.043 ; 6.043 ; Rise       ; clk_divider:clk_unit|clk_60Hz ;
;  HEX3[2]  ; clk_divider:clk_unit|clk_60Hz ; 6.067 ; 6.067 ; Rise       ; clk_divider:clk_unit|clk_60Hz ;
;  HEX3[3]  ; clk_divider:clk_unit|clk_60Hz ; 6.044 ; 6.044 ; Rise       ; clk_divider:clk_unit|clk_60Hz ;
;  HEX3[4]  ; clk_divider:clk_unit|clk_60Hz ; 6.070 ; 6.070 ; Rise       ; clk_divider:clk_unit|clk_60Hz ;
;  HEX3[5]  ; clk_divider:clk_unit|clk_60Hz ; 6.139 ; 6.139 ; Rise       ; clk_divider:clk_unit|clk_60Hz ;
;  HEX3[6]  ; clk_divider:clk_unit|clk_60Hz ; 6.169 ; 6.169 ; Rise       ; clk_divider:clk_unit|clk_60Hz ;
; VGA_B[*]  ; clk_divider:clk_unit|clk_60Hz ; 4.460 ; 4.460 ; Rise       ; clk_divider:clk_unit|clk_60Hz ;
;  VGA_B[0] ; clk_divider:clk_unit|clk_60Hz ; 4.596 ; 4.596 ; Rise       ; clk_divider:clk_unit|clk_60Hz ;
;  VGA_B[1] ; clk_divider:clk_unit|clk_60Hz ; 4.596 ; 4.596 ; Rise       ; clk_divider:clk_unit|clk_60Hz ;
;  VGA_B[2] ; clk_divider:clk_unit|clk_60Hz ; 4.576 ; 4.576 ; Rise       ; clk_divider:clk_unit|clk_60Hz ;
;  VGA_B[3] ; clk_divider:clk_unit|clk_60Hz ; 4.566 ; 4.566 ; Rise       ; clk_divider:clk_unit|clk_60Hz ;
;  VGA_B[4] ; clk_divider:clk_unit|clk_60Hz ; 4.629 ; 4.629 ; Rise       ; clk_divider:clk_unit|clk_60Hz ;
;  VGA_B[5] ; clk_divider:clk_unit|clk_60Hz ; 4.619 ; 4.619 ; Rise       ; clk_divider:clk_unit|clk_60Hz ;
;  VGA_B[6] ; clk_divider:clk_unit|clk_60Hz ; 4.470 ; 4.470 ; Rise       ; clk_divider:clk_unit|clk_60Hz ;
;  VGA_B[7] ; clk_divider:clk_unit|clk_60Hz ; 4.470 ; 4.470 ; Rise       ; clk_divider:clk_unit|clk_60Hz ;
;  VGA_B[8] ; clk_divider:clk_unit|clk_60Hz ; 4.460 ; 4.460 ; Rise       ; clk_divider:clk_unit|clk_60Hz ;
;  VGA_B[9] ; clk_divider:clk_unit|clk_60Hz ; 4.805 ; 4.805 ; Rise       ; clk_divider:clk_unit|clk_60Hz ;
; VGA_G[*]  ; clk_divider:clk_unit|clk_60Hz ; 4.586 ; 4.586 ; Rise       ; clk_divider:clk_unit|clk_60Hz ;
;  VGA_G[0] ; clk_divider:clk_unit|clk_60Hz ; 5.020 ; 5.020 ; Rise       ; clk_divider:clk_unit|clk_60Hz ;
;  VGA_G[1] ; clk_divider:clk_unit|clk_60Hz ; 5.020 ; 5.020 ; Rise       ; clk_divider:clk_unit|clk_60Hz ;
;  VGA_G[2] ; clk_divider:clk_unit|clk_60Hz ; 5.010 ; 5.010 ; Rise       ; clk_divider:clk_unit|clk_60Hz ;
;  VGA_G[3] ; clk_divider:clk_unit|clk_60Hz ; 5.010 ; 5.010 ; Rise       ; clk_divider:clk_unit|clk_60Hz ;
;  VGA_G[4] ; clk_divider:clk_unit|clk_60Hz ; 5.010 ; 5.010 ; Rise       ; clk_divider:clk_unit|clk_60Hz ;
;  VGA_G[5] ; clk_divider:clk_unit|clk_60Hz ; 5.010 ; 5.010 ; Rise       ; clk_divider:clk_unit|clk_60Hz ;
;  VGA_G[6] ; clk_divider:clk_unit|clk_60Hz ; 4.990 ; 4.990 ; Rise       ; clk_divider:clk_unit|clk_60Hz ;
;  VGA_G[7] ; clk_divider:clk_unit|clk_60Hz ; 5.010 ; 5.010 ; Rise       ; clk_divider:clk_unit|clk_60Hz ;
;  VGA_G[8] ; clk_divider:clk_unit|clk_60Hz ; 4.931 ; 4.931 ; Rise       ; clk_divider:clk_unit|clk_60Hz ;
;  VGA_G[9] ; clk_divider:clk_unit|clk_60Hz ; 4.586 ; 4.586 ; Rise       ; clk_divider:clk_unit|clk_60Hz ;
; VGA_R[*]  ; clk_divider:clk_unit|clk_60Hz ; 4.781 ; 4.781 ; Rise       ; clk_divider:clk_unit|clk_60Hz ;
;  VGA_R[0] ; clk_divider:clk_unit|clk_60Hz ; 5.323 ; 5.323 ; Rise       ; clk_divider:clk_unit|clk_60Hz ;
;  VGA_R[1] ; clk_divider:clk_unit|clk_60Hz ; 5.303 ; 5.303 ; Rise       ; clk_divider:clk_unit|clk_60Hz ;
;  VGA_R[2] ; clk_divider:clk_unit|clk_60Hz ; 5.303 ; 5.303 ; Rise       ; clk_divider:clk_unit|clk_60Hz ;
;  VGA_R[3] ; clk_divider:clk_unit|clk_60Hz ; 5.306 ; 5.306 ; Rise       ; clk_divider:clk_unit|clk_60Hz ;
;  VGA_R[4] ; clk_divider:clk_unit|clk_60Hz ; 5.306 ; 5.306 ; Rise       ; clk_divider:clk_unit|clk_60Hz ;
;  VGA_R[5] ; clk_divider:clk_unit|clk_60Hz ; 5.316 ; 5.316 ; Rise       ; clk_divider:clk_unit|clk_60Hz ;
;  VGA_R[6] ; clk_divider:clk_unit|clk_60Hz ; 5.174 ; 5.174 ; Rise       ; clk_divider:clk_unit|clk_60Hz ;
;  VGA_R[7] ; clk_divider:clk_unit|clk_60Hz ; 5.184 ; 5.184 ; Rise       ; clk_divider:clk_unit|clk_60Hz ;
;  VGA_R[8] ; clk_divider:clk_unit|clk_60Hz ; 4.781 ; 4.781 ; Rise       ; clk_divider:clk_unit|clk_60Hz ;
;  VGA_R[9] ; clk_divider:clk_unit|clk_60Hz ; 5.164 ; 5.164 ; Rise       ; clk_divider:clk_unit|clk_60Hz ;
+-----------+-------------------------------+-------+-------+------------+-------------------------------+


+------------------------------------------------------------------------------------------------+
; Multicorner Timing Analysis Summary                                                            ;
+--------------------------------+-----------+--------+----------+---------+---------------------+
; Clock                          ; Setup     ; Hold   ; Recovery ; Removal ; Minimum Pulse Width ;
+--------------------------------+-----------+--------+----------+---------+---------------------+
; Worst-case Slack               ; -10.355   ; -2.538 ; N/A      ; N/A     ; -1.380              ;
;  CLOCK_50                      ; -2.397    ; -2.538 ; N/A      ; N/A     ; -1.380              ;
;  clk_divider:clk_unit|clk_25M  ; -1.608    ; 0.365  ; N/A      ; N/A     ; -0.500              ;
;  clk_divider:clk_unit|clk_60Hz ; -10.355   ; 0.215  ; N/A      ; N/A     ; -0.500              ;
; Design-wide TNS                ; -1654.392 ; -5.076 ; 0.0      ; 0.0     ; -232.38             ;
;  CLOCK_50                      ; -38.771   ; -5.076 ; N/A      ; N/A     ; -23.380             ;
;  clk_divider:clk_unit|clk_25M  ; -24.912   ; 0.000  ; N/A      ; N/A     ; -20.000             ;
;  clk_divider:clk_unit|clk_60Hz ; -1590.709 ; 0.000  ; N/A      ; N/A     ; -189.000            ;
+--------------------------------+-----------+--------+----------+---------+---------------------+


+--------------------------------------------------------------------------------------------------------+
; Setup Times                                                                                            ;
+-----------+-------------------------------+-------+-------+------------+-------------------------------+
; Data Port ; Clock Port                    ; Rise  ; Fall  ; Clock Edge ; Clock Reference               ;
+-----------+-------------------------------+-------+-------+------------+-------------------------------+
; KEY[*]    ; clk_divider:clk_unit|clk_60Hz ; 6.672 ; 6.672 ; Rise       ; clk_divider:clk_unit|clk_60Hz ;
;  KEY[0]   ; clk_divider:clk_unit|clk_60Hz ; 6.672 ; 6.672 ; Rise       ; clk_divider:clk_unit|clk_60Hz ;
;  KEY[1]   ; clk_divider:clk_unit|clk_60Hz ; 6.230 ; 6.230 ; Rise       ; clk_divider:clk_unit|clk_60Hz ;
;  KEY[2]   ; clk_divider:clk_unit|clk_60Hz ; 4.910 ; 4.910 ; Rise       ; clk_divider:clk_unit|clk_60Hz ;
;  KEY[3]   ; clk_divider:clk_unit|clk_60Hz ; 6.638 ; 6.638 ; Rise       ; clk_divider:clk_unit|clk_60Hz ;
+-----------+-------------------------------+-------+-------+------------+-------------------------------+


+----------------------------------------------------------------------------------------------------------+
; Hold Times                                                                                               ;
+-----------+-------------------------------+--------+--------+------------+-------------------------------+
; Data Port ; Clock Port                    ; Rise   ; Fall   ; Clock Edge ; Clock Reference               ;
+-----------+-------------------------------+--------+--------+------------+-------------------------------+
; KEY[*]    ; clk_divider:clk_unit|clk_60Hz ; -1.953 ; -1.953 ; Rise       ; clk_divider:clk_unit|clk_60Hz ;
;  KEY[0]   ; clk_divider:clk_unit|clk_60Hz ; -2.875 ; -2.875 ; Rise       ; clk_divider:clk_unit|clk_60Hz ;
;  KEY[1]   ; clk_divider:clk_unit|clk_60Hz ; -1.953 ; -1.953 ; Rise       ; clk_divider:clk_unit|clk_60Hz ;
;  KEY[2]   ; clk_divider:clk_unit|clk_60Hz ; -2.510 ; -2.510 ; Rise       ; clk_divider:clk_unit|clk_60Hz ;
;  KEY[3]   ; clk_divider:clk_unit|clk_60Hz ; -2.942 ; -2.942 ; Rise       ; clk_divider:clk_unit|clk_60Hz ;
+-----------+-------------------------------+--------+--------+------------+-------------------------------+


+----------------------------------------------------------------------------------------------------------+
; Clock to Output Times                                                                                    ;
+-----------+-------------------------------+--------+--------+------------+-------------------------------+
; Data Port ; Clock Port                    ; Rise   ; Fall   ; Clock Edge ; Clock Reference               ;
+-----------+-------------------------------+--------+--------+------------+-------------------------------+
; VGA_B[*]  ; clk_divider:clk_unit|clk_25M  ; 20.100 ; 20.100 ; Rise       ; clk_divider:clk_unit|clk_25M  ;
;  VGA_B[0] ; clk_divider:clk_unit|clk_25M  ; 20.071 ; 20.071 ; Rise       ; clk_divider:clk_unit|clk_25M  ;
;  VGA_B[1] ; clk_divider:clk_unit|clk_25M  ; 20.071 ; 20.071 ; Rise       ; clk_divider:clk_unit|clk_25M  ;
;  VGA_B[2] ; clk_divider:clk_unit|clk_25M  ; 20.047 ; 20.047 ; Rise       ; clk_divider:clk_unit|clk_25M  ;
;  VGA_B[3] ; clk_divider:clk_unit|clk_25M  ; 20.037 ; 20.037 ; Rise       ; clk_divider:clk_unit|clk_25M  ;
;  VGA_B[4] ; clk_divider:clk_unit|clk_25M  ; 20.100 ; 20.100 ; Rise       ; clk_divider:clk_unit|clk_25M  ;
;  VGA_B[5] ; clk_divider:clk_unit|clk_25M  ; 20.090 ; 20.090 ; Rise       ; clk_divider:clk_unit|clk_25M  ;
;  VGA_B[6] ; clk_divider:clk_unit|clk_25M  ; 19.790 ; 19.790 ; Rise       ; clk_divider:clk_unit|clk_25M  ;
;  VGA_B[7] ; clk_divider:clk_unit|clk_25M  ; 19.790 ; 19.790 ; Rise       ; clk_divider:clk_unit|clk_25M  ;
;  VGA_B[8] ; clk_divider:clk_unit|clk_25M  ; 19.780 ; 19.780 ; Rise       ; clk_divider:clk_unit|clk_25M  ;
;  VGA_B[9] ; clk_divider:clk_unit|clk_25M  ; 19.772 ; 19.772 ; Rise       ; clk_divider:clk_unit|clk_25M  ;
; VGA_BLANK ; clk_divider:clk_unit|clk_25M  ; 11.403 ; 11.403 ; Rise       ; clk_divider:clk_unit|clk_25M  ;
; VGA_CLK   ; clk_divider:clk_unit|clk_25M  ; 5.378  ;        ; Rise       ; clk_divider:clk_unit|clk_25M  ;
; VGA_G[*]  ; clk_divider:clk_unit|clk_25M  ; 20.566 ; 20.566 ; Rise       ; clk_divider:clk_unit|clk_25M  ;
;  VGA_G[0] ; clk_divider:clk_unit|clk_25M  ; 20.558 ; 20.558 ; Rise       ; clk_divider:clk_unit|clk_25M  ;
;  VGA_G[1] ; clk_divider:clk_unit|clk_25M  ; 20.558 ; 20.558 ; Rise       ; clk_divider:clk_unit|clk_25M  ;
;  VGA_G[2] ; clk_divider:clk_unit|clk_25M  ; 20.548 ; 20.548 ; Rise       ; clk_divider:clk_unit|clk_25M  ;
;  VGA_G[3] ; clk_divider:clk_unit|clk_25M  ; 20.548 ; 20.548 ; Rise       ; clk_divider:clk_unit|clk_25M  ;
;  VGA_G[4] ; clk_divider:clk_unit|clk_25M  ; 20.540 ; 20.540 ; Rise       ; clk_divider:clk_unit|clk_25M  ;
;  VGA_G[5] ; clk_divider:clk_unit|clk_25M  ; 20.540 ; 20.540 ; Rise       ; clk_divider:clk_unit|clk_25M  ;
;  VGA_G[6] ; clk_divider:clk_unit|clk_25M  ; 20.546 ; 20.546 ; Rise       ; clk_divider:clk_unit|clk_25M  ;
;  VGA_G[7] ; clk_divider:clk_unit|clk_25M  ; 20.566 ; 20.566 ; Rise       ; clk_divider:clk_unit|clk_25M  ;
;  VGA_G[8] ; clk_divider:clk_unit|clk_25M  ; 20.360 ; 20.360 ; Rise       ; clk_divider:clk_unit|clk_25M  ;
;  VGA_G[9] ; clk_divider:clk_unit|clk_25M  ; 19.543 ; 19.543 ; Rise       ; clk_divider:clk_unit|clk_25M  ;
; VGA_HS    ; clk_divider:clk_unit|clk_25M  ; 11.495 ; 11.495 ; Rise       ; clk_divider:clk_unit|clk_25M  ;
; VGA_R[*]  ; clk_divider:clk_unit|clk_25M  ; 20.152 ; 20.152 ; Rise       ; clk_divider:clk_unit|clk_25M  ;
;  VGA_R[0] ; clk_divider:clk_unit|clk_25M  ; 20.152 ; 20.152 ; Rise       ; clk_divider:clk_unit|clk_25M  ;
;  VGA_R[1] ; clk_divider:clk_unit|clk_25M  ; 20.132 ; 20.132 ; Rise       ; clk_divider:clk_unit|clk_25M  ;
;  VGA_R[2] ; clk_divider:clk_unit|clk_25M  ; 20.132 ; 20.132 ; Rise       ; clk_divider:clk_unit|clk_25M  ;
;  VGA_R[3] ; clk_divider:clk_unit|clk_25M  ; 20.134 ; 20.134 ; Rise       ; clk_divider:clk_unit|clk_25M  ;
;  VGA_R[4] ; clk_divider:clk_unit|clk_25M  ; 20.134 ; 20.134 ; Rise       ; clk_divider:clk_unit|clk_25M  ;
;  VGA_R[5] ; clk_divider:clk_unit|clk_25M  ; 20.144 ; 20.144 ; Rise       ; clk_divider:clk_unit|clk_25M  ;
;  VGA_R[6] ; clk_divider:clk_unit|clk_25M  ; 19.862 ; 19.862 ; Rise       ; clk_divider:clk_unit|clk_25M  ;
;  VGA_R[7] ; clk_divider:clk_unit|clk_25M  ; 19.872 ; 19.872 ; Rise       ; clk_divider:clk_unit|clk_25M  ;
;  VGA_R[8] ; clk_divider:clk_unit|clk_25M  ; 19.828 ; 19.828 ; Rise       ; clk_divider:clk_unit|clk_25M  ;
;  VGA_R[9] ; clk_divider:clk_unit|clk_25M  ; 19.852 ; 19.852 ; Rise       ; clk_divider:clk_unit|clk_25M  ;
; VGA_VS    ; clk_divider:clk_unit|clk_25M  ; 11.541 ; 11.541 ; Rise       ; clk_divider:clk_unit|clk_25M  ;
; VGA_CLK   ; clk_divider:clk_unit|clk_25M  ;        ; 5.378  ; Fall       ; clk_divider:clk_unit|clk_25M  ;
; HEX0[*]   ; clk_divider:clk_unit|clk_60Hz ; 30.172 ; 30.172 ; Rise       ; clk_divider:clk_unit|clk_60Hz ;
;  HEX0[0]  ; clk_divider:clk_unit|clk_60Hz ; 30.169 ; 30.169 ; Rise       ; clk_divider:clk_unit|clk_60Hz ;
;  HEX0[1]  ; clk_divider:clk_unit|clk_60Hz ; 30.129 ; 30.129 ; Rise       ; clk_divider:clk_unit|clk_60Hz ;
;  HEX0[2]  ; clk_divider:clk_unit|clk_60Hz ; 30.144 ; 30.144 ; Rise       ; clk_divider:clk_unit|clk_60Hz ;
;  HEX0[3]  ; clk_divider:clk_unit|clk_60Hz ; 30.172 ; 30.172 ; Rise       ; clk_divider:clk_unit|clk_60Hz ;
;  HEX0[4]  ; clk_divider:clk_unit|clk_60Hz ; 30.172 ; 30.172 ; Rise       ; clk_divider:clk_unit|clk_60Hz ;
;  HEX0[5]  ; clk_divider:clk_unit|clk_60Hz ; 30.142 ; 30.142 ; Rise       ; clk_divider:clk_unit|clk_60Hz ;
;  HEX0[6]  ; clk_divider:clk_unit|clk_60Hz ; 29.928 ; 29.928 ; Rise       ; clk_divider:clk_unit|clk_60Hz ;
; HEX1[*]   ; clk_divider:clk_unit|clk_60Hz ; 31.392 ; 31.392 ; Rise       ; clk_divider:clk_unit|clk_60Hz ;
;  HEX1[0]  ; clk_divider:clk_unit|clk_60Hz ; 31.389 ; 31.389 ; Rise       ; clk_divider:clk_unit|clk_60Hz ;
;  HEX1[1]  ; clk_divider:clk_unit|clk_60Hz ; 31.392 ; 31.392 ; Rise       ; clk_divider:clk_unit|clk_60Hz ;
;  HEX1[2]  ; clk_divider:clk_unit|clk_60Hz ; 30.964 ; 30.964 ; Rise       ; clk_divider:clk_unit|clk_60Hz ;
;  HEX1[3]  ; clk_divider:clk_unit|clk_60Hz ; 30.950 ; 30.950 ; Rise       ; clk_divider:clk_unit|clk_60Hz ;
;  HEX1[4]  ; clk_divider:clk_unit|clk_60Hz ; 31.013 ; 31.013 ; Rise       ; clk_divider:clk_unit|clk_60Hz ;
;  HEX1[5]  ; clk_divider:clk_unit|clk_60Hz ; 31.238 ; 31.238 ; Rise       ; clk_divider:clk_unit|clk_60Hz ;
;  HEX1[6]  ; clk_divider:clk_unit|clk_60Hz ; 31.260 ; 31.260 ; Rise       ; clk_divider:clk_unit|clk_60Hz ;
; HEX2[*]   ; clk_divider:clk_unit|clk_60Hz ; 27.720 ; 27.720 ; Rise       ; clk_divider:clk_unit|clk_60Hz ;
;  HEX2[0]  ; clk_divider:clk_unit|clk_60Hz ; 27.720 ; 27.720 ; Rise       ; clk_divider:clk_unit|clk_60Hz ;
;  HEX2[1]  ; clk_divider:clk_unit|clk_60Hz ; 27.683 ; 27.683 ; Rise       ; clk_divider:clk_unit|clk_60Hz ;
;  HEX2[2]  ; clk_divider:clk_unit|clk_60Hz ; 27.638 ; 27.638 ; Rise       ; clk_divider:clk_unit|clk_60Hz ;
;  HEX2[3]  ; clk_divider:clk_unit|clk_60Hz ; 27.713 ; 27.713 ; Rise       ; clk_divider:clk_unit|clk_60Hz ;
;  HEX2[4]  ; clk_divider:clk_unit|clk_60Hz ; 27.428 ; 27.428 ; Rise       ; clk_divider:clk_unit|clk_60Hz ;
;  HEX2[5]  ; clk_divider:clk_unit|clk_60Hz ; 27.442 ; 27.442 ; Rise       ; clk_divider:clk_unit|clk_60Hz ;
;  HEX2[6]  ; clk_divider:clk_unit|clk_60Hz ; 27.432 ; 27.432 ; Rise       ; clk_divider:clk_unit|clk_60Hz ;
; HEX3[*]   ; clk_divider:clk_unit|clk_60Hz ; 18.063 ; 18.063 ; Rise       ; clk_divider:clk_unit|clk_60Hz ;
;  HEX3[0]  ; clk_divider:clk_unit|clk_60Hz ; 18.063 ; 18.063 ; Rise       ; clk_divider:clk_unit|clk_60Hz ;
;  HEX3[1]  ; clk_divider:clk_unit|clk_60Hz ; 17.760 ; 17.760 ; Rise       ; clk_divider:clk_unit|clk_60Hz ;
;  HEX3[2]  ; clk_divider:clk_unit|clk_60Hz ; 17.802 ; 17.802 ; Rise       ; clk_divider:clk_unit|clk_60Hz ;
;  HEX3[3]  ; clk_divider:clk_unit|clk_60Hz ; 17.763 ; 17.763 ; Rise       ; clk_divider:clk_unit|clk_60Hz ;
;  HEX3[4]  ; clk_divider:clk_unit|clk_60Hz ; 17.804 ; 17.804 ; Rise       ; clk_divider:clk_unit|clk_60Hz ;
;  HEX3[5]  ; clk_divider:clk_unit|clk_60Hz ; 18.012 ; 18.012 ; Rise       ; clk_divider:clk_unit|clk_60Hz ;
;  HEX3[6]  ; clk_divider:clk_unit|clk_60Hz ; 18.054 ; 18.054 ; Rise       ; clk_divider:clk_unit|clk_60Hz ;
; VGA_B[*]  ; clk_divider:clk_unit|clk_60Hz ; 16.473 ; 16.473 ; Rise       ; clk_divider:clk_unit|clk_60Hz ;
;  VGA_B[0] ; clk_divider:clk_unit|clk_60Hz ; 16.444 ; 16.444 ; Rise       ; clk_divider:clk_unit|clk_60Hz ;
;  VGA_B[1] ; clk_divider:clk_unit|clk_60Hz ; 16.444 ; 16.444 ; Rise       ; clk_divider:clk_unit|clk_60Hz ;
;  VGA_B[2] ; clk_divider:clk_unit|clk_60Hz ; 16.420 ; 16.420 ; Rise       ; clk_divider:clk_unit|clk_60Hz ;
;  VGA_B[3] ; clk_divider:clk_unit|clk_60Hz ; 16.410 ; 16.410 ; Rise       ; clk_divider:clk_unit|clk_60Hz ;
;  VGA_B[4] ; clk_divider:clk_unit|clk_60Hz ; 16.473 ; 16.473 ; Rise       ; clk_divider:clk_unit|clk_60Hz ;
;  VGA_B[5] ; clk_divider:clk_unit|clk_60Hz ; 16.463 ; 16.463 ; Rise       ; clk_divider:clk_unit|clk_60Hz ;
;  VGA_B[6] ; clk_divider:clk_unit|clk_60Hz ; 16.163 ; 16.163 ; Rise       ; clk_divider:clk_unit|clk_60Hz ;
;  VGA_B[7] ; clk_divider:clk_unit|clk_60Hz ; 16.163 ; 16.163 ; Rise       ; clk_divider:clk_unit|clk_60Hz ;
;  VGA_B[8] ; clk_divider:clk_unit|clk_60Hz ; 16.153 ; 16.153 ; Rise       ; clk_divider:clk_unit|clk_60Hz ;
;  VGA_B[9] ; clk_divider:clk_unit|clk_60Hz ; 16.145 ; 16.145 ; Rise       ; clk_divider:clk_unit|clk_60Hz ;
; VGA_G[*]  ; clk_divider:clk_unit|clk_60Hz ; 16.688 ; 16.688 ; Rise       ; clk_divider:clk_unit|clk_60Hz ;
;  VGA_G[0] ; clk_divider:clk_unit|clk_60Hz ; 16.680 ; 16.680 ; Rise       ; clk_divider:clk_unit|clk_60Hz ;
;  VGA_G[1] ; clk_divider:clk_unit|clk_60Hz ; 16.680 ; 16.680 ; Rise       ; clk_divider:clk_unit|clk_60Hz ;
;  VGA_G[2] ; clk_divider:clk_unit|clk_60Hz ; 16.670 ; 16.670 ; Rise       ; clk_divider:clk_unit|clk_60Hz ;
;  VGA_G[3] ; clk_divider:clk_unit|clk_60Hz ; 16.670 ; 16.670 ; Rise       ; clk_divider:clk_unit|clk_60Hz ;
;  VGA_G[4] ; clk_divider:clk_unit|clk_60Hz ; 16.662 ; 16.662 ; Rise       ; clk_divider:clk_unit|clk_60Hz ;
;  VGA_G[5] ; clk_divider:clk_unit|clk_60Hz ; 16.662 ; 16.662 ; Rise       ; clk_divider:clk_unit|clk_60Hz ;
;  VGA_G[6] ; clk_divider:clk_unit|clk_60Hz ; 16.668 ; 16.668 ; Rise       ; clk_divider:clk_unit|clk_60Hz ;
;  VGA_G[7] ; clk_divider:clk_unit|clk_60Hz ; 16.688 ; 16.688 ; Rise       ; clk_divider:clk_unit|clk_60Hz ;
;  VGA_G[8] ; clk_divider:clk_unit|clk_60Hz ; 16.482 ; 16.482 ; Rise       ; clk_divider:clk_unit|clk_60Hz ;
;  VGA_G[9] ; clk_divider:clk_unit|clk_60Hz ; 16.398 ; 16.398 ; Rise       ; clk_divider:clk_unit|clk_60Hz ;
; VGA_R[*]  ; clk_divider:clk_unit|clk_60Hz ; 16.998 ; 16.998 ; Rise       ; clk_divider:clk_unit|clk_60Hz ;
;  VGA_R[0] ; clk_divider:clk_unit|clk_60Hz ; 16.998 ; 16.998 ; Rise       ; clk_divider:clk_unit|clk_60Hz ;
;  VGA_R[1] ; clk_divider:clk_unit|clk_60Hz ; 16.978 ; 16.978 ; Rise       ; clk_divider:clk_unit|clk_60Hz ;
;  VGA_R[2] ; clk_divider:clk_unit|clk_60Hz ; 16.978 ; 16.978 ; Rise       ; clk_divider:clk_unit|clk_60Hz ;
;  VGA_R[3] ; clk_divider:clk_unit|clk_60Hz ; 16.980 ; 16.980 ; Rise       ; clk_divider:clk_unit|clk_60Hz ;
;  VGA_R[4] ; clk_divider:clk_unit|clk_60Hz ; 16.980 ; 16.980 ; Rise       ; clk_divider:clk_unit|clk_60Hz ;
;  VGA_R[5] ; clk_divider:clk_unit|clk_60Hz ; 16.990 ; 16.990 ; Rise       ; clk_divider:clk_unit|clk_60Hz ;
;  VGA_R[6] ; clk_divider:clk_unit|clk_60Hz ; 16.708 ; 16.708 ; Rise       ; clk_divider:clk_unit|clk_60Hz ;
;  VGA_R[7] ; clk_divider:clk_unit|clk_60Hz ; 16.718 ; 16.718 ; Rise       ; clk_divider:clk_unit|clk_60Hz ;
;  VGA_R[8] ; clk_divider:clk_unit|clk_60Hz ; 16.992 ; 16.992 ; Rise       ; clk_divider:clk_unit|clk_60Hz ;
;  VGA_R[9] ; clk_divider:clk_unit|clk_60Hz ; 16.698 ; 16.698 ; Rise       ; clk_divider:clk_unit|clk_60Hz ;
+-----------+-------------------------------+--------+--------+------------+-------------------------------+


+--------------------------------------------------------------------------------------------------------+
; Minimum Clock to Output Times                                                                          ;
+-----------+-------------------------------+-------+-------+------------+-------------------------------+
; Data Port ; Clock Port                    ; Rise  ; Fall  ; Clock Edge ; Clock Reference               ;
+-----------+-------------------------------+-------+-------+------------+-------------------------------+
; VGA_B[*]  ; clk_divider:clk_unit|clk_25M  ; 4.384 ; 4.384 ; Rise       ; clk_divider:clk_unit|clk_25M  ;
;  VGA_B[0] ; clk_divider:clk_unit|clk_25M  ; 4.712 ; 4.712 ; Rise       ; clk_divider:clk_unit|clk_25M  ;
;  VGA_B[1] ; clk_divider:clk_unit|clk_25M  ; 4.712 ; 4.712 ; Rise       ; clk_divider:clk_unit|clk_25M  ;
;  VGA_B[2] ; clk_divider:clk_unit|clk_25M  ; 4.692 ; 4.692 ; Rise       ; clk_divider:clk_unit|clk_25M  ;
;  VGA_B[3] ; clk_divider:clk_unit|clk_25M  ; 4.682 ; 4.682 ; Rise       ; clk_divider:clk_unit|clk_25M  ;
;  VGA_B[4] ; clk_divider:clk_unit|clk_25M  ; 4.745 ; 4.745 ; Rise       ; clk_divider:clk_unit|clk_25M  ;
;  VGA_B[5] ; clk_divider:clk_unit|clk_25M  ; 4.735 ; 4.735 ; Rise       ; clk_divider:clk_unit|clk_25M  ;
;  VGA_B[6] ; clk_divider:clk_unit|clk_25M  ; 4.586 ; 4.586 ; Rise       ; clk_divider:clk_unit|clk_25M  ;
;  VGA_B[7] ; clk_divider:clk_unit|clk_25M  ; 4.586 ; 4.586 ; Rise       ; clk_divider:clk_unit|clk_25M  ;
;  VGA_B[8] ; clk_divider:clk_unit|clk_25M  ; 4.576 ; 4.576 ; Rise       ; clk_divider:clk_unit|clk_25M  ;
;  VGA_B[9] ; clk_divider:clk_unit|clk_25M  ; 4.384 ; 4.384 ; Rise       ; clk_divider:clk_unit|clk_25M  ;
; VGA_BLANK ; clk_divider:clk_unit|clk_25M  ; 5.288 ; 5.288 ; Rise       ; clk_divider:clk_unit|clk_25M  ;
; VGA_CLK   ; clk_divider:clk_unit|clk_25M  ; 2.874 ;       ; Rise       ; clk_divider:clk_unit|clk_25M  ;
; VGA_G[*]  ; clk_divider:clk_unit|clk_25M  ; 4.706 ; 4.706 ; Rise       ; clk_divider:clk_unit|clk_25M  ;
;  VGA_G[0] ; clk_divider:clk_unit|clk_25M  ; 5.012 ; 5.012 ; Rise       ; clk_divider:clk_unit|clk_25M  ;
;  VGA_G[1] ; clk_divider:clk_unit|clk_25M  ; 5.012 ; 5.012 ; Rise       ; clk_divider:clk_unit|clk_25M  ;
;  VGA_G[2] ; clk_divider:clk_unit|clk_25M  ; 5.002 ; 5.002 ; Rise       ; clk_divider:clk_unit|clk_25M  ;
;  VGA_G[3] ; clk_divider:clk_unit|clk_25M  ; 5.002 ; 5.002 ; Rise       ; clk_divider:clk_unit|clk_25M  ;
;  VGA_G[4] ; clk_divider:clk_unit|clk_25M  ; 5.002 ; 5.002 ; Rise       ; clk_divider:clk_unit|clk_25M  ;
;  VGA_G[5] ; clk_divider:clk_unit|clk_25M  ; 5.002 ; 5.002 ; Rise       ; clk_divider:clk_unit|clk_25M  ;
;  VGA_G[6] ; clk_divider:clk_unit|clk_25M  ; 4.982 ; 4.982 ; Rise       ; clk_divider:clk_unit|clk_25M  ;
;  VGA_G[7] ; clk_divider:clk_unit|clk_25M  ; 5.002 ; 5.002 ; Rise       ; clk_divider:clk_unit|clk_25M  ;
;  VGA_G[8] ; clk_divider:clk_unit|clk_25M  ; 4.706 ; 4.706 ; Rise       ; clk_divider:clk_unit|clk_25M  ;
;  VGA_G[9] ; clk_divider:clk_unit|clk_25M  ; 4.847 ; 4.847 ; Rise       ; clk_divider:clk_unit|clk_25M  ;
; VGA_HS    ; clk_divider:clk_unit|clk_25M  ; 5.522 ; 5.522 ; Rise       ; clk_divider:clk_unit|clk_25M  ;
; VGA_R[*]  ; clk_divider:clk_unit|clk_25M  ; 4.737 ; 4.737 ; Rise       ; clk_divider:clk_unit|clk_25M  ;
;  VGA_R[0] ; clk_divider:clk_unit|clk_25M  ; 4.896 ; 4.896 ; Rise       ; clk_divider:clk_unit|clk_25M  ;
;  VGA_R[1] ; clk_divider:clk_unit|clk_25M  ; 4.876 ; 4.876 ; Rise       ; clk_divider:clk_unit|clk_25M  ;
;  VGA_R[2] ; clk_divider:clk_unit|clk_25M  ; 4.876 ; 4.876 ; Rise       ; clk_divider:clk_unit|clk_25M  ;
;  VGA_R[3] ; clk_divider:clk_unit|clk_25M  ; 4.879 ; 4.879 ; Rise       ; clk_divider:clk_unit|clk_25M  ;
;  VGA_R[4] ; clk_divider:clk_unit|clk_25M  ; 4.879 ; 4.879 ; Rise       ; clk_divider:clk_unit|clk_25M  ;
;  VGA_R[5] ; clk_divider:clk_unit|clk_25M  ; 4.889 ; 4.889 ; Rise       ; clk_divider:clk_unit|clk_25M  ;
;  VGA_R[6] ; clk_divider:clk_unit|clk_25M  ; 4.747 ; 4.747 ; Rise       ; clk_divider:clk_unit|clk_25M  ;
;  VGA_R[7] ; clk_divider:clk_unit|clk_25M  ; 4.757 ; 4.757 ; Rise       ; clk_divider:clk_unit|clk_25M  ;
;  VGA_R[8] ; clk_divider:clk_unit|clk_25M  ; 4.898 ; 4.898 ; Rise       ; clk_divider:clk_unit|clk_25M  ;
;  VGA_R[9] ; clk_divider:clk_unit|clk_25M  ; 4.737 ; 4.737 ; Rise       ; clk_divider:clk_unit|clk_25M  ;
; VGA_VS    ; clk_divider:clk_unit|clk_25M  ; 4.926 ; 4.926 ; Rise       ; clk_divider:clk_unit|clk_25M  ;
; VGA_CLK   ; clk_divider:clk_unit|clk_25M  ;       ; 2.874 ; Fall       ; clk_divider:clk_unit|clk_25M  ;
; HEX0[*]   ; clk_divider:clk_unit|clk_60Hz ; 5.437 ; 5.437 ; Rise       ; clk_divider:clk_unit|clk_60Hz ;
;  HEX0[0]  ; clk_divider:clk_unit|clk_60Hz ; 5.556 ; 5.556 ; Rise       ; clk_divider:clk_unit|clk_60Hz ;
;  HEX0[1]  ; clk_divider:clk_unit|clk_60Hz ; 5.517 ; 5.517 ; Rise       ; clk_divider:clk_unit|clk_60Hz ;
;  HEX0[2]  ; clk_divider:clk_unit|clk_60Hz ; 5.530 ; 5.530 ; Rise       ; clk_divider:clk_unit|clk_60Hz ;
;  HEX0[3]  ; clk_divider:clk_unit|clk_60Hz ; 5.554 ; 5.554 ; Rise       ; clk_divider:clk_unit|clk_60Hz ;
;  HEX0[4]  ; clk_divider:clk_unit|clk_60Hz ; 5.554 ; 5.554 ; Rise       ; clk_divider:clk_unit|clk_60Hz ;
;  HEX0[5]  ; clk_divider:clk_unit|clk_60Hz ; 5.530 ; 5.530 ; Rise       ; clk_divider:clk_unit|clk_60Hz ;
;  HEX0[6]  ; clk_divider:clk_unit|clk_60Hz ; 5.437 ; 5.437 ; Rise       ; clk_divider:clk_unit|clk_60Hz ;
; HEX1[*]   ; clk_divider:clk_unit|clk_60Hz ; 6.014 ; 6.014 ; Rise       ; clk_divider:clk_unit|clk_60Hz ;
;  HEX1[0]  ; clk_divider:clk_unit|clk_60Hz ; 6.270 ; 6.270 ; Rise       ; clk_divider:clk_unit|clk_60Hz ;
;  HEX1[1]  ; clk_divider:clk_unit|clk_60Hz ; 6.270 ; 6.270 ; Rise       ; clk_divider:clk_unit|clk_60Hz ;
;  HEX1[2]  ; clk_divider:clk_unit|clk_60Hz ; 6.041 ; 6.041 ; Rise       ; clk_divider:clk_unit|clk_60Hz ;
;  HEX1[3]  ; clk_divider:clk_unit|clk_60Hz ; 6.014 ; 6.014 ; Rise       ; clk_divider:clk_unit|clk_60Hz ;
;  HEX1[4]  ; clk_divider:clk_unit|clk_60Hz ; 6.056 ; 6.056 ; Rise       ; clk_divider:clk_unit|clk_60Hz ;
;  HEX1[5]  ; clk_divider:clk_unit|clk_60Hz ; 6.146 ; 6.146 ; Rise       ; clk_divider:clk_unit|clk_60Hz ;
;  HEX1[6]  ; clk_divider:clk_unit|clk_60Hz ; 6.170 ; 6.170 ; Rise       ; clk_divider:clk_unit|clk_60Hz ;
; HEX2[*]   ; clk_divider:clk_unit|clk_60Hz ; 6.618 ; 6.618 ; Rise       ; clk_divider:clk_unit|clk_60Hz ;
;  HEX2[0]  ; clk_divider:clk_unit|clk_60Hz ; 6.771 ; 6.771 ; Rise       ; clk_divider:clk_unit|clk_60Hz ;
;  HEX2[1]  ; clk_divider:clk_unit|clk_60Hz ; 6.731 ; 6.731 ; Rise       ; clk_divider:clk_unit|clk_60Hz ;
;  HEX2[2]  ; clk_divider:clk_unit|clk_60Hz ; 6.748 ; 6.748 ; Rise       ; clk_divider:clk_unit|clk_60Hz ;
;  HEX2[3]  ; clk_divider:clk_unit|clk_60Hz ; 6.769 ; 6.769 ; Rise       ; clk_divider:clk_unit|clk_60Hz ;
;  HEX2[4]  ; clk_divider:clk_unit|clk_60Hz ; 6.624 ; 6.624 ; Rise       ; clk_divider:clk_unit|clk_60Hz ;
;  HEX2[5]  ; clk_divider:clk_unit|clk_60Hz ; 6.629 ; 6.629 ; Rise       ; clk_divider:clk_unit|clk_60Hz ;
;  HEX2[6]  ; clk_divider:clk_unit|clk_60Hz ; 6.618 ; 6.618 ; Rise       ; clk_divider:clk_unit|clk_60Hz ;
; HEX3[*]   ; clk_divider:clk_unit|clk_60Hz ; 6.043 ; 6.043 ; Rise       ; clk_divider:clk_unit|clk_60Hz ;
;  HEX3[0]  ; clk_divider:clk_unit|clk_60Hz ; 6.177 ; 6.177 ; Rise       ; clk_divider:clk_unit|clk_60Hz ;
;  HEX3[1]  ; clk_divider:clk_unit|clk_60Hz ; 6.043 ; 6.043 ; Rise       ; clk_divider:clk_unit|clk_60Hz ;
;  HEX3[2]  ; clk_divider:clk_unit|clk_60Hz ; 6.067 ; 6.067 ; Rise       ; clk_divider:clk_unit|clk_60Hz ;
;  HEX3[3]  ; clk_divider:clk_unit|clk_60Hz ; 6.044 ; 6.044 ; Rise       ; clk_divider:clk_unit|clk_60Hz ;
;  HEX3[4]  ; clk_divider:clk_unit|clk_60Hz ; 6.070 ; 6.070 ; Rise       ; clk_divider:clk_unit|clk_60Hz ;
;  HEX3[5]  ; clk_divider:clk_unit|clk_60Hz ; 6.139 ; 6.139 ; Rise       ; clk_divider:clk_unit|clk_60Hz ;
;  HEX3[6]  ; clk_divider:clk_unit|clk_60Hz ; 6.169 ; 6.169 ; Rise       ; clk_divider:clk_unit|clk_60Hz ;
; VGA_B[*]  ; clk_divider:clk_unit|clk_60Hz ; 4.460 ; 4.460 ; Rise       ; clk_divider:clk_unit|clk_60Hz ;
;  VGA_B[0] ; clk_divider:clk_unit|clk_60Hz ; 4.596 ; 4.596 ; Rise       ; clk_divider:clk_unit|clk_60Hz ;
;  VGA_B[1] ; clk_divider:clk_unit|clk_60Hz ; 4.596 ; 4.596 ; Rise       ; clk_divider:clk_unit|clk_60Hz ;
;  VGA_B[2] ; clk_divider:clk_unit|clk_60Hz ; 4.576 ; 4.576 ; Rise       ; clk_divider:clk_unit|clk_60Hz ;
;  VGA_B[3] ; clk_divider:clk_unit|clk_60Hz ; 4.566 ; 4.566 ; Rise       ; clk_divider:clk_unit|clk_60Hz ;
;  VGA_B[4] ; clk_divider:clk_unit|clk_60Hz ; 4.629 ; 4.629 ; Rise       ; clk_divider:clk_unit|clk_60Hz ;
;  VGA_B[5] ; clk_divider:clk_unit|clk_60Hz ; 4.619 ; 4.619 ; Rise       ; clk_divider:clk_unit|clk_60Hz ;
;  VGA_B[6] ; clk_divider:clk_unit|clk_60Hz ; 4.470 ; 4.470 ; Rise       ; clk_divider:clk_unit|clk_60Hz ;
;  VGA_B[7] ; clk_divider:clk_unit|clk_60Hz ; 4.470 ; 4.470 ; Rise       ; clk_divider:clk_unit|clk_60Hz ;
;  VGA_B[8] ; clk_divider:clk_unit|clk_60Hz ; 4.460 ; 4.460 ; Rise       ; clk_divider:clk_unit|clk_60Hz ;
;  VGA_B[9] ; clk_divider:clk_unit|clk_60Hz ; 4.805 ; 4.805 ; Rise       ; clk_divider:clk_unit|clk_60Hz ;
; VGA_G[*]  ; clk_divider:clk_unit|clk_60Hz ; 4.586 ; 4.586 ; Rise       ; clk_divider:clk_unit|clk_60Hz ;
;  VGA_G[0] ; clk_divider:clk_unit|clk_60Hz ; 5.020 ; 5.020 ; Rise       ; clk_divider:clk_unit|clk_60Hz ;
;  VGA_G[1] ; clk_divider:clk_unit|clk_60Hz ; 5.020 ; 5.020 ; Rise       ; clk_divider:clk_unit|clk_60Hz ;
;  VGA_G[2] ; clk_divider:clk_unit|clk_60Hz ; 5.010 ; 5.010 ; Rise       ; clk_divider:clk_unit|clk_60Hz ;
;  VGA_G[3] ; clk_divider:clk_unit|clk_60Hz ; 5.010 ; 5.010 ; Rise       ; clk_divider:clk_unit|clk_60Hz ;
;  VGA_G[4] ; clk_divider:clk_unit|clk_60Hz ; 5.010 ; 5.010 ; Rise       ; clk_divider:clk_unit|clk_60Hz ;
;  VGA_G[5] ; clk_divider:clk_unit|clk_60Hz ; 5.010 ; 5.010 ; Rise       ; clk_divider:clk_unit|clk_60Hz ;
;  VGA_G[6] ; clk_divider:clk_unit|clk_60Hz ; 4.990 ; 4.990 ; Rise       ; clk_divider:clk_unit|clk_60Hz ;
;  VGA_G[7] ; clk_divider:clk_unit|clk_60Hz ; 5.010 ; 5.010 ; Rise       ; clk_divider:clk_unit|clk_60Hz ;
;  VGA_G[8] ; clk_divider:clk_unit|clk_60Hz ; 4.931 ; 4.931 ; Rise       ; clk_divider:clk_unit|clk_60Hz ;
;  VGA_G[9] ; clk_divider:clk_unit|clk_60Hz ; 4.586 ; 4.586 ; Rise       ; clk_divider:clk_unit|clk_60Hz ;
; VGA_R[*]  ; clk_divider:clk_unit|clk_60Hz ; 4.781 ; 4.781 ; Rise       ; clk_divider:clk_unit|clk_60Hz ;
;  VGA_R[0] ; clk_divider:clk_unit|clk_60Hz ; 5.323 ; 5.323 ; Rise       ; clk_divider:clk_unit|clk_60Hz ;
;  VGA_R[1] ; clk_divider:clk_unit|clk_60Hz ; 5.303 ; 5.303 ; Rise       ; clk_divider:clk_unit|clk_60Hz ;
;  VGA_R[2] ; clk_divider:clk_unit|clk_60Hz ; 5.303 ; 5.303 ; Rise       ; clk_divider:clk_unit|clk_60Hz ;
;  VGA_R[3] ; clk_divider:clk_unit|clk_60Hz ; 5.306 ; 5.306 ; Rise       ; clk_divider:clk_unit|clk_60Hz ;
;  VGA_R[4] ; clk_divider:clk_unit|clk_60Hz ; 5.306 ; 5.306 ; Rise       ; clk_divider:clk_unit|clk_60Hz ;
;  VGA_R[5] ; clk_divider:clk_unit|clk_60Hz ; 5.316 ; 5.316 ; Rise       ; clk_divider:clk_unit|clk_60Hz ;
;  VGA_R[6] ; clk_divider:clk_unit|clk_60Hz ; 5.174 ; 5.174 ; Rise       ; clk_divider:clk_unit|clk_60Hz ;
;  VGA_R[7] ; clk_divider:clk_unit|clk_60Hz ; 5.184 ; 5.184 ; Rise       ; clk_divider:clk_unit|clk_60Hz ;
;  VGA_R[8] ; clk_divider:clk_unit|clk_60Hz ; 4.781 ; 4.781 ; Rise       ; clk_divider:clk_unit|clk_60Hz ;
;  VGA_R[9] ; clk_divider:clk_unit|clk_60Hz ; 5.164 ; 5.164 ; Rise       ; clk_divider:clk_unit|clk_60Hz ;
+-----------+-------------------------------+-------+-------+------------+-------------------------------+


+-----------------------------------------------------------------------------------------------------------+
; Setup Transfers                                                                                           ;
+-------------------------------+-------------------------------+----------+----------+----------+----------+
; From Clock                    ; To Clock                      ; RR Paths ; FR Paths ; RF Paths ; FF Paths ;
+-------------------------------+-------------------------------+----------+----------+----------+----------+
; clk_divider:clk_unit|clk_25M  ; clk_divider:clk_unit|clk_25M  ; 280      ; 0        ; 0        ; 0        ;
; clk_divider:clk_unit|clk_60Hz ; clk_divider:clk_unit|clk_60Hz ; 5518027  ; 0        ; 0        ; 0        ;
; clk_divider:clk_unit|clk_25M  ; CLOCK_50                      ; 1        ; 1        ; 0        ; 0        ;
; clk_divider:clk_unit|clk_60Hz ; CLOCK_50                      ; 1        ; 1        ; 0        ; 0        ;
; CLOCK_50                      ; CLOCK_50                      ; 470      ; 0        ; 0        ; 0        ;
+-------------------------------+-------------------------------+----------+----------+----------+----------+
Entries labeled "false path" only account for clock-to-clock false paths and not path-based false paths. As a result, actual path counts may be lower than reported.


+-----------------------------------------------------------------------------------------------------------+
; Hold Transfers                                                                                            ;
+-------------------------------+-------------------------------+----------+----------+----------+----------+
; From Clock                    ; To Clock                      ; RR Paths ; FR Paths ; RF Paths ; FF Paths ;
+-------------------------------+-------------------------------+----------+----------+----------+----------+
; clk_divider:clk_unit|clk_25M  ; clk_divider:clk_unit|clk_25M  ; 280      ; 0        ; 0        ; 0        ;
; clk_divider:clk_unit|clk_60Hz ; clk_divider:clk_unit|clk_60Hz ; 5518027  ; 0        ; 0        ; 0        ;
; clk_divider:clk_unit|clk_25M  ; CLOCK_50                      ; 1        ; 1        ; 0        ; 0        ;
; clk_divider:clk_unit|clk_60Hz ; CLOCK_50                      ; 1        ; 1        ; 0        ; 0        ;
; CLOCK_50                      ; CLOCK_50                      ; 470      ; 0        ; 0        ; 0        ;
+-------------------------------+-------------------------------+----------+----------+----------+----------+
Entries labeled "false path" only account for clock-to-clock false paths and not path-based false paths. As a result, actual path counts may be lower than reported.


---------------
; Report TCCS ;
---------------
No dedicated SERDES Transmitter circuitry present in device or used in design


---------------
; Report RSKM ;
---------------
No dedicated SERDES Receiver circuitry present in device or used in design


+------------------------------------------------+
; Unconstrained Paths                            ;
+---------------------------------+-------+------+
; Property                        ; Setup ; Hold ;
+---------------------------------+-------+------+
; Illegal Clocks                  ; 0     ; 0    ;
; Unconstrained Clocks            ; 0     ; 0    ;
; Unconstrained Input Ports       ; 4     ; 4    ;
; Unconstrained Input Port Paths  ; 260   ; 260  ;
; Unconstrained Output Ports      ; 62    ; 62   ;
; Unconstrained Output Port Paths ; 5621  ; 5621 ;
+---------------------------------+-------+------+


+------------------------------------+
; TimeQuest Timing Analyzer Messages ;
+------------------------------------+
Info: *******************************************************************
Info: Running Quartus II 64-Bit TimeQuest Timing Analyzer
    Info: Version 13.0.1 Build 232 06/12/2013 Service Pack 1 SJ Web Edition
    Info: Processing started: Wed May 13 11:10:00 2026
Info: Command: quartus_sta hdl_project -c hdl_project
Info: qsta_default_script.tcl version: #1
Info (20030): Parallel compilation is enabled and will use 16 of the 16 processors detected
Info (21077): Low junction temperature is 0 degrees C
Info (21077): High junction temperature is 85 degrees C
Critical Warning (332012): Synopsys Design Constraints File file not found: 'hdl_project.sdc'. A Synopsys Design Constraints File is required by the TimeQuest Timing Analyzer to get proper timing constraints. Without it, the Compiler will not properly optimize the design.
Info (332142): No user constrained base clocks found in the design. Calling "derive_clocks -period 1.0"
Info (332105): Deriving Clocks
    Info (332105): create_clock -period 1.000 -name clk_divider:clk_unit|clk_25M clk_divider:clk_unit|clk_25M
    Info (332105): create_clock -period 1.000 -name CLOCK_50 CLOCK_50
    Info (332105): create_clock -period 1.000 -name clk_divider:clk_unit|clk_60Hz clk_divider:clk_unit|clk_60Hz
Info: Found TIMEQUEST_REPORT_SCRIPT_INCLUDE_DEFAULT_ANALYSIS = ON
Info: Analyzing Slow Model
Critical Warning (332148): Timing requirements not met
Info (332146): Worst-case setup slack is -10.355
    Info (332119):     Slack End Point TNS Clock 
    Info (332119): ========= ============= =====================
    Info (332119):   -10.355     -1590.709 clk_divider:clk_unit|clk_60Hz 
    Info (332119):    -2.397       -38.771 CLOCK_50 
    Info (332119):    -1.608       -24.912 clk_divider:clk_unit|clk_25M 
Info (332146): Worst-case hold slack is -2.538
    Info (332119):     Slack End Point TNS Clock 
    Info (332119): ========= ============= =====================
    Info (332119):    -2.538        -5.076 CLOCK_50 
    Info (332119):     0.391         0.000 clk_divider:clk_unit|clk_60Hz 
    Info (332119):     0.813         0.000 clk_divider:clk_unit|clk_25M 
Info (332140): No Recovery paths to report
Info (332140): No Removal paths to report
Info (332146): Worst-case minimum pulse width slack is -1.380
    Info (332119):     Slack End Point TNS Clock 
    Info (332119): ========= ============= =====================
    Info (332119):    -1.380       -23.380 CLOCK_50 
    Info (332119):    -0.500      -189.000 clk_divider:clk_unit|clk_60Hz 
    Info (332119):    -0.500       -20.000 clk_divider:clk_unit|clk_25M 
Info (332001): The selected device family is not supported by the report_metastability command.
Info: Analyzing Fast Model
Critical Warning (332148): Timing requirements not met
Info (332146): Worst-case setup slack is -4.036
    Info (332119):     Slack End Point TNS Clock 
    Info (332119): ========= ============= =====================
    Info (332119):    -4.036      -601.211 clk_divider:clk_unit|clk_60Hz 
    Info (332119):    -0.616        -7.301 CLOCK_50 
    Info (332119):    -0.275        -3.111 clk_divider:clk_unit|clk_25M 
Info (332146): Worst-case hold slack is -1.581
    Info (332119):     Slack End Point TNS Clock 
    Info (332119): ========= ============= =====================
    Info (332119):    -1.581        -3.162 CLOCK_50 
    Info (332119):     0.215         0.000 clk_divider:clk_unit|clk_60Hz 
    Info (332119):     0.365         0.000 clk_divider:clk_unit|clk_25M 
Info (332140): No Recovery paths to report
Info (332140): No Removal paths to report
Info (332146): Worst-case minimum pulse width slack is -1.380
    Info (332119):     Slack End Point TNS Clock 
    Info (332119): ========= ============= =====================
    Info (332119):    -1.380       -23.380 CLOCK_50 
    Info (332119):    -0.500      -189.000 clk_divider:clk_unit|clk_60Hz 
    Info (332119):    -0.500       -20.000 clk_divider:clk_unit|clk_25M 
Info (332001): The selected device family is not supported by the report_metastability command.
Info (332102): Design is not fully constrained for setup requirements
Info (332102): Design is not fully constrained for hold requirements
Info: Quartus II 64-Bit TimeQuest Timing Analyzer was successful. 0 errors, 3 warnings
    Info: Peak virtual memory: 4664 megabytes
    Info: Processing ended: Wed May 13 11:10:02 2026
    Info: Elapsed time: 00:00:02
    Info: Total CPU time (on all processors): 00:00:02


